,interval,mean_percent,upper_hpd_log_95,lower_hpd_log_95,upper_hpd_log_50,lower_hpd_log_50,days,date
0,0,0.5193746251604481,0.7709975780194628,0.2693444573813762,0.569362959307225,0.39515222270054834,0,2022-03-06
0,1,0.4288224397121655,0.5776127787413622,0.26726534206091224,0.46535103571712855,0.35509311111323755,1,2022-03-05
0,2,0.44496532011801077,0.6107973741507738,0.26677657801643334,0.4922438973684768,0.371349801206241,2,2022-03-04
0,3,0.41001140095910193,0.5659704017080519,0.24822585184490883,0.4584449406629516,0.34908711437155593,3,2022-03-03
0,4,0.39301124766946327,0.5411361647521511,0.2358997766188392,0.4413331836883698,0.3363132377615959,4,2022-03-02
0,5,0.36735561780438036,0.5040950281026005,0.2343086319802001,0.40257569071816585,0.3113366954176377,5,2022-03-01
0,6,0.35711099713074773,0.4935360396238249,0.23723961588986167,0.39995312366748,0.3142210796689507,6,2022-02-28
0,7,0.34199118169659914,0.4857880556220119,0.2121959461196872,0.3680561350743731,0.28172327667670716,7,2022-02-27
0,8,0.3516177851379844,0.48472289031190285,0.22996967864306786,0.38632306317915444,0.3013321842373364,8,2022-02-26
0,9,0.33876782225118623,0.48153340873719974,0.216793940470822,0.3620795125000649,0.27467695596433733,9,2022-02-25
0,10,0.330721094706679,0.47108219419704955,0.19681790971025018,0.355323742074733,0.266810806880204,10,2022-02-24
0,11,0.33370234215357186,0.505389068397268,0.19280709027597118,0.35001864326739673,0.2574964478965936,11,2022-02-23
0,12,0.3481133797217648,0.5546845040934395,0.19808349681409684,0.35914379736077917,0.2653648252351692,12,2022-02-22
0,13,0.3806330088910732,0.5953161740000068,0.21653237934564062,0.39017546929045394,0.29422108045066975,13,2022-02-21
0,14,0.3672655347412066,0.6146475699663222,0.19832402325817014,0.3673004790260886,0.29328144665858263,14,2022-02-20
0,15,0.3925209654475587,0.6531362633361404,0.22089217598213004,0.39074371839067656,0.313675367914151,15,2022-02-19
0,16,0.406578618197783,0.6710972266075138,0.2062444888268509,0.4019663066775466,0.3219050327006088,16,2022-02-18
0,17,0.4357654203017049,0.7156520634159587,0.2456118596564695,0.4390193803519179,0.35388853071284243,17,2022-02-17
0,18,0.473919183760662,0.6763337007193155,0.29456694303995085,0.500724431143651,0.4017314361875238,18,2022-02-16
0,19,0.5204943876456698,0.7190362109904157,0.33485057970067583,0.5566855161067619,0.4443687096494737,19,2022-02-15
0,20,0.5467549774232991,0.7344695595616612,0.35680051750162317,0.5886542782324126,0.46963116330822796,20,2022-02-14
0,21,0.5823614034753188,0.7982037371583719,0.3500784727491244,0.626867050536733,0.49293207490629715,21,2022-02-13
0,22,0.6022872552088105,0.8283828355809343,0.35554956187397796,0.6541714467431343,0.5067471124512946,22,2022-02-12
0,23,0.6279636881702418,0.9024599896849032,0.35414990146189673,0.6950197465236458,0.5201189853043159,23,2022-02-11
0,24,0.6572755644110049,0.9315946041060665,0.346492211307748,0.7022082303538445,0.5117235064541518,24,2022-02-10
0,25,0.577534925210703,0.7969834404412734,0.3592272784752657,0.6132648962352404,0.4708114624794744,25,2022-02-09
0,26,0.5453335394283227,0.7428025659305297,0.35206071570563546,0.5816997889306594,0.459588644372429,26,2022-02-08
0,27,0.48732586124635124,0.6469454676106153,0.3352948889084122,0.5159216348674222,0.41506306497520784,27,2022-02-07
0,28,0.4853070593855524,0.645525532585659,0.32436713947414614,0.5145400431482884,0.4135433146564648,28,2022-02-06
0,29,0.46036185301132754,0.6064882979824849,0.30730804464810846,0.4882072593470455,0.39294768129115726,29,2022-02-05
0,30,0.42708709430077024,0.5598243288582484,0.29641179430693837,0.45506290779549735,0.3718203233521204,30,2022-02-04
0,31,0.4115313472127103,0.5493071178488513,0.2975709704081589,0.43831418485412754,0.35934732411455284,31,2022-02-03
0,32,0.3800063098678783,0.47651976695921333,0.28426759856431205,0.4049888084400666,0.34278756431261526,32,2022-02-02
0,33,0.3560019083378684,0.43756296342360623,0.2692829361072097,0.38128447147379335,0.32413395592879196,33,2022-02-01
0,34,0.32871220240897336,0.40366188451641466,0.25061601254826443,0.3531999479020459,0.3008365629382863,34,2022-01-31
0,35,0.31939527819602453,0.3981869494504418,0.2397007076621783,0.3514941114283253,0.29677172936616275,35,2022-01-30
0,36,0.3008656035896158,0.372515907185414,0.21998349098825862,0.3289529789015829,0.2763125417177168,36,2022-01-29
0,37,0.2925633838064138,0.3687008943576491,0.2120434560654504,0.3205374934846415,0.2663563089529337,37,2022-01-28
0,38,0.27856099545141805,0.35893929470950775,0.201898770787942,0.3041649951921231,0.25023136218799386,38,2022-01-27
0,39,0.2785524695668493,0.3539481393656981,0.19918601153952675,0.30514582603304685,0.2517550202690919,39,2022-01-26
0,40,0.2659071192044488,0.33718854853429164,0.18949852163834918,0.29160311676377393,0.24073467258768466,40,2022-01-25
0,41,0.2588343854138129,0.3305956366531027,0.18755037945225073,0.2834543101940029,0.23432269270566278,41,2022-01-24
0,42,0.29228234458414865,0.36315193903823195,0.21675502485233725,0.315771328287872,0.26573834121335904,42,2022-01-23
0,43,0.2971483529545549,0.36947277384490473,0.22167459178489704,0.3213799632360796,0.2707558232488504,43,2022-01-22
0,44,0.2970996310109486,0.37223453754925384,0.2224622769082529,0.32022808842049594,0.2684471755029288,44,2022-01-21
0,45,0.2878961761635076,0.36154982101546557,0.21607829354153027,0.3082523671744476,0.25764837220537046,45,2022-01-20
0,46,0.2889135382714507,0.3630711398176439,0.21437850737822453,0.31225036211327867,0.259968560217926,46,2022-01-19
0,47,0.2809918915474597,0.35161698690606985,0.20977710763289475,0.3027896329575657,0.25320984397663127,47,2022-01-18
0,48,0.2775185229352182,0.34412976817446983,0.2062311178130446,0.29689387244148246,0.24842705320978134,48,2022-01-17
0,49,0.2688840027860906,0.3380752597200826,0.20373232592020005,0.2873292537472023,0.2399339334722806,49,2022-01-16
0,50,0.2676860510854729,0.3380994323565182,0.20212254608900962,0.2888319614258671,0.24016266999537325,50,2022-01-15
0,51,0.25723569587467926,0.32498473975333037,0.19205050228010745,0.2772550181786016,0.2296641164386576,51,2022-01-14
0,52,0.2506877179859803,0.3183645298238584,0.1886177082464765,0.2703232048242467,0.22385567853135235,52,2022-01-13
0,53,0.2406856117932037,0.306430454011281,0.17909313619925243,0.25883663428468057,0.21326400805121057,53,2022-01-12
0,54,0.24007779590958006,0.3051786100110123,0.17960870826368594,0.25735200878389125,0.21231801209398304,54,2022-01-11
0,55,0.23666790370184362,0.3016027498389092,0.17424412590451416,0.25487163926047285,0.2091558320620415,55,2022-01-10
0,56,0.26623448821714196,0.31890374121686765,0.20947570806083374,0.2859880878750535,0.2487186958825017,56,2022-01-09
0,57,0.2584429675963967,0.3115135640925762,0.2023075542956234,0.27960855141133883,0.24279075314933898,57,2022-01-08
0,58,0.24875211355446977,0.29773598779134025,0.1909928911262953,0.26927557579508155,0.23335138515504633,58,2022-01-07
0,59,0.24374990682530967,0.2946586299957128,0.18950746627846443,0.2591381498228042,0.2237270013037291,59,2022-01-06
0,60,0.23604427611644738,0.2877402540470869,0.1873544558005166,0.2509190824934151,0.2165508322841598,60,2022-01-05
0,61,0.23451158187065385,0.2868965007274075,0.185485411230448,0.2505004784075486,0.21639448985464926,61,2022-01-04
0,62,0.22785717279899073,0.28668964788003587,0.17782976345378607,0.24426940644210093,0.20908488831136926,62,2022-01-03
0,63,0.2274303023617888,0.28319196791824014,0.17452299976687596,0.24561619799973483,0.21042364523943263,63,2022-01-02
0,64,0.2223650151116405,0.2766579819511481,0.16708783921464584,0.24029447174935634,0.20488868745302416,64,2022-01-01
0,65,0.21916872425594763,0.27579822270914955,0.1629199065615545,0.23733662635285793,0.20142961482163516,65,2021-12-31
0,66,0.21721639039156262,0.2748857626260476,0.15880015790688606,0.23377765144860652,0.19727582768224186,66,2021-12-30
0,67,0.22187172673159264,0.2784065133110937,0.16468199712868536,0.2401858203076271,0.2040122700491832,67,2021-12-29
0,68,0.22253556323976506,0.2798472901025984,0.16694180738749795,0.23987382020210546,0.20365464313340656,68,2021-12-28
0,69,0.22777378519992084,0.2840639613010761,0.16584842996269675,0.2448142688249787,0.20755436712463546,69,2021-12-27
0,70,0.2083435923261486,0.2571012325562974,0.1662818908231678,0.22102170981937921,0.1913433187833531,70,2021-12-26
0,71,0.21325309937878797,0.2594739693564431,0.16758483233247448,0.2282415378985536,0.1980897046483427,71,2021-12-25
0,72,0.2235992390207328,0.27364262577653126,0.17675709341702484,0.23831331691749455,0.20712247152541546,72,2021-12-24
0,73,0.23275589399081276,0.28783211766762345,0.18382164190678316,0.2449662742851783,0.2116583634808627,73,2021-12-23
0,74,0.238138486002718,0.29136094094461434,0.18486333790665885,0.2538217271927784,0.21889258584343357,74,2021-12-22
0,75,0.2404967655000184,0.29806983513869667,0.18767972214042614,0.25969311309110027,0.22295822358121417,75,2021-12-21
0,76,0.2588994573059003,0.32017577491638716,0.1987916112578592,0.281270952480026,0.24115615888779945,76,2021-12-20
0,77,0.2583774338412367,0.3194039454633075,0.199559596405546,0.2764768225637804,0.23660481190631005,77,2021-12-19
0,78,0.2632324195758556,0.32373467496913677,0.20245653402165378,0.28424187473119283,0.2435993111117367,78,2021-12-18
0,79,0.2767100588762071,0.33861559421836096,0.21034337123439112,0.2982899918947321,0.2554134367552535,79,2021-12-17
0,80,0.29087548792835166,0.35606160073166193,0.21854012912458123,0.3177405621320699,0.27140612494279914,80,2021-12-16
0,81,0.2902692374563489,0.3591726676307543,0.22310293429567424,0.31564355119055393,0.26927373419249057,81,2021-12-15
0,82,0.28390369967480333,0.34950552050575806,0.215563210623932,0.3084321487069802,0.26281982514313385,82,2021-12-14
0,83,0.2710325205812994,0.3321493928269535,0.20364262090983115,0.2916288708136244,0.24856888059590537,83,2021-12-13
0,84,0.27518913407660484,0.3437404776069353,0.2133044607400619,0.2932743820281154,0.2503735105205483,84,2021-12-12
0,85,0.28849408267235677,0.3678151843314752,0.21491305898887597,0.3107213939980921,0.262628297732381,85,2021-12-11
0,86,0.2892841792758063,0.3622145574978419,0.22025792980570397,0.3131694691746049,0.26720227195782864,86,2021-12-10
0,87,0.2947606505794006,0.37388621576773096,0.22587661308624804,0.31765231237855274,0.2697363142544839,87,2021-12-09
0,88,0.3018672575464802,0.3821384615556436,0.2238207159924361,0.3244679079156751,0.27433231770452515,88,2021-12-08
0,89,0.3014013193583198,0.37069698358229625,0.2281464566210169,0.32284674087754833,0.2762968790470467,89,2021-12-07
0,90,0.29425507916564153,0.3605339833442236,0.22881800783623507,0.31308637595055955,0.2689627212667394,90,2021-12-06
0,91,0.29280902719413743,0.36057182956963674,0.23032615771468598,0.313746827286076,0.2699382703105936,91,2021-12-05
0,92,0.2840941283524293,0.3504848987633269,0.22077350740774976,0.30294203517174273,0.2585849275071513,92,2021-12-04
0,93,0.30182491251152643,0.37156309424847145,0.23598824539437296,0.3205278111390174,0.27397893803568235,93,2021-12-03
0,94,0.303168944256799,0.37533999170892024,0.23492558310820147,0.3241858275344808,0.27584520131605983,94,2021-12-02
0,95,0.30335792955134333,0.38481976375806315,0.23322901895340434,0.32239549900308573,0.2720109498736653,95,2021-12-01
0,96,0.32585721408851454,0.4009441888651238,0.2564107803099277,0.34356653848220997,0.29495495512610415,96,2021-11-30
0,97,0.3429822348457317,0.42970583018244396,0.2622653614391322,0.36375820371988926,0.3097065168277123,97,2021-11-29
0,98,0.353707420691068,0.47937674268121894,0.25576234787262436,0.37135946890858085,0.307303657126086,98,2021-11-28
0,99,0.34876598016100774,0.5175170387111306,0.23451131102033831,0.354482160212832,0.28901991683255723,99,2021-11-27
0,100,0.38695435859994703,0.48884719229846746,0.2984752786019762,0.4094216194918537,0.3476082142819177,100,2021-11-26
0,101,0.39195105958679133,0.48853671211777117,0.3038246606571606,0.417097300903055,0.3564836875795253,101,2021-11-25
0,102,0.40769399102727283,0.5097832758541088,0.3103763304000587,0.4388215344728152,0.37175178874497694,102,2021-11-24
0,103,0.39998939490536767,0.4986279577966917,0.3128926363631071,0.4249752399826831,0.3629177624421963,103,2021-11-23
0,104,0.46120661803211027,0.6301705607050796,0.3060399099427501,0.4953689951590122,0.4004550034797899,104,2021-11-22
0,105,0.4816448210156233,0.6661714668709762,0.29777917472927795,0.5216873340283061,0.41634495457372483,105,2021-11-21
0,106,0.546061609915745,0.8144601640261656,0.2889567840281391,0.6055543079771856,0.4566319334741478,106,2021-11-20
0,107,0.4490124568267285,0.6070719228756567,0.2795760256024648,0.4904665372259597,0.3998557336553241,107,2021-11-19
0,108,0.40855600323421437,0.5148319458927405,0.27818578889332485,0.44191695924490737,0.3730289527415645,108,2021-11-18
0,109,0.388077977409814,0.49045987455917317,0.28687618106365054,0.41857039326251316,0.35596086703752733,109,2021-11-17
0,110,0.3780870050849963,0.47302846148322936,0.28168177403783545,0.4097956298984732,0.34795353083446817,110,2021-11-16
0,111,0.34420525794166934,0.45013230818672295,0.2439497866565523,0.3643390155877851,0.29722024680384757,111,2021-11-15
0,112,0.308372134059784,0.40507335570258746,0.21644229949734833,0.3262090687206618,0.2654128609735244,112,2021-11-14
0,113,0.30596881095876205,0.4134342662050964,0.1976389631491989,0.32551845643922406,0.2598148385408841,113,2021-11-13
0,114,0.27781339155587254,0.3776950897389901,0.19330360525421736,0.29088751326492673,0.2308444013549687,114,2021-11-12
0,115,0.27845469489010977,0.3716588565417977,0.19381194803630564,0.2989594919540684,0.2403369101283102,115,2021-11-11
0,116,0.2788100951457101,0.370417265474015,0.19559189736326713,0.2992980280698673,0.24133513116812666,116,2021-11-10
0,117,0.28003624303522623,0.37011322676947606,0.19737087494613778,0.30124029179945877,0.24373093376765986,117,2021-11-09
0,118,0.2643063185687099,0.3660814241597906,0.17926411116593888,0.2825003212494824,0.22161112919640524,118,2021-11-08
0,119,0.26369107050284385,0.3696292603742971,0.1733847481706644,0.2813483744822138,0.21808037009717143,119,2021-11-07
0,120,0.2529393456875973,0.37334979976608407,0.15471772898329247,0.26071025427174105,0.1953294668443732,120,2021-11-06
0,121,0.2631365743987223,0.3742767200123268,0.1663346201137389,0.2758736978871302,0.21210726431805674,121,2021-11-05
0,122,0.27231613616743594,0.37517861053087515,0.17953675678470066,0.28800508011133497,0.2257533797794067,122,2021-11-04
0,123,0.27376368967075104,0.36935800976423483,0.19215049727018502,0.29297405717178615,0.23428035710004325,123,2021-11-03
0,124,0.2791013337313143,0.37259653303473017,0.19759025808540528,0.2973153640734257,0.2394347680155104,124,2021-11-02
0,125,0.30360873550959183,0.3887331751857642,0.22266413446329555,0.3258016319650515,0.26981443733415494,125,2021-11-01
0,126,0.29084039189140737,0.374583847826111,0.21459760084128884,0.3168103014340057,0.26376572413689664,126,2021-10-31
0,127,0.30683048972029714,0.39952989365000613,0.22242033255812035,0.3379984609322761,0.2799368518686078,127,2021-10-30
0,128,0.31033539896640416,0.4034040701631185,0.21758893337522558,0.33856031268645026,0.27733064003472396,128,2021-10-29
0,129,0.3060217520984257,0.3966656271680915,0.21518702139047802,0.33327753421214495,0.2734715210316334,129,2021-10-28
0,130,0.28478906843608276,0.3647679094208072,0.21423832075514565,0.30491786283204847,0.2545737419466524,130,2021-10-27
0,131,0.2852792197888263,0.36717870620534354,0.21349368704432076,0.3090503935112886,0.2577300470579735,131,2021-10-26
0,132,0.27146114780395186,0.34880347369791215,0.19802866239013941,0.29589006560696535,0.24465710343655486,132,2021-10-25
0,133,0.25681513119531746,0.333475583298907,0.18549652327547186,0.2779607046077703,0.22597093562735995,133,2021-10-24
0,134,0.26480473344881406,0.3501461755243578,0.18969838830401764,0.2827323460173308,0.22796388910344942,134,2021-10-23
0,135,0.25650223729658184,0.33790729483091336,0.18157624211522738,0.27490405905183785,0.22161960802844033,135,2021-10-22
0,136,0.2531541355756563,0.33684230651646246,0.18193482844841863,0.2726752902639424,0.21949418522747643,136,2021-10-21
0,137,0.26538907759327207,0.3428487179722903,0.18999043719481584,0.290220244550647,0.23783733086423253,137,2021-10-20
0,138,0.259428140727547,0.3389971177868024,0.1838765074936186,0.27825494156184644,0.2246716050890296,138,2021-10-19
0,139,0.25144071330503365,0.3291313545029229,0.1781817880365941,0.2758055352103823,0.22348668767635987,139,2021-10-18
0,140,0.22908349404045525,0.2989102545501142,0.15878629776530262,0.25015333862303946,0.2026653660460016,140,2021-10-17
0,141,0.20581138473679833,0.2819730915771697,0.13720077107000464,0.2242459652750589,0.17538525743577787,141,2021-10-16
0,142,0.21410569029810186,0.2873825142294977,0.14598229020186,0.2321889704978259,0.184439660795876,142,2021-10-15
0,143,0.21572340549833857,0.28451533012362284,0.1497995703348094,0.23558649582024116,0.18986849031358716,143,2021-10-14
0,144,0.21490060782505277,0.28256784683165653,0.14631481810605665,0.23308774249335773,0.18740747955083495,144,2021-10-13
0,145,0.21005391134288723,0.28308717775625364,0.1457785371409227,0.22861718829816446,0.18235247590529852,145,2021-10-12
0,146,0.22165108468335212,0.28628196338964684,0.15403333124531718,0.24407876478865057,0.199047137413549,146,2021-10-11
0,147,0.2419576758752622,0.3100300130227065,0.1734056321986133,0.266300721008998,0.21925627353119315,147,2021-10-10
0,148,0.2409098068612031,0.315009394294363,0.1750626840640834,0.2575664241469116,0.21021352016549796,148,2021-10-09
0,149,0.24880462443469792,0.32354359331807947,0.1772162076912042,0.27442734074410347,0.22450580688490065,149,2021-10-08
0,150,0.2344130560480844,0.30995228282610554,0.16056724721051954,0.2561694231487889,0.20405709703624075,150,2021-10-07
0,151,0.24076273389842157,0.3290060787735674,0.15906851830780652,0.26022899761856855,0.20257580524694144,151,2021-10-06
0,152,0.24478917427827834,0.3419691670448951,0.15607907605739113,0.26092723499049664,0.19858379032207324,152,2021-10-05
0,153,0.24930771515722122,0.3478994551929813,0.1621026299006525,0.2713252772560048,0.20777352612138367,153,2021-10-04
0,154,0.21670133478008546,0.3015958357908187,0.1412750994301966,0.23060986497538538,0.17493298261271717,154,2021-10-03
0,155,0.23307957019242997,0.3171828556011676,0.15502069573164048,0.24993381691875854,0.19368539771851498,155,2021-10-02
0,156,0.22623111580164013,0.3133488034864829,0.15040735278453365,0.24156398374575236,0.18474790208607553,156,2021-10-01
0,157,0.2416566224299651,0.3330257315473144,0.1576008690734945,0.26121989491113545,0.20155492913802808,157,2021-09-30
0,158,0.2568036342417078,0.35153584123071896,0.17309082829328093,0.2767440080286897,0.2160304765762235,158,2021-09-29
0,159,0.26267697955634306,0.35967144829842473,0.17939354713941125,0.28266500739971817,0.2213704659048094,159,2021-09-28
0,160,0.2611092012156851,0.35716098232151106,0.17967304588044566,0.279587502895874,0.21954012181419696,160,2021-09-27
0,161,0.24972229465611484,0.3392773129584382,0.16539913036408016,0.2702202619173728,0.21113203753389753,161,2021-09-26
0,162,0.2489618803075929,0.33507735249063747,0.16795186188702954,0.26981245262696785,0.21298851535992439,162,2021-09-25
0,163,0.25260496693565304,0.34529819045566773,0.17410682433312547,0.27238730091362795,0.2149742777778966,163,2021-09-24
0,164,0.26934324710142166,0.36066459313634947,0.17477848727281814,0.2906665933436379,0.22877447383039945,164,2021-09-23
0,165,0.2534409987258189,0.34181604409811245,0.16858618301774295,0.27393731411826744,0.21589292700971968,165,2021-09-22
0,166,0.25625823104292317,0.34834037382718075,0.17045143251981937,0.27800087854416233,0.2182969138735845,166,2021-09-21
0,167,0.25391371790065675,0.34915725450280893,0.17197323092966846,0.2759039169054362,0.216543241285878,167,2021-09-20
0,168,0.2708454920926582,0.3742712921848078,0.18113830732956956,0.2948686843178832,0.230946753916736,168,2021-09-19
0,169,0.2620916511326083,0.3562223841328199,0.17426138610917172,0.2859104121977098,0.22579059197248957,169,2021-09-18
0,170,0.2755140858524755,0.37719757705303464,0.18884472593119742,0.29612766283368386,0.23317313707638168,170,2021-09-17
0,171,0.2488388143707897,0.34050559700174926,0.17159706029704333,0.26546064002908126,0.20822811441873101,171,2021-09-16
0,172,0.24583341948423318,0.3293966056766661,0.1654463697530098,0.26583915797567975,0.20976498664061285,172,2021-09-15
0,173,0.24001165208127345,0.32280715742845073,0.1605341738419491,0.26291549003720854,0.2076546476104212,173,2021-09-14
0,174,0.23612819093568696,0.32170122471807755,0.1563352806277695,0.26028380012036517,0.2032326943052152,174,2021-09-13
0,175,0.231031182092357,0.31569249088329243,0.1501290878599051,0.25202390236717725,0.1953532640582982,175,2021-09-12
0,176,0.2332884216430418,0.31720983659753194,0.15284175448828877,0.25468919222453,0.19801585509553996,176,2021-09-11
0,177,0.23991030744916986,0.32708259377206117,0.15250227535730596,0.25930003070996344,0.20162730890190686,177,2021-09-10
0,178,0.24232706563434475,0.3296044813124002,0.1618600136364408,0.2636727965097179,0.20711415583641393,178,2021-09-09
0,179,0.23886246870403455,0.3238568395726699,0.1607434600543185,0.2582906258408649,0.20321776553346693,179,2021-09-08
0,180,0.23920994319217628,0.320096640197642,0.16068377476072715,0.25750768049039874,0.20353866755182434,180,2021-09-07
0,181,0.2474717526146536,0.335135263175315,0.16394543445798582,0.26890547893800604,0.21191051675350053,181,2021-09-06
0,182,0.2869748497503559,0.37659356279057504,0.19596631176982363,0.3062052767910764,0.24490024103307848,182,2021-09-05
0,183,0.2830485583863248,0.3707608808653643,0.1932160810840155,0.30364826351900126,0.2434520899057217,183,2021-09-04
0,184,0.25577889862385966,0.3387653282721751,0.18084128113981418,0.26940095946694737,0.21640103261224025,184,2021-09-03
0,185,0.2627057029441208,0.3448491430444923,0.1881843457232925,0.2782842547680217,0.2254794579381949,185,2021-09-02
0,186,0.25832836566600337,0.33493508610512146,0.18092013347171712,0.27897547365931924,0.22714510297905413,186,2021-09-01
0,187,0.2637913270397338,0.3482414282042698,0.1809824700230423,0.28916284493740485,0.2325830391115964,187,2021-08-31
0,188,0.2472974088786554,0.32992442554276563,0.1668758309915355,0.2697850470206495,0.21372061429139125,188,2021-08-30
0,189,0.24019102183071397,0.32343373393982183,0.15948814565225047,0.2645222589957856,0.207440143578903,189,2021-08-29
0,190,0.2359277031053916,0.3248738205791752,0.15688841822264518,0.25724940507498806,0.198949022975361,190,2021-08-28
0,191,0.2366221703277131,0.3261472402505417,0.15681450203852787,0.2555898535342614,0.1968462515055302,191,2021-08-27
0,192,0.2319805074009525,0.31757723273643246,0.14869766596909212,0.2522088127751365,0.1936202870123104,192,2021-08-26
0,193,0.23403706558955784,0.32015379075225087,0.14936163684398365,0.2588914529068203,0.19959365917293334,193,2021-08-25
0,194,0.2258775557472041,0.3131796448466655,0.1493094669604191,0.24691310836142535,0.19006834821778026,194,2021-08-24
0,195,0.22048410526716855,0.30125475194918605,0.14367841801886325,0.23977564320104092,0.18472566410515523,195,2021-08-23
0,196,0.26649391000574496,0.3474026891777221,0.19179150751928786,0.28953776572537704,0.23424070198912825,196,2021-08-22
0,197,0.27432458962460815,0.35809178421369176,0.19493329967489134,0.2997395190478348,0.2423749200654974,197,2021-08-21
0,198,0.2719958951311633,0.35973471701096316,0.1875712519221169,0.29473996115440093,0.23512010687996135,198,2021-08-20
0,199,0.25697419883609596,0.33908137493767626,0.18003571541307845,0.27919464542681854,0.22409253953483993,199,2021-08-19
0,200,0.25562953682273293,0.33601623464012814,0.17905192010790164,0.2765515465478793,0.22215445527200622,200,2021-08-18
0,201,0.2564161387360853,0.33809214585427444,0.17867003286649066,0.2797669721736442,0.22434689140840094,201,2021-08-17
0,202,0.2632483823913521,0.3466929697553928,0.1782797486708655,0.2862055033627742,0.22833245660983054,202,2021-08-16
0,203,0.2550196037864605,0.3403448381159985,0.1784979438651628,0.27713054415296173,0.22152678769552347,203,2021-08-15
0,204,0.2477366231728816,0.3319576225381954,0.172068018580029,0.2710839989975691,0.21624606329482732,204,2021-08-14
0,205,0.22971272636629209,0.3028761844611327,0.15942685479818428,0.2521542148139965,0.20216727263109174,205,2021-08-13
0,206,0.2293980764859005,0.3051992501729033,0.16472185463116348,0.2506552123597055,0.20114149393823555,206,2021-08-12
0,207,0.22650129061337307,0.3010264245843321,0.15721885576686898,0.2427673261809593,0.19306672633180505,207,2021-08-11
0,208,0.22288990977152873,0.29954432523925023,0.15144958785187973,0.23865579534094308,0.18764548133949138,208,2021-08-10
0,209,0.2180871537449917,0.2914199305034541,0.14600507048870562,0.2356235580263534,0.18546755560719405,209,2021-08-09
0,210,0.2507666666934382,0.32349348609393336,0.18245288333362342,0.2687872195650829,0.22226951887869967,210,2021-08-08
0,211,0.2408849010258771,0.30852614054192024,0.17220263808994518,0.25711308714273157,0.2119587626647802,211,2021-08-07
0,212,0.24851879713782601,0.3191906600304904,0.18603186100598246,0.2655745788287589,0.22119117166072658,212,2021-08-06
0,213,0.2571300448476109,0.32917040296629,0.19183049272729108,0.2759546143327478,0.23106547235456293,213,2021-08-05
0,214,0.24019677889611382,0.31046632714321126,0.1770321321447943,0.2559475876036909,0.21108629736377668,214,2021-08-04
0,215,0.2287947346722488,0.29983807763021625,0.16569716722484623,0.24550543389288393,0.19926831533625863,215,2021-08-03
0,216,0.22784570450453423,0.29973856903679374,0.1616711422805397,0.25051090047684066,0.20262172482119895,216,2021-08-02
0,217,0.23552796496604195,0.30739018490736636,0.17419276722368712,0.2533470917877706,0.20742241045739196,217,2021-08-01
0,218,0.23816119350851866,0.30793466135837966,0.1724786275518564,0.25567692034508305,0.20919744590082653,218,2021-07-31
0,219,0.24788846726300995,0.31911787282637893,0.1842966296698773,0.2630634612819835,0.2171958784522892,219,2021-07-30
0,220,0.24493702019408217,0.31566614194692577,0.1786360564099128,0.2629835674353928,0.21550466636815577,220,2021-07-29
0,221,0.2499628657870545,0.3255425121324544,0.17663151216012096,0.2684981150708954,0.21806079621626281,221,2021-07-28
0,222,0.254663320330074,0.33241486105043855,0.18447032150538747,0.27055884610789216,0.22040803568222633,222,2021-07-27
0,223,0.2603041071985376,0.3349081821397463,0.1926381387017709,0.2762622995644889,0.2278958247222915,223,2021-07-26
0,224,0.2746036178229089,0.348517570389802,0.20890456828998036,0.2935042063382679,0.246097139092516,224,2021-07-25
0,225,0.27948766771773814,0.3548275450956907,0.2156168378870608,0.3003113258702825,0.2529943724570906,225,2021-07-24
0,226,0.27893249610000687,0.3440119198796371,0.20718784270957075,0.2949410992842474,0.24818993609836731,226,2021-07-23
0,227,0.28068739093739437,0.34503402866702554,0.20831659844003958,0.2955854710411261,0.24838604400978245,227,2021-07-22
0,228,0.3011165034480909,0.3824697501812625,0.22089032815428802,0.3248053963427298,0.26998486004614597,228,2021-07-21
0,229,0.30878550286799195,0.38916979098860327,0.23361861782999566,0.3294590493787677,0.2769902802370279,229,2021-07-20
0,230,0.3042016178412659,0.38355542223113753,0.23043550353158335,0.32349814954951217,0.2720719032171783,230,2021-07-19
0,231,0.3123818139350642,0.4014435663332296,0.2239323490724249,0.34037543978585677,0.28145783637780586,231,2021-07-18
0,232,0.31053149644828526,0.3983269962424613,0.2213200415300854,0.33667789149552413,0.27843552035218894,232,2021-07-17
0,233,0.3011921073446087,0.3798575745149146,0.22189942071032412,0.32373997748435945,0.270932595917314,233,2021-07-16
0,234,0.28985545342961233,0.36547873909539474,0.21871806638326277,0.3080902463449531,0.25845188585128714,234,2021-07-15
0,235,0.2826796938319218,0.35327308376431277,0.20656377948589605,0.30631222299925115,0.25615086354767036,235,2021-07-14
0,236,0.30385104349169123,0.37602871844293456,0.22824559084801707,0.32589951408281465,0.2754906600440568,236,2021-07-13
0,237,0.3006062548446527,0.3778144170048164,0.2225067874493193,0.3201026890611651,0.267829300142646,237,2021-07-12
0,238,0.2610018975747861,0.3356883196605089,0.19350739475198803,0.2765082792264792,0.22822010631207604,238,2021-07-11
0,239,0.26198266930132874,0.343852345586922,0.18661212547294964,0.27754077390946236,0.22646444811264443,239,2021-07-10
0,240,0.2714885153867181,0.3733349585191979,0.19786773146259426,0.2861088306180408,0.23395313973859505,240,2021-07-09
0,241,0.2807210947016045,0.3904573306139143,0.19964717543965935,0.2907385732113546,0.2385179997395177,241,2021-07-08
0,242,0.29572125154857976,0.3752770579469536,0.22196676558264886,0.3090235005620527,0.26049936233194115,242,2021-07-07
0,243,0.2979049951421046,0.36349129783451467,0.23337270125333806,0.3147587977421331,0.2702176862644143,243,2021-07-06
0,244,0.3200027847497481,0.3911078742385995,0.25115595858249645,0.333514658736276,0.28530853301837683,244,2021-07-05
0,245,0.3307754535932671,0.40167309984814226,0.258567295337195,0.3479775033161437,0.2982611172344397,245,2021-07-04
0,246,0.35293331829270586,0.4354734557848491,0.2748424104569554,0.3775183480703879,0.32327082795519446,246,2021-07-03
0,247,0.3849341199582344,0.4961608242298424,0.2704485873602545,0.4225707001703652,0.3530578883929769,247,2021-07-02
0,248,0.40843820776405504,0.5303658167616536,0.2497353634691447,0.4565070488281451,0.37569145706424706,248,2021-07-01
0,249,0.3879211920145572,0.4833047486122582,0.2925474821007462,0.4193367077993513,0.35593555511658226,249,2021-06-30
0,250,0.3466077470356429,0.4170141109425022,0.27860405035302255,0.36327682389854055,0.31438712430332055,250,2021-06-29
0,251,0.3324876086761259,0.4034300618230205,0.2678159152408364,0.3515356240275508,0.3045374258818396,251,2021-06-28
0,252,0.3110287151773903,0.37445645598045607,0.2500172356669388,0.3296829105756254,0.28759065893970037,252,2021-06-27
0,253,0.3137022754389904,0.3862031387534947,0.24491632982255285,0.3366759311188365,0.2908878688589104,253,2021-06-26
0,254,0.2905630824579179,0.3530685638626594,0.23054219605186424,0.30985649791450076,0.2674739740306869,254,2021-06-25
0,255,0.27896883020486074,0.34892360007135753,0.21554762161593935,0.29611396771554094,0.25452833444943856,255,2021-06-24
0,256,0.30332634176777384,0.37079450429300914,0.24181072374425355,0.32025898395262237,0.2759226668978072,256,2021-06-23
0,257,0.31528360203979167,0.3795741111030728,0.25144670769653554,0.33225209988296406,0.2889726874678157,257,2021-06-22
0,258,0.3159975632424852,0.3790286670720856,0.25555450627424775,0.334361985549898,0.2923753214168833,258,2021-06-21
0,259,0.3079769879443191,0.37422063833982766,0.24936873285996067,0.32334631324733787,0.2805169730094447,259,2021-06-20
0,260,0.287735080161966,0.3493103418627488,0.2295279908275355,0.3063992101458509,0.26470296560669393,260,2021-06-19
0,261,0.28809338361255943,0.3503973673998921,0.23220704972150924,0.3036431434393423,0.2633883112233642,261,2021-06-18
0,262,0.30286532299710534,0.35621255147444897,0.2432713702209349,0.3211796396685464,0.2814510287493838,262,2021-06-17
0,263,0.29542528985939326,0.3510369373543816,0.23648280136635183,0.3146809692372786,0.2747965959796321,263,2021-06-16
0,264,0.30880574407733735,0.36615362070578106,0.243864703222794,0.3274595502271722,0.28523598218694807,264,2021-06-15
0,265,0.3223438316083462,0.3874638405268237,0.2530834667743741,0.3441092829394414,0.2981227680164199,265,2021-06-14
0,266,0.3157959638551742,0.4034435327467769,0.21954803887759056,0.3483284496003189,0.29266560126933105,266,2021-06-13
0,267,0.28934708603707643,0.3571358220310702,0.21816024201374684,0.31223289601624876,0.26611687875272066,267,2021-06-12
0,268,0.301526752899883,0.3759232656520045,0.2273824955824027,0.3233910888651844,0.27468077826258847,268,2021-06-11
0,269,0.2944040354170594,0.3623129713934157,0.21793759288019562,0.3147314157997898,0.2672491429796467,269,2021-06-10
0,270,0.27832344694029787,0.3454270676599286,0.21683549093677573,0.2959665427735027,0.2519209223381435,270,2021-06-09
0,271,0.27258515418865875,0.33636666590206077,0.20989789367462178,0.2878658562814481,0.2443566147943975,271,2021-06-08
0,272,0.2707952922858647,0.3356783520298763,0.20552478862338397,0.28926022071766455,0.24459250036846716,272,2021-06-07
0,273,0.24318079738597975,0.31786677260460694,0.17591482818382392,0.25763641409668003,0.21180497055551462,273,2021-06-06
0,274,0.2565938152707663,0.3221274288304021,0.19235816760133775,0.27803540631989115,0.2339136486792308,274,2021-06-05
0,275,0.26110241574050447,0.32893131280112536,0.19740799493447525,0.27772711740635764,0.23309902700871715,275,2021-06-04
0,276,0.25574751862760586,0.3232372781348666,0.19296566747810046,0.2716236010781406,0.22767708226950162,276,2021-06-03
0,277,0.2686249052659125,0.33428819238494445,0.20697326600761878,0.2853208698514191,0.24223398977917648,277,2021-06-02
0,278,0.27278051540286835,0.34036865571846986,0.20741980599225335,0.2919938742101254,0.24801727988067326,278,2021-06-01
0,279,0.2682865635991715,0.3317172605421261,0.2001468044299546,0.28701744486219244,0.24344918103626073,279,2021-05-31
0,280,0.23991741997310848,0.29646249504828026,0.19028726963393594,0.25459317580025725,0.21790095571418236,280,2021-05-30
0,281,0.2527429399031013,0.30385649894514744,0.20269349150618127,0.2700539547732181,0.2344989093912336,281,2021-05-29
0,282,0.24775295965662703,0.29931778787235647,0.19877818697112606,0.26559951748924676,0.22992658237702854,282,2021-05-28
0,283,0.24238179542414556,0.2946259794468415,0.19463377260200174,0.25972937505057764,0.2240712033814287,283,2021-05-27
0,284,0.24592393669758592,0.2992320205329436,0.18922105988611615,0.26529325823001276,0.22717062819370068,284,2021-05-26
0,285,0.24005746531350022,0.2955316742688887,0.1864007239986479,0.25811665684448437,0.2198682534346015,285,2021-05-25
0,286,0.2359653978989602,0.2886059414968233,0.1838568796807837,0.2530568571489549,0.21634057836572101,286,2021-05-24
0,287,0.257802112343188,0.31815012208702254,0.19702675986781967,0.2843841084061506,0.24306965236120906,287,2021-05-23
0,288,0.25057309833422486,0.3094596279725794,0.18842977263335095,0.27561093105257894,0.23384203436627704,288,2021-05-22
0,289,0.2428795350281931,0.2988409636395859,0.19050264561144062,0.2628714646246513,0.2252354162054012,289,2021-05-21
0,290,0.24445556972554783,0.2981547748411094,0.19413373778026322,0.26355554839013207,0.2268915819933261,290,2021-05-20
0,291,0.22454853690376,0.2785645276735852,0.1749529357328961,0.24189061746338933,0.20558579983548367,291,2021-05-19
0,292,0.2240578947492646,0.27303431792115895,0.17206096663770448,0.24041637918841696,0.2048365368530431,292,2021-05-18
0,293,0.22975502424876906,0.2802197569762408,0.17953104923665486,0.2493079409764346,0.21370439801276928,293,2021-05-17
0,294,0.2559351872737647,0.31326375194322587,0.20176850018776687,0.2745419987018331,0.23600620988607493,294,2021-05-16
0,295,0.24740655436490666,0.30460033813534365,0.18861309868431902,0.2635316384564416,0.22350832513265273,295,2021-05-15
0,296,0.25437116073962673,0.30782840063033884,0.20030135689658554,0.27178998208613053,0.23421803011521616,296,2021-05-14
0,297,0.2624052341621977,0.31576550229491396,0.2097277243617267,0.28145259322299204,0.24403293726916167,297,2021-05-13
0,298,0.26778217164746304,0.3182976583691109,0.21292688469288726,0.2848277239956535,0.24795567002721203,298,2021-05-12
0,299,0.2655148444067153,0.3200620103860536,0.21292642558855443,0.28088268615595635,0.2440682179599952,299,2021-05-11
0,300,0.2757644281385611,0.32834463068602127,0.22199920322064864,0.2927639465539152,0.25603227955549374,300,2021-05-10
0,301,0.2899951445659911,0.34416114727579583,0.2327017186480141,0.3095006756075604,0.2708142815325761,301,2021-05-09
0,302,0.3072909792839154,0.36816145147953316,0.244040530737236,0.3270151184907218,0.2843567424949072,302,2021-05-08
0,303,0.3078111873914482,0.3745318616173626,0.24422934086739,0.32840446675772017,0.2830668871964184,303,2021-05-07
0,304,0.3302493685036098,0.3991136947767467,0.24938074784457234,0.35666660514395787,0.30456620553595065,304,2021-05-06
0,305,0.33736417036166466,0.41054866876227775,0.25294403539029553,0.3614625702967291,0.3065580471892214,305,2021-05-05
0,306,0.3297401472622236,0.40380751277123184,0.2518861099118691,0.35899558114194063,0.3061784684546414,306,2021-05-04
0,307,0.3112136501519478,0.38000303426743576,0.23665566297234958,0.33401163032086156,0.2845647714142609,307,2021-05-03
0,308,0.3440965728819749,0.40061399633139694,0.2867893316871942,0.3633535900251836,0.3246485127550048,308,2021-05-02
0,309,0.3480332778955841,0.40839742695064735,0.2888034489688483,0.3682618063485334,0.3263430741946959,309,2021-05-01
0,310,0.34245059273688855,0.40473242172473595,0.28489646471587005,0.36381247171722925,0.3219654638872604,310,2021-04-30
0,311,0.3395831981561754,0.4059332777550941,0.2592715688678942,0.3697547767937657,0.3211986320264247,311,2021-04-29
0,312,0.32922381021019825,0.3951856594230503,0.259587079023694,0.355122620888445,0.30891891808587746,312,2021-04-28
0,313,0.33545901871700573,0.402815046751338,0.2656699349717599,0.3631047311743199,0.3167497297772233,313,2021-04-27
0,314,0.3306731881174287,0.39487694928186023,0.26775348206590077,0.35323907960628226,0.30874877144330537,314,2021-04-26
0,315,0.31507664190345847,0.3714329179552056,0.2609742514955743,0.337672709591712,0.29840763913062096,315,2021-04-25
0,316,0.3016409009786621,0.3552360153473943,0.2461956363274206,0.3196856996419684,0.28167925760313234,316,2021-04-24
0,317,0.2962715978100574,0.35379797595650336,0.2438305123041679,0.3171657100455694,0.2783628156664901,317,2021-04-23
0,318,0.27151268136760026,0.32832325463263323,0.21649701710088343,0.28691739935857286,0.24972796145938086,318,2021-04-22
0,319,0.26916612318785627,0.3250861190430126,0.21320449417630005,0.2862926198589329,0.24861470815476602,319,2021-04-21
0,320,0.2729121153639077,0.32863842535674104,0.21695351132646018,0.2881968401421454,0.250795698002224,320,2021-04-20
0,321,0.27548348302684456,0.3317851545449369,0.22098761462238845,0.29211413773973594,0.25434837956366413,321,2021-04-19
0,322,0.28603285519221083,0.3344208018932588,0.2345603960304604,0.30386139809127244,0.2685479898786635,322,2021-04-18
0,323,0.28202341154004673,0.32810378750857466,0.23006438229937898,0.30041802959243036,0.26559101597592766,323,2021-04-17
0,324,0.27424897632168,0.3249202709420326,0.22278403349633974,0.29017948413255623,0.25333251788701294,324,2021-04-16
0,325,0.27121969332824863,0.33308766277925134,0.2120000953488911,0.2837231600061476,0.2431994999708095,325,2021-04-15
0,326,0.2802537991103456,0.34723118381587775,0.21814200276841136,0.2925619292198017,0.2513510303262315,326,2021-04-14
0,327,0.27572373345672596,0.33954796397079806,0.21741833542880246,0.2877463969456593,0.24718340221319965,327,2021-04-13
0,328,0.26706782274143176,0.3346206140645655,0.20656295212883544,0.2776090055430797,0.23566869481912786,328,2021-04-12
0,329,0.275911992750164,0.3270446723350767,0.21757969340752834,0.29055784094372183,0.25207049901763634,329,2021-04-11
0,330,0.2783977733953325,0.33669629560991265,0.22078060764978702,0.2924047367876625,0.2529399314728871,330,2021-04-10
0,331,0.289530775550336,0.3405536142915022,0.23554548985643647,0.3068609283844098,0.26996511274148055,331,2021-04-09
0,332,0.31156151212434446,0.3657506136653551,0.2585527656289101,0.3283570167399335,0.29183667322855794,332,2021-04-08
0,333,0.3218602730823081,0.38449433823040285,0.25601805007886264,0.3447300514229128,0.30372016548478703,333,2021-04-07
0,334,0.31260788903866127,0.3699720376984488,0.25109441335954663,0.33129002156301346,0.2920844360433922,334,2021-04-06
0,335,0.31200956355844756,0.36738267166852506,0.25489503599904595,0.3317575130165415,0.29397223221607877,335,2021-04-05
0,336,0.29642389777972805,0.3500075227896416,0.2439639293013215,0.31405558148759477,0.27842527773293185,336,2021-04-04
0,337,0.29506172319739854,0.3524171117258682,0.2384268499157916,0.31340078540018157,0.2757130452217902,337,2021-04-03
0,338,0.2810373224414806,0.33628371144123553,0.22568917161238972,0.29545556999398065,0.25865913464930507,338,2021-04-02
0,339,0.27204872908421507,0.3317181200319658,0.21291025766423402,0.29065670001714666,0.2514660121907431,339,2021-04-01
0,340,0.24816427139763905,0.3021030606189936,0.19643540000469237,0.2634292039747542,0.22702768504195145,340,2021-03-31
0,341,0.24047234944607826,0.2954971354580363,0.18970088867888363,0.2600074021931199,0.2232386892299386,341,2021-03-30
0,342,0.24281976783138406,0.30048250634296286,0.18380260038658414,0.26297744035473514,0.22257711028939856,342,2021-03-29
0,343,0.23725211450827483,0.29713160707153785,0.1792006583157532,0.2556244357819689,0.21466524374525994,343,2021-03-28
0,344,0.2294203615299533,0.28724129827683975,0.17507420382994215,0.2507435777065451,0.21149610203289235,344,2021-03-27
0,345,0.2236406013657337,0.27796452959151596,0.17284806888624343,0.24157990281401248,0.20496353623851277,345,2021-03-26
0,346,0.21527995244706236,0.2674327553841409,0.1637291595445978,0.22856524201378653,0.19282421594117427,346,2021-03-25
0,347,0.21519127242568944,0.2691885903263789,0.1693111113571429,0.22740653768349556,0.19254249023296655,347,2021-03-24
0,348,0.2165447967889287,0.26818376754578915,0.16953247766799556,0.22848149029952952,0.19397031572861761,348,2021-03-23
0,349,0.21531347556584784,0.26783113975689493,0.1678123905311772,0.23220209631353117,0.19764422230177647,349,2021-03-22
0,350,0.16592419706503783,0.2094369370480557,0.12613227430744178,0.1776470145457666,0.14915085215323934,350,2021-03-21
0,351,0.1668274065020258,0.20962951672442093,0.1280047893985873,0.17865760991113488,0.15061281889143058,351,2021-03-20
0,352,0.17168937236409162,0.21495733512939982,0.1341775166035143,0.18389181969629828,0.15606242382970803,352,2021-03-19
0,353,0.16817283086877952,0.20871959149971092,0.1283339156585109,0.18039314132307055,0.15218023473447181,353,2021-03-18
0,354,0.16760857839049892,0.21117033793758236,0.1292895093728522,0.1802489335152672,0.15205642259372215,354,2021-03-17
0,355,0.1697902183959743,0.21001479816944554,0.12677348181990397,0.1832752483628726,0.15462393838197935,355,2021-03-16
0,356,0.1721280913234189,0.21392480055669866,0.12843559563175755,0.18718571403141718,0.15784706035094012,356,2021-03-15
0,357,0.17017517085681624,0.21306356726748166,0.13195681797574885,0.1829178371066186,0.15465132186310546,357,2021-03-14
0,358,0.1746100106268389,0.21931538902996392,0.1363169689348241,0.1882638582569779,0.15972549119554064,358,2021-03-13
0,359,0.1815136972812928,0.22196307227948534,0.1344006192388122,0.198654077131861,0.1686093243813755,359,2021-03-12
0,360,0.18963316954763185,0.23258146026653181,0.14335742397194956,0.20118295128650943,0.17072386462606257,360,2021-03-11
0,361,0.17869852336379966,0.22424838901102234,0.13800246015506676,0.19318413256914585,0.1631653812035019,361,2021-03-10
0,362,0.17536231623160944,0.22591834086338883,0.13262741704548728,0.1907297958644544,0.1590833004611414,362,2021-03-09
0,363,0.1723275102270135,0.21949769959938253,0.13044355581750783,0.18671311273788294,0.1560411009622504,363,2021-03-08
0,364,0.18407195805108484,0.2367222645793078,0.12920447442328187,0.1992436341350393,0.16273161180412665,364,2021-03-07
0,365,0.18289348305690517,0.2344915756380616,0.13084482137524886,0.19942257031121155,0.1640681761411268,365,2021-03-06
0,366,0.18033621530768934,0.23265709518779237,0.12682556153164937,0.19481923363531262,0.1587268783782683,366,2021-03-05
0,367,0.19558175984197554,0.25164872190770776,0.137813920349245,0.2113681158453986,0.17322626059026594,367,2021-03-04
0,368,0.20359334762027648,0.26042002375943424,0.14815372834373422,0.21932010682643818,0.181018577884312,368,2021-03-03
0,369,0.2176505695791493,0.2760983827482318,0.1573929563441658,0.23378976306459265,0.19398524951712148,369,2021-03-02
0,370,0.21315675090725558,0.27186454145426375,0.15542279484594596,0.22863627418227384,0.1890646031292692,370,2021-03-01
0,371,0.1950543175399142,0.26274540401284785,0.13399578923859515,0.2118753978765885,0.1714141116180507,371,2021-02-28
0,372,0.20624107967539937,0.2696070473299064,0.14683908581950217,0.22117149210051967,0.18119875932217835,372,2021-02-27
0,373,0.19872420092525864,0.28618488924268143,0.13003836103519956,0.20863119571970584,0.1666382824341964,373,2021-02-26
0,374,0.20367502157043157,0.29363019146937785,0.1410987109210826,0.21778204617202643,0.17551231257565458,374,2021-02-25
0,375,0.22086869154026867,0.32030317001269804,0.1519347179908561,0.2329530000237862,0.18943554963703207,375,2021-02-24
0,376,0.24268437997568462,0.32567949297006693,0.17696754855485294,0.2585327801669755,0.21481539297654195,376,2021-02-23
0,377,0.28202186447084054,0.3475322061844572,0.2183906307960211,0.3010511621455946,0.2585418273150183,377,2021-02-22
0,378,0.31230726586723884,0.40198947083253866,0.23088654383394672,0.34024458354191106,0.28753689898006607,378,2021-02-21
0,379,0.3223529210663737,0.4041144871354447,0.2343618938938894,0.34954449402733256,0.2950865350967262,379,2021-02-20
0,380,0.3614191886481646,0.4588069012304141,0.2287123424049084,0.3986577770269665,0.3346127552099166,380,2021-02-19
0,381,0.36269425771819863,0.47526805242280795,0.23734390585190399,0.3947116466542619,0.3246657276245828,381,2021-02-18
0,382,0.3869864845001074,0.5078341090188633,0.247556953039192,0.42563175645672885,0.3489404464257925,382,2021-02-17
0,383,0.3718873486556137,0.48435634961820373,0.25462137588872447,0.40616455785047506,0.3325205450930815,383,2021-02-16
0,384,0.34095814177226175,0.4263685648028904,0.24901791167739928,0.36887583133285845,0.3090958141145304,384,2021-02-15
0,385,0.3821647905840995,0.5333011163268527,0.2430078406272288,0.4046927300086525,0.32357779253873886,385,2021-02-14
0,386,0.3697148179221468,0.5135323619178085,0.22104162807626257,0.39774080770450515,0.314759886376012,386,2021-02-13
0,387,0.38846198696070317,0.5655623117130789,0.22885280764194116,0.4205990012985828,0.3285882595232149,387,2021-02-12
0,388,0.35534918784737723,0.49681328010545117,0.20838618387280905,0.38221022850742187,0.30037981983865075,388,2021-02-11
0,389,0.3552577534311897,0.5085260325508327,0.2128394308484806,0.3832043059730107,0.299421210275034,389,2021-02-10
0,390,0.33086806987315265,0.461081412394628,0.2073083737877468,0.3482867882564643,0.2755728224062629,390,2021-02-09
0,391,0.3171344477775792,0.43218280816479016,0.1996279029786837,0.33573942613242924,0.2693677368183768,391,2021-02-08
0,392,0.32684493986075625,0.43913533578812775,0.22332946459626482,0.3452301691636594,0.28165942989324955,392,2021-02-07
0,393,0.30701502145132303,0.4181549555151945,0.20949379603116106,0.32283176360507154,0.2604275108198249,393,2021-02-06
0,394,0.29995087747412663,0.40712520291805343,0.195016948085942,0.31316900067954556,0.24984948638732707,394,2021-02-05
0,395,0.2925101140638752,0.39779461376149156,0.19131213163846458,0.3122984212626044,0.25097569611808984,395,2021-02-04
0,396,0.28601889337188074,0.3885540062788764,0.1853974802220077,0.30403944195723864,0.24289251569566545,396,2021-02-03
0,397,0.29410404790754646,0.396919650323216,0.19504976540336794,0.31214673648979596,0.2514803790013548,397,2021-02-02
0,398,0.3011473188884727,0.40891091179274264,0.204938590463795,0.3221991962339109,0.2617795012825009,398,2021-02-01
0,399,0.3191250197817847,0.42676727178462287,0.2201174153058193,0.3362716133915543,0.2762417321638112,399,2021-01-31
0,400,0.31116114710915255,0.4172925753998104,0.21137881590306126,0.3268127548680541,0.266484926257156,400,2021-01-30
0,401,0.31709174329976136,0.4273884685775865,0.21761769959818977,0.33494819080671057,0.27357642226324896,401,2021-01-29
0,402,0.3162559316584073,0.4261089474074154,0.21702455004346496,0.3338138693469125,0.27282362176244274,402,2021-01-28
0,403,0.3073069459950765,0.417149027018265,0.21139583825052405,0.32090120291530916,0.2606707316031914,403,2021-01-27
0,404,0.31299126131903426,0.42454843401527004,0.21688155348767058,0.3326279054658838,0.2722274164866558,404,2021-01-26
0,405,0.32532635960203937,0.4410492608826692,0.22719996254791794,0.347387486573835,0.28435957299602127,405,2021-01-25
0,406,0.31711682645169337,0.4260501782232468,0.21442305852348412,0.3370726488673878,0.27046854311788193,406,2021-01-24
0,407,0.33264567316103266,0.4470719525149493,0.22806905129178545,0.3527023100734234,0.28348338706412907,407,2021-01-23
0,408,0.34388068279721057,0.45962924707147784,0.22197032662136112,0.3667667606598857,0.29100800033485225,408,2021-01-22
0,409,0.3396246170985285,0.4536468732679412,0.23117390883159894,0.3595598603519927,0.28907448058247415,409,2021-01-21
0,410,0.3321719834947334,0.4407617579548895,0.22866584848950358,0.35628361410392284,0.28897609608260505,410,2021-01-20
0,411,0.3125496783681444,0.4224665389308454,0.21856022361186808,0.34008406163718535,0.27567619943945554,411,2021-01-19
0,412,0.3108483556195173,0.4120262443654575,0.20686000455407105,0.33776843219871244,0.27156951334695256,412,2021-01-18
0,413,0.28547482374231187,0.379521485018184,0.1884039333192292,0.3053251685217436,0.24491327855297296,413,2021-01-17
0,414,0.289262763412266,0.38729657041320675,0.19436125743141067,0.3106435418500976,0.24791151475817713,414,2021-01-16
0,415,0.27744939692684223,0.37683873860384975,0.18314135832424394,0.29568055672087534,0.2317161353634975,415,2021-01-15
0,416,0.2851670224335074,0.38449554423774696,0.18271796588096512,0.3088546280527608,0.24079281884391912,416,2021-01-14
0,417,0.29060694730439746,0.40129117543897397,0.18635067365184893,0.31934896481111097,0.24827138363187073,417,2021-01-13
0,418,0.28071124696765104,0.38879009926861413,0.18060693094572683,0.2988995435476398,0.23049523692500754,418,2021-01-12
0,419,0.267686282582758,0.37651039547054593,0.17159169099767282,0.29046403958725026,0.22356715118817888,419,2021-01-11
0,420,0.2720381359288398,0.37778558177154614,0.17892688404905924,0.29524304117525524,0.23155470686374718,420,2021-01-10
0,421,0.2616161937483291,0.3646910764922141,0.17041579327966855,0.27851914415142665,0.21627814482122426,421,2021-01-09
0,422,0.25149372059615094,0.3463482950362479,0.15682380799287987,0.2686237955388793,0.20762256256760991,422,2021-01-08
0,423,0.24567339442048383,0.3475580543326033,0.15944913606571512,0.26177154981434586,0.20036976428901956,423,2021-01-07
0,424,0.24696415641354683,0.34802883838551557,0.158272757359937,0.2620486814429271,0.2010271361878179,424,2021-01-06
0,425,0.2571971253168273,0.3624969735971261,0.17056270770793647,0.27855612240448785,0.21781796555742405,425,2021-01-05
0,426,0.25767764131444426,0.3581396170549464,0.16627761250627182,0.2726540651377274,0.2120484108427858,426,2021-01-04
0,427,0.2599943583627052,0.3619719846866581,0.16865718809105149,0.2760057161504005,0.21468837843940183,427,2021-01-03
0,428,0.2637102657575416,0.36630686202556595,0.1708894988082796,0.2834197198094769,0.2212246847873942,428,2021-01-02
0,429,0.26321933353966404,0.3654610667072658,0.16976892250949116,0.2834091984306039,0.22117108127085172,429,2021-01-01
0,430,0.2618418448775359,0.3672578515081286,0.16400139528679,0.27889210532283715,0.21591245042744592,430,2020-12-31
0,431,0.2636769165145153,0.37951212322113087,0.16242993070022985,0.2793286035452829,0.21473417711470286,431,2020-12-30
0,432,0.26570228707485305,0.3749016928600892,0.17131742706307426,0.2795196577611067,0.21637426407938065,432,2020-12-29
0,433,0.27143368473716817,0.3760367665700604,0.1738926542442925,0.2893015945468923,0.22607998397995144,433,2020-12-28
0,434,0.24944869915423246,0.35446778833941034,0.15637344552964763,0.26869133850249255,0.21319332634331148,434,2020-12-27
0,435,0.26011061782783196,0.36513481972809547,0.1631661259576902,0.269829055279811,0.2140969326192481,435,2020-12-26
0,436,0.2639372863073744,0.378261725592655,0.17319778752047796,0.2822374404431697,0.2258737714477527,436,2020-12-25
0,437,0.2771353901898063,0.38904803607732824,0.17743485551889077,0.2977486759289285,0.23886011958269815,437,2020-12-24
0,438,0.2923760458643087,0.4143194012874414,0.188096349470664,0.3157381432161606,0.25238511927195767,438,2020-12-23
0,439,0.2771165209028792,0.38690262886155047,0.1762252262475081,0.2940701871275219,0.23527476821269877,439,2020-12-22
0,440,0.27525061923952165,0.38607088059456696,0.17589765152070772,0.28658289425723116,0.22847996652027078,440,2020-12-21
0,441,0.2767050692079966,0.3900204274450027,0.1767805941676871,0.2918178139010497,0.23406143926072084,441,2020-12-20
0,442,0.2729099455012135,0.3840070901032834,0.1763825670668586,0.28540905596521005,0.22965153433896943,442,2020-12-19
0,443,0.2804890065603,0.3984271555894186,0.18382954368406956,0.2992191556069828,0.24179780225142186,443,2020-12-18
0,444,0.27352100625005366,0.38586124265181737,0.17626487060165336,0.2863242583764138,0.23045558873275931,444,2020-12-17
0,445,0.2669930397966076,0.37663816945810213,0.16843303189227843,0.2794457761389984,0.22394778240611676,445,2020-12-16
0,446,0.27288665109979904,0.3858156255647981,0.17209143640081706,0.28762741003387804,0.2309442972698005,446,2020-12-15
0,447,0.2618503989481107,0.37293624869903136,0.1693410317234678,0.2724577608768807,0.2186931188324856,447,2020-12-14
0,448,0.2566518517633046,0.36245634371694113,0.16299801347996962,0.26584018149361455,0.21450312942495384,448,2020-12-13
0,449,0.25823261089299265,0.3683698701352786,0.16815844791381268,0.26656731656729116,0.21556003054129244,449,2020-12-12
0,450,0.2562926723384836,0.3676486017543086,0.1678409817520043,0.26568050176387437,0.2142898451562241,450,2020-12-11
0,451,0.26001935909408497,0.3740740138861658,0.17308400767817453,0.2681722515702862,0.21640245405123712,451,2020-12-10
0,452,0.25498207508130016,0.37292178527284464,0.1704436230320519,0.2642047810668917,0.20974628420555025,452,2020-12-09
0,453,0.258235930888163,0.37324434441357,0.1675347189673931,0.2704215894327634,0.21347604614111151,453,2020-12-08
0,454,0.2722811352735222,0.38112803899254205,0.17110425580000943,0.28551244690419203,0.22695176016797647,454,2020-12-07
0,455,0.27965311943435733,0.396721601796826,0.18406267705191845,0.2927305258049418,0.23174674780920543,455,2020-12-06
0,456,0.29205096694365557,0.411819234621493,0.18373718638308414,0.3022247234236864,0.23503392044134364,456,2020-12-05
0,457,0.30231102663093096,0.4343946838813094,0.18641940584689504,0.312188792688106,0.23788478749197323,457,2020-12-04
0,458,0.30906620733087925,0.4465632099252089,0.19221350944964952,0.32155876918222864,0.2455155180329582,458,2020-12-03
0,459,0.3177107578081201,0.46167538830993954,0.1976874630555074,0.33456703842231517,0.2554006984628845,459,2020-12-02
0,460,0.31525361060298085,0.46122068623458334,0.2003967729019481,0.33009322760164106,0.252074535191572,460,2020-12-01
0,461,0.309564878547789,0.4490551735477914,0.19196245982647153,0.32408604357286364,0.24683833216110007,461,2020-11-30
0,462,0.3368506613213017,0.45971557091627885,0.2244102162554253,0.35472217833181796,0.2826364954099039,462,2020-11-29
0,463,0.3281201161827034,0.4480597808229595,0.21646864172999863,0.34631990360793713,0.27472762528347733,463,2020-11-28
0,464,0.32443494270822193,0.44897095595957565,0.2152414653087473,0.34453974630456025,0.27235508261058433,464,2020-11-27
0,465,0.31575515235585216,0.43655561051490266,0.20954918755139718,0.3304432050578375,0.2597766220780291,465,2020-11-26
0,466,0.3170705209595146,0.4397742912282582,0.204828267175889,0.33528726996940256,0.2628361729072761,466,2020-11-25
0,467,0.3223610977256961,0.4514293772207538,0.2079214092306628,0.3419216217877572,0.26706918125292556,467,2020-11-24
0,468,0.3071067146376846,0.4312342046051961,0.20235063724081223,0.3280339893666992,0.25725071758847173,468,2020-11-23
0,469,0.30414890476459977,0.4266178902509035,0.1984820821398855,0.32454238880111463,0.2542685484510119,469,2020-11-22
0,470,0.2908466935459402,0.4060066303824582,0.18631661077848616,0.3104504739618144,0.24292168979353243,470,2020-11-21
0,471,0.2796196811772613,0.391403478416649,0.18012817356149616,0.2942974123590618,0.2295284304989413,471,2020-11-20
0,472,0.2735233388549868,0.38247715235414687,0.17528014065317535,0.2902096100345028,0.22659195102371882,472,2020-11-19
0,473,0.26472376157204097,0.3724708369067065,0.1674122298269249,0.2801821294523334,0.21729740077401138,473,2020-11-18
0,474,0.25074409960509625,0.3378160520604144,0.16535613655763487,0.27103659720666506,0.21410772372455902,474,2020-11-17
0,475,0.24636103300969556,0.32847441560655494,0.1623909105599712,0.266045361253258,0.21104465904192107,475,2020-11-16
0,476,0.265027530921242,0.3442940239625323,0.19202701258445423,0.2913639933334523,0.23888820278741282,476,2020-11-15
0,477,0.25549299554190286,0.33268970853884794,0.18560459226499254,0.27844443146052106,0.22761530395534238,477,2020-11-14
0,478,0.2521516433562464,0.32618932565737024,0.1817828351704658,0.2742870661128236,0.22434956336542494,478,2020-11-13
0,479,0.2506438396340181,0.3236761344278541,0.18039414814425164,0.2727295973175669,0.2231012108084251,479,2020-11-12
0,480,0.24242984291112704,0.31351001486833113,0.1741195325002366,0.26310877936192706,0.21494562956151794,480,2020-11-11
0,481,0.23835501162161557,0.3093219004675262,0.1696289479954975,0.25964656896764005,0.21122586759007375,481,2020-11-10
0,482,0.23740999746780966,0.3058741908351069,0.16974491414110543,0.2533680711838255,0.2069659068215915,482,2020-11-09
0,483,0.23446163180505358,0.3017188310950548,0.16428595952814498,0.2504577919308387,0.20298235383244406,483,2020-11-08
0,484,0.2304389465332921,0.3043042667791388,0.16008827294662475,0.24710737303641703,0.19781597582990343,484,2020-11-07
0,485,0.23041469013117333,0.3149454883104394,0.15494748044048348,0.2451181290038707,0.19239195602658535,485,2020-11-06
0,486,0.23175344176268672,0.31742243842418055,0.15638225339419434,0.24602921972565617,0.19361812975410736,486,2020-11-05
0,487,0.2358819371545302,0.34029801253260666,0.14396025021092687,0.2492768294895743,0.19315600692337162,487,2020-11-04
0,488,0.23421142223655914,0.35465265876293617,0.1393081736626875,0.24468496455790334,0.18772203017167602,488,2020-11-03
0,489,0.24855683438269877,0.353605158212994,0.16378617337723353,0.2654917370956511,0.20974693458987786,489,2020-11-02
0,490,0.2593725350810034,0.3568236142337898,0.1695116783205684,0.27869463564299113,0.21752137038710337,490,2020-11-01
0,491,0.2759041756924738,0.39103701097742555,0.17062157528340097,0.29503434615366647,0.22927417343310355,491,2020-10-31
0,492,0.2894147344276398,0.38853219474850226,0.19491953305138618,0.30775213578358074,0.2432034479057943,492,2020-10-30
0,493,0.29100037350026503,0.3891042402582216,0.19459364115187872,0.30822296005291683,0.2435633725029541,493,2020-10-29
0,494,0.31968790861593904,0.42353269828035406,0.22031470727441055,0.34172669087066065,0.2734673933778283,494,2020-10-28
0,495,0.3335198579686161,0.4451164028055995,0.22267939699914918,0.3629497712536278,0.29012545242170124,495,2020-10-27
0,496,0.32769680465598333,0.4323411532904391,0.2225978179225925,0.35143968902921596,0.2805842850885591,496,2020-10-26
0,497,0.32923495853008267,0.4383170365067063,0.22423978116800974,0.3572565814893808,0.28535957734380035,497,2020-10-25
0,498,0.3724224510177197,0.49228334184240435,0.2506344232585487,0.4032953662886294,0.3223487578958663,498,2020-10-24
0,499,0.3532890080668615,0.46127007316345475,0.24784136917888727,0.3836042863627175,0.31066971535823595,499,2020-10-23
0,500,0.3592605298356052,0.47015638359623324,0.25115000739518173,0.3826234592266131,0.30754569554573624,500,2020-10-22
0,501,0.3411879512404957,0.4443711953433425,0.23434544256328374,0.3706930846027655,0.2978755969517423,501,2020-10-21
0,502,0.3571350841117263,0.48482441576250085,0.24177188756723111,0.3922730463840228,0.309330605906033,502,2020-10-20
0,503,0.35495433805562543,0.48844567793788213,0.2282397713051562,0.39993657917513586,0.313178404017671,503,2020-10-19
0,504,0.3506329994536805,0.4807691213107989,0.20342312064839804,0.39061124689149723,0.302764619576418,504,2020-10-18
0,505,0.32231296725882025,0.4433151529351926,0.18702274525311924,0.36331969600550956,0.28484542502648447,505,2020-10-17
0,506,0.31200260870297186,0.42187737102783524,0.19481207764064887,0.342170911299627,0.2694403372595904,506,2020-10-16
0,507,0.3176818483680315,0.42908746216845234,0.19938387102053257,0.34996304711274273,0.2759578677550733,507,2020-10-15
0,508,0.2866869193545638,0.3798995819308653,0.18577510389395757,0.3139960326753866,0.24870863314140448,508,2020-10-14
0,509,0.26875508346935806,0.36488168034289603,0.17655093478045325,0.2946873983518814,0.22972787981582105,509,2020-10-13
0,510,0.2570607972556677,0.35104713938965937,0.17184910807272621,0.2813443070165598,0.21924902399781487,510,2020-10-12
0,511,0.24824775170761174,0.3459306098278768,0.1623362068367784,0.269920014969356,0.20717037427047913,511,2020-10-11
0,512,0.2304240722930125,0.32563012556041004,0.1511944770667273,0.25398896995922676,0.19490152067702998,512,2020-10-10
0,513,0.23976762143977015,0.3323651548893336,0.15734887720511245,0.26493462121128214,0.20425944956529204,513,2020-10-09
0,514,0.24305088367544958,0.33705694239797446,0.15900290519111976,0.2666950695598672,0.20441693120413498,514,2020-10-08
0,515,0.2385081060019417,0.3253836169217685,0.1550881722082981,0.26601193638074205,0.20654405204579804,515,2020-10-07
0,516,0.22866735146142367,0.3111861237872548,0.14858407031496967,0.25322739234134056,0.19692548643323154,516,2020-10-06
0,517,0.2355189972456302,0.3199392536986435,0.15689495410385174,0.26099719993415316,0.20446197329950352,517,2020-10-05
0,518,0.19407898421352404,0.2676249298603627,0.11952562868854527,0.21453394902505343,0.16406088887187573,518,2020-10-04
0,519,0.20526204314030974,0.28088924752407757,0.12930685642165374,0.22631257281304917,0.17417325591815253,519,2020-10-03
0,520,0.19934821434674452,0.2731684624119459,0.12420172128896102,0.22045853738132504,0.16957997412560347,520,2020-10-02
0,521,0.1896515472755892,0.2603243903843245,0.11878780528410296,0.20842893757709405,0.15998267677029565,521,2020-10-01
0,522,0.19916177128907694,0.27315796270742737,0.12916314680903226,0.21922217552632003,0.17048569301951416,522,2020-09-30
0,523,0.21276365014012363,0.2841132152202342,0.1415799976854679,0.22820136638516283,0.1792320908064045,523,2020-09-29
0,524,0.2120091217679832,0.2864057029700872,0.14190890480814894,0.22896223824213388,0.18023728090172933,524,2020-09-28
0,525,0.21871402774427784,0.2961672967843868,0.14656511538799402,0.23764505723591745,0.18739260349648548,525,2020-09-27
0,526,0.21873913687735766,0.29638365399266786,0.14607676809771372,0.2384629902267883,0.1879838976025146,526,2020-09-26
0,527,0.22791013219480935,0.3033501861966604,0.15696196784233654,0.24856299056814726,0.19871532469885306,527,2020-09-25
0,528,0.23100843926464498,0.3075305381116987,0.15591357385193985,0.24762764872748527,0.19591989356149878,528,2020-09-24
0,529,0.24574759238690638,0.3259061178808637,0.17042957593978417,0.2647052394914604,0.21074074276419666,529,2020-09-23
0,530,0.257536767934729,0.354256608638724,0.1784108617028292,0.2780279479880023,0.21872325355561503,530,2020-09-22
0,531,0.2462274275515473,0.4687473646377215,0.12106077364674245,0.24098295733123656,0.17434796198182634,531,2020-09-21
0,532,0.24216759644806868,0.5159486938381146,0.10266166539443913,0.2308135620377708,0.1569796197977397,532,2020-09-20
0,533,0.2409609555446881,0.4605954186651006,0.09983346248193016,0.2420352255329095,0.1653317865580401,533,2020-09-19
0,534,0.25372949660449695,0.409403516177932,0.12366357260060337,0.2691687861970086,0.18934232853269314,534,2020-09-18
0,535,0.3007341449233892,0.4389108437363043,0.1782854284021115,0.3289857720822348,0.2433061055090924,535,2020-09-17
0,536,0.30439296556570705,0.43553188693820855,0.18511874934070977,0.3324540362105107,0.24892591962368285,536,2020-09-16
0,537,0.33426985891969263,0.4780585430802926,0.19554271541936358,0.36457284860237416,0.26979058903884984,537,2020-09-15
0,538,0.6176268479928052,1.113018021115322,0.15960302265918755,0.5866579043135354,0.35596754964140215,538,2020-09-14
0,539,0.7309696608063542,1.4007064408259555,0.16580593573541316,0.6296644956539457,0.36324369105122317,539,2020-09-13
0,540,0.47376337371234933,0.8373506008530278,0.16561777739117836,0.5177707693191278,0.33486206683333813,540,2020-09-12
0,541,0.3783440514856669,0.5649559268462159,0.18879941578025133,0.41231079977745194,0.29429139417889427,541,2020-09-11
0,542,0.3453112168211839,0.49340863765310006,0.1977357570046735,0.38514414774494893,0.28413707081494427,542,2020-09-10
0,543,0.3432398677323016,0.4895265498187672,0.20083768236009508,0.3778500831138313,0.2807901515520206,543,2020-09-09
0,544,0.33067872491612316,0.46206478879243373,0.19556926703341773,0.35711399337356486,0.266666232156039,544,2020-09-08
0,545,0.3068424915412919,0.4628513570736544,0.1723598638839638,0.3333695631328427,0.24198278051094882,545,2020-09-07
0,546,0.285293621508689,0.4454989883322602,0.16213796366014152,0.2975760911343006,0.21419669118012966,546,2020-09-06
0,547,0.27825243699271085,0.42555816045000705,0.15351227485789304,0.29720899038945275,0.21258298993715813,547,2020-09-05
0,548,0.29012207792954703,0.42965667115536327,0.16290256434677594,0.3152280570922685,0.23014253132482346,548,2020-09-04
0,549,0.32196615333193035,0.45284496440495364,0.19529180253376802,0.3470396301548486,0.25988849558496424,549,2020-09-03
0,550,0.3459355250958897,0.4946417779249033,0.19740794622984878,0.3773904853942713,0.2797516881579496,550,2020-09-02
0,551,0.30565280676362266,0.4391464383488591,0.18534457595046883,0.3343877844982325,0.24756609974666335,551,2020-09-01
0,552,0.26795434915294586,0.40096457091410476,0.15462206361405845,0.2898427539054974,0.21038217890380798,552,2020-08-31
0,553,0.2520884207986095,0.3857375977265743,0.14290274510145437,0.2642404263989447,0.1859211025753632,553,2020-08-30
0,554,0.31069930653939243,0.4389744815013918,0.1958280062693199,0.33498440276739755,0.25199317878081984,554,2020-08-29
0,555,0.3280862791017775,0.46073967492834245,0.19571535722074462,0.35039087656714313,0.26211348429547,555,2020-08-28
0,556,0.2954950469042237,0.4240344236424594,0.17085203646814953,0.3161424292589886,0.23286981114680344,556,2020-08-27
0,557,0.2853700820072528,0.4244938463947013,0.15612339616711604,0.3036201278062272,0.21784982426485325,557,2020-08-26
0,558,0.2809474407013858,0.4068963357298279,0.17039807414422078,0.3086718228732346,0.22933005196539052,558,2020-08-25
0,559,0.31996607294563745,0.46328572472319984,0.1858532801108693,0.3359951135957677,0.2482874905805096,559,2020-08-24
0,560,0.2813792173556669,0.40709323580816414,0.18317489936351883,0.3009337023002073,0.23110196501435584,560,2020-08-23
0,561,0.2598509579643307,0.36399523438696335,0.16573962238681972,0.2771604207290207,0.21302823592207407,561,2020-08-22
0,562,0.2568867550883946,0.35603157261777224,0.16526425878670895,0.27486544671581703,0.2120903448836473,562,2020-08-21
0,563,0.23000818419119898,0.36366332074800106,0.1262589869080394,0.23401725351767938,0.16705754793192326,563,2020-08-20
0,564,0.21859934433192574,0.39942834532253924,0.10417601360107802,0.21423668044901398,0.14952455855952718,564,2020-08-19
0,565,0.244665916545327,0.3823044159579148,0.13974811708202237,0.24977136274151884,0.18602158933960122,565,2020-08-18
0,566,0.2500802004243803,0.4058056474617928,0.14233862942065686,0.24844721291679506,0.18437567032742444,566,2020-08-17
0,567,0.2693234482926593,0.4087621948837478,0.16469386561958113,0.27219093089048496,0.20904295327569453,567,2020-08-16
0,568,0.2582049724312535,0.40066757519760354,0.15325303862198247,0.2650158036864623,0.20205868166157653,568,2020-08-15
0,569,0.27894727665446345,0.3858540533301681,0.18464853783450116,0.2965114605251351,0.23352872108596648,569,2020-08-14
0,570,0.3385993938705267,0.4698880701815398,0.23082357180006133,0.3673986194629406,0.2899191494583474,570,2020-08-13
0,571,0.38991079695994346,0.5851125616934321,0.19990488651286598,0.4267171864549453,0.31506944517600793,571,2020-08-12
0,572,0.35788796443238086,0.5446195047855468,0.20948008060219142,0.3855798003875981,0.2792089994128828,572,2020-08-11
0,573,0.3779813640365039,0.5708460938935562,0.2090938167739473,0.40773457764688703,0.2947003479933733,573,2020-08-10
0,574,0.35093672013868427,0.5495766075293385,0.19865133584814595,0.3773699799472185,0.26948309921285707,574,2020-08-09
0,575,0.3412305731952242,0.537345469544147,0.19106157307076577,0.3661368526530161,0.2588751261757554,575,2020-08-08
0,576,0.30055877479586657,0.4495373988924082,0.17522286577802415,0.32267050828411736,0.23740897602247776,576,2020-08-07
0,577,0.27361121030919816,0.398445009660995,0.15986636633626952,0.2957440688778686,0.2205700734419433,577,2020-08-06
0,578,0.27102033751146604,0.3965247383320933,0.15767408558166474,0.29145840299664294,0.2144100706566657,578,2020-08-05
0,579,0.2299907018386172,0.3200703876630407,0.14535444287649904,0.24972697338705407,0.19209082690298196,579,2020-08-04
0,580,0.24152410571018876,0.3448607937869701,0.16009033667745504,0.2632079969803008,0.20220011196812634,580,2020-08-03
0,581,0.23592552447001996,0.33049094190527334,0.1456780870847391,0.2566010137799386,0.1945938909858835,581,2020-08-02
0,582,0.22903820236983186,0.3230730419399971,0.14626604625660583,0.24501535207991473,0.1873101388016957,582,2020-08-01
0,583,0.2146129175958876,0.30584121059010894,0.13461183577287078,0.22870814174583207,0.17347339916354318,583,2020-07-31
0,584,0.20345353818612985,0.31789900948343697,0.11479685288673575,0.20962106128723357,0.15132524763385755,584,2020-07-30
0,585,0.19958502529719468,0.3137542124599822,0.1126884483314222,0.20368191791272244,0.14686178404472847,585,2020-07-29
0,586,0.22550287252493456,0.32556072712716705,0.1339492685966777,0.23640093620142463,0.177768615854251,586,2020-07-28
0,587,0.21775220269021356,0.32433347639405397,0.1309078144556121,0.22835250334845322,0.16975696334525056,587,2020-07-27
0,588,0.1894560924658,0.2799567551844116,0.11465738913141382,0.20243072217326621,0.15101309892523374,588,2020-07-26
0,589,0.21143505488961614,0.29116583765832704,0.1400327781091204,0.22742390838142,0.1762842870918833,589,2020-07-25
0,590,0.21744298139636956,0.2980007328084527,0.13983399864227847,0.2301859559644005,0.1766910714709699,590,2020-07-24
0,591,0.24819861860903444,0.3551485785764641,0.13761137348485725,0.26586668744794717,0.19435394975488757,591,2020-07-23
0,592,0.24376342986959004,0.3628890620042525,0.13460264487519977,0.26211277281091333,0.18802217058617265,592,2020-07-22
0,593,0.25265506315205827,0.3880784522047689,0.12462502917204767,0.2749987345306164,0.19401923348865102,593,2020-07-21
0,594,0.24797320993461602,0.38729414811588864,0.10231674080193816,0.2703397500304261,0.18586910226875902,594,2020-07-20
0,595,0.2230780393995217,0.33247688739132747,0.12261909517049278,0.24301526955127137,0.17481379564636548,595,2020-07-19
0,596,0.20451434833117801,0.2870244882647943,0.12100866615316615,0.2249274272091772,0.16855646633551277,596,2020-07-18
0,597,0.1953839874948507,0.2735665563930145,0.11910239269722564,0.2084701591680594,0.1552368145851307,597,2020-07-17
0,598,0.18374306641366803,0.26138166705043553,0.11072347333503076,0.19804096996358223,0.1466999327899681,598,2020-07-16
0,599,0.17543380954094184,0.25092994694994675,0.11225291861009118,0.18983487486274142,0.14369536312398876,599,2020-07-15
0,600,0.16187137952986347,0.23370494893704327,0.09652239491937005,0.17320089026483593,0.12905713568884528,600,2020-07-14
0,601,0.15021618504733478,0.22904765050636489,0.08391014605847366,0.15895207858982158,0.11423610674251453,601,2020-07-13
0,602,0.1594162689430188,0.2340928853457644,0.09738786515780401,0.1780482971122637,0.1325042217572817,602,2020-07-12
0,603,0.15599801712382966,0.22180200927798996,0.09922168603427857,0.17304896599779776,0.13093735736908071,603,2020-07-11
0,604,0.15097818857613018,0.20941957174793707,0.0980986071161142,0.1689031366671389,0.13082289056878477,604,2020-07-10
0,605,0.14158492949492293,0.19850943257793938,0.08954106240947467,0.15464982802328872,0.11901043145118521,605,2020-07-09
0,606,0.14762580005873294,0.19721560942553584,0.09694172739191843,0.16166702826838278,0.1286532478907015,606,2020-07-08
0,607,0.14712501764789332,0.19581319971219607,0.10019713474947091,0.15770062035235854,0.12534378075982325,607,2020-07-07
0,608,0.1511481864397382,0.2006722605966937,0.09810711739157334,0.16434150426884456,0.1305541419074058,608,2020-07-06
0,609,0.15220668691186548,0.1986486472217719,0.10556695029989556,0.16591662623451203,0.13366461144408456,609,2020-07-05
0,610,0.14574599522003553,0.19322733539020148,0.09957739047343858,0.15991345059327572,0.12747778873934534,610,2020-07-04
0,611,0.16758339618045767,0.28461414669135177,0.0921928681785362,0.16875031043962233,0.1264053457287181,611,2020-07-03
0,612,0.17473519626340503,0.300153788730504,0.09691800215023828,0.17884199369629267,0.13460545674694432,612,2020-07-02
0,613,0.18104593333391725,0.30850694718541094,0.09829482430957606,0.18510594794136193,0.1393516665969295,613,2020-07-01
0,614,0.17987653616562083,0.3043799771205287,0.09208968312490086,0.18591614288815766,0.13732978095999643,614,2020-06-30
0,615,0.1959814002784566,0.33921603658809735,0.0847703917140238,0.20879671322263815,0.14753006650373365,615,2020-06-29
0,616,0.17135236527506756,0.2957012070765215,0.08338762026807423,0.17884185852683282,0.13173974331054356,616,2020-06-28
0,617,0.15765507939620482,0.26838209096460847,0.08303757673309319,0.16071139243118507,0.12131552537231413,617,2020-06-27
0,618,0.1614151655213667,0.2730801140228253,0.08591443911563712,0.16397489603869958,0.1253683395674773,618,2020-06-26
0,619,0.16409301397001183,0.2769332849594939,0.08466502494573466,0.166407906531322,0.12751841323004556,619,2020-06-25
0,620,0.16430567779143077,0.2821619702793334,0.08406901645079379,0.16829465791294956,0.12678625873089722,620,2020-06-24
0,621,0.15306671420672444,0.26451884554036864,0.07945959746784588,0.15526413255949964,0.11615715716732078,621,2020-06-23
0,622,0.1362904590266393,0.23310948984153013,0.06934479791809658,0.13511472838315305,0.09927512541433917,622,2020-06-22
0,623,0.13719832174247498,0.2270124412342871,0.06814545023448218,0.13937617392304266,0.1035620591185086,623,2020-06-21
0,624,0.1451526911139118,0.2484634203262573,0.08042545850128992,0.1495839499193689,0.11286195121985428,624,2020-06-20
0,625,0.154767468160644,0.26139724875558357,0.07914268249019468,0.16038106308012892,0.11913523228996398,625,2020-06-19
0,626,0.15517605497183626,0.26054023272487864,0.07938986763467516,0.16012165137947093,0.11692273305633373,626,2020-06-18
0,627,0.14396127851793647,0.24358444132064755,0.07962571765378812,0.1449887722277375,0.10612822646382823,627,2020-06-17
0,628,0.13894398822353238,0.22979470742218755,0.07523453513799865,0.14049035979241595,0.10264735519600891,628,2020-06-16
0,629,0.13920244653815297,0.22957779101224535,0.07676483204598754,0.14208981025521647,0.1047251840992531,629,2020-06-15
0,630,0.1520312678700174,0.25276575424470626,0.08579177047245454,0.15492587234230543,0.11696531600446831,630,2020-06-14
0,631,0.15059085922817095,0.25063614771568987,0.07983304409108558,0.14973581223001445,0.10855137341089133,631,2020-06-13
0,632,0.14245021595929108,0.2298816484431465,0.0739910533885876,0.1465612504719982,0.10679427401510298,632,2020-06-12
0,633,0.14034629505929774,0.2297884284108516,0.07129265565894866,0.14448923898869784,0.10240196115701342,633,2020-06-11
0,634,0.14619097398071565,0.24313298784740617,0.07404019481321962,0.1495750599693069,0.10661509667488532,634,2020-06-10
0,635,0.14864156602789833,0.2535884528258452,0.07158672111898541,0.14851910734135582,0.10362672406528993,635,2020-06-09
0,636,0.15349705107630274,0.27890325896065365,0.07307569575498922,0.15181717855434312,0.10441970605061694,636,2020-06-08
0,637,0.1693109300556117,0.28379148829690093,0.08975229528567973,0.17025578862802296,0.12254136061336035,637,2020-06-07
0,638,0.21792148121894425,0.34999616364417946,0.11808482614666009,0.2254431395056166,0.1672851746335355,638,2020-06-06
0,639,0.1916329353544725,0.30807455283712826,0.1005863809506479,0.19643679681899578,0.14817534653738446,639,2020-06-05
0,640,0.20369605353569298,0.33059885628761543,0.10931649378571051,0.20734901940660339,0.15542982802012634,640,2020-06-04
0,641,0.2169071053348956,0.3466817159401946,0.10758258567575045,0.22822403641297961,0.16820987613531965,641,2020-06-03
0,642,0.22200657254199238,0.36110677462753077,0.09961499349245768,0.2355248709467966,0.17205104764735474,642,2020-06-02
0,643,0.23961428586477554,0.4124226333951854,0.10263204803823196,0.26315676243243097,0.19026127680400093,643,2020-06-01
0,644,0.20623173961600172,0.3333910209832115,0.10254033171506007,0.2143433203546512,0.16265741079232976,644,2020-05-31
0,645,0.18016875507172092,0.2903906147668271,0.09548918022920055,0.1842456660401684,0.14331379116007,645,2020-05-30
0,646,0.18190232789621558,0.2960110309548364,0.09586832401096246,0.1811203840641164,0.1417601898361341,646,2020-05-29
0,647,0.17846261421341075,0.2914107173360678,0.08484963223276054,0.18447525652143432,0.13967667240593146,647,2020-05-28
0,648,0.15537181077346035,0.2637985649796834,0.08835994464209072,0.15722472289059358,0.12126062761121817,648,2020-05-27
0,649,0.1527384499957041,0.255017040619345,0.08176387223784076,0.15452413763733677,0.11858144633669798,649,2020-05-26
0,650,0.1501347750133172,0.25796205000867445,0.08062251412885331,0.15112176258356133,0.11259669125517573,650,2020-05-25
0,651,0.15079103986884662,0.25339657757085055,0.07871505999886713,0.15389873735371049,0.11598847866790314,651,2020-05-24
0,652,0.14754519081997203,0.24316629239336843,0.07344546505915717,0.1476781406032087,0.11067986991054042,652,2020-05-23
0,653,0.16493620483372398,0.2813556606390424,0.09142647116979892,0.16673478068618128,0.1285949258539259,653,2020-05-22
0,654,0.149627466643118,0.25050771206929884,0.07800456178861287,0.15005059228344308,0.1110619579227176,654,2020-05-21
0,655,0.16382132704781804,0.27802206878127306,0.08687852567554893,0.1657894193618881,0.12626836781554315,655,2020-05-20
0,656,0.15783852132996426,0.262952377546813,0.06909394958155177,0.15608066019961322,0.11425855418944954,656,2020-05-19
0,657,0.1493025690336911,0.271819546547415,0.06148022356494363,0.1430018987935083,0.09991092124215663,657,2020-05-18
0,658,0.15093839517254573,0.26647618988071375,0.060128605655705235,0.14443538718758056,0.10319204373350396,658,2020-05-17
0,659,0.171504495344503,0.28615447394355537,0.08112337085360043,0.1691928898434492,0.1276545123538327,659,2020-05-16
0,660,0.178279883002123,0.3030333978843865,0.09635789762279952,0.17846140623748583,0.14002244668776181,660,2020-05-15
0,661,0.182341011524608,0.31509719364578564,0.0952309249398877,0.18214508054758494,0.13772427612500507,661,2020-05-14
0,662,0.19538957472786467,0.33204940308231057,0.10581494675194675,0.19268496473570815,0.1503360246468303,662,2020-05-13
0,663,0.2196735439157469,0.3664542095215812,0.10762084954812788,0.22190275224057665,0.17126493505207271,663,2020-05-12
0,664,0.2563593585737942,0.4361247122878922,0.12107041541258659,0.26340227676273525,0.20289643994380965,664,2020-05-11
0,665,0.25437371074910664,0.43178193446656343,0.1189924880309946,0.26552967256507776,0.20280839170256293,665,2020-05-10
0,666,0.23303171007692108,0.40132381126503586,0.12091794133793865,0.23488422756714566,0.17986932797472147,666,2020-05-09
0,667,0.21720210925994626,0.3783193683349818,0.10807005707387995,0.21370042507400644,0.16246105477803102,667,2020-05-08
0,668,0.25045925450450207,0.41863183307085283,0.1262084468179442,0.2533901910061619,0.19617072614447273,668,2020-05-07
0,669,0.23591096118250685,0.4022893059961751,0.12498214326096334,0.23297797015088775,0.1793348935363121,669,2020-05-06
0,670,0.26357454446947265,0.44087758507349006,0.1444058197450856,0.265859161706642,0.21039955518857972,670,2020-05-05
0,671,0.264587065778148,0.43804717711481816,0.14681284475037507,0.26805485680695085,0.21417805168753015,671,2020-05-04
0,672,0.30348607354866153,0.49087302771133245,0.14532934840721634,0.3174603560286848,0.2354596285955585,672,2020-05-03
0,673,0.29871142905331105,0.48719791634578663,0.14629762467734408,0.31446982189464,0.23346449782818623,673,2020-05-02
0,674,0.3040904598829158,0.4985412055584221,0.14888336597189594,0.3235657185027474,0.23794616030735757,674,2020-05-01
0,675,0.2936207581112855,0.48507027194735075,0.15955623416439246,0.30702016723387027,0.23384146583861481,675,2020-04-30
0,676,0.29505797058745326,0.48757219309655336,0.1534024679440676,0.3106163530385006,0.2328022193624581,676,2020-04-29
0,677,0.26084495563018256,0.43465767597526433,0.1400318838975536,0.2635540011499095,0.20459120808175918,677,2020-04-28
0,678,0.2575123696320294,0.42103219336439807,0.13258176628440238,0.2609019172725794,0.20524637064478463,678,2020-04-27
0,679,0.24061503940632997,0.39264346003097295,0.12106750399279813,0.23966533411536262,0.1887932139460661,679,2020-04-26
0,680,0.255077769585757,0.4168931563119326,0.13892462229882047,0.2563941294125357,0.20551832221286626,680,2020-04-25
0,681,0.27657629736017186,0.4422118704461444,0.14878661376011676,0.2798980080978029,0.2266308715740598,681,2020-04-24
0,682,0.298627615372122,0.4707951714240677,0.16418046157521124,0.29799815420051823,0.24301351535952986,682,2020-04-23
0,683,0.31519842687354654,0.49738371761771394,0.1804883596564376,0.32440013214367674,0.26210567431800713,683,2020-04-22
0,684,0.3258555944422056,0.532859419640184,0.18937910073108918,0.3258623131418828,0.2498106736759529,684,2020-04-21
0,685,0.3760985423044763,0.605313103883694,0.19692373859844087,0.39053536253585064,0.2895533651084971,685,2020-04-20
0,686,0.4384961050640008,0.7458494512088236,0.223001390455344,0.4377987592038131,0.3046549330760902,686,2020-04-19
0,687,0.4330963852650081,0.7326360244869924,0.1934451665162359,0.4294211388372063,0.29934843341227935,687,2020-04-18
0,688,0.3828905178915364,0.6475906231866231,0.20182975414389728,0.3835857829813772,0.2716593436423094,688,2020-04-17
0,689,0.37397454854871093,0.6083137576900107,0.20655452572049474,0.3839970470698099,0.27649537626134946,689,2020-04-16
0,690,0.3887218766448505,0.6175069852360818,0.20822499329745087,0.403964461848492,0.28957993327724707,690,2020-04-15
0,691,0.4036510702974363,0.6403832096011203,0.2059398010392308,0.4201480264623153,0.297443170825837,691,2020-04-14
0,692,0.3742777912589642,0.6008653786390069,0.202320735102547,0.3872258943582089,0.2778447744958465,692,2020-04-13
0,693,0.38930696098079204,0.6493462150511591,0.1971076802436703,0.39740033131798724,0.27330590075068717,693,2020-04-12
0,694,0.39613251767444746,0.6645290350919633,0.17171882121080015,0.41477220996764946,0.27988700626984186,694,2020-04-11
0,695,0.34530318027703344,0.560368900582447,0.1616099498016362,0.35688878270581215,0.2510668872531455,695,2020-04-10
0,696,0.30634144818916614,0.49948048161851843,0.1576713698057034,0.31580724922772613,0.2291042756408842,696,2020-04-09
0,697,0.2935291729536675,0.48835935119313584,0.14998586137237344,0.3020519351103658,0.21714134158793802,697,2020-04-08
0,698,0.2758564788055893,0.44582053181440623,0.12521416636887509,0.28752676459784404,0.20884891616950185,698,2020-04-07
0,699,0.25794367202847784,0.4330841116666874,0.13494168840249562,0.26173857126179007,0.19127586588824455,699,2020-04-06
0,700,0.2549768142260811,0.4027068929834249,0.13840880640538492,0.2635866394617593,0.1986626578968375,700,2020-04-05
0,701,0.24035857538605782,0.3837389741838836,0.12018109492840061,0.24815620533424024,0.1848559939248851,701,2020-04-04
0,702,0.23211190724422154,0.3738992242820988,0.12567193879825383,0.23948694210306695,0.17999025530583912,702,2020-04-03
0,703,0.22325641203738422,0.35451390566233226,0.11985634502362415,0.22883730880953426,0.17428262143570164,703,2020-04-02
0,704,0.2117237142325933,0.3362762537213531,0.1102952773134803,0.22209157896800924,0.17000523486999275,704,2020-04-01
0,705,0.203905937880656,0.329795410657183,0.10808352113244821,0.20786554827765058,0.15738275049451805,705,2020-03-31
0,706,0.20401846490633993,0.3304750956657683,0.11411720045509012,0.20655766280655716,0.1576668872307928,706,2020-03-30
0,707,0.1980844606221261,0.3219989648074234,0.10603884007797258,0.20132346224725398,0.15244370752343717,707,2020-03-29
0,708,0.185992709508904,0.30203684037226247,0.08610474769410904,0.1910771911564048,0.14103819926701466,708,2020-03-28
0,709,0.18724845400343398,0.31351558180444783,0.08948928558130247,0.18923602786082316,0.13782725812817156,709,2020-03-27
0,710,0.19630940251793366,0.3329271254135279,0.09216452483266971,0.19437597370168225,0.1431363444566597,710,2020-03-26
0,711,0.20259269055392323,0.3373573937974843,0.09722344856952204,0.2035949672650106,0.15341013329694694,711,2020-03-25
0,712,0.20432147008231646,0.34719607137195796,0.09564379382991313,0.20445614488166908,0.15391708359309106,712,2020-03-24
0,713,0.2164091002644807,0.37953022331459957,0.10029480290685729,0.21456836737863194,0.16188737988376276,713,2020-03-23
0,714,0.2348896612508997,0.37762278488292444,0.13467092466276803,0.23999667410124528,0.19216205984956572,714,2020-03-22
0,715,0.25012664146906816,0.43367860147186205,0.12530563722364021,0.25299965105215844,0.2026798618781509,715,2020-03-21
0,716,0.2626951792111371,0.4401866987501608,0.13720703751047816,0.26867175820200623,0.2163454776055981,716,2020-03-20
0,717,0.27557792298433964,0.43416067642342304,0.16445473646744832,0.28688861352346323,0.23355150130306904,717,2020-03-19
0,718,0.2682175959335676,0.40044698139439255,0.17204641737157664,0.28626383330774663,0.2361662488931042,718,2020-03-18
0,719,0.2828873035672645,0.4368982726912176,0.1634324441832866,0.2996681504258302,0.24712129392414373,719,2020-03-17
0,720,0.2989410859111262,0.4023623822610837,0.18984862912177256,0.3197619093018331,0.26665792226583557,720,2020-03-16
0,721,0.3185048862375239,0.4284943287869979,0.20745450809245214,0.33990348299646805,0.28288035834914843,721,2020-03-15
0,722,0.36288669362693354,0.4714236893363328,0.22913905468348306,0.40644497893694614,0.3418605489750092,722,2020-03-14
0,723,0.3646337564857697,0.47780163443168855,0.23750385585045103,0.40800292385978526,0.3391570450531896,723,2020-03-13
0,724,0.349694762695476,0.45874047784632205,0.23664753935726274,0.38831820096799546,0.3213588013866923,724,2020-03-12
0,725,0.33554845618707857,0.4636082658499389,0.2017854583333632,0.36465219075581456,0.2980804240530923,725,2020-03-11
0,726,0.37399517641443125,0.5118129708354816,0.24645892550315412,0.41663618035876976,0.34154577943273867,726,2020-03-10
0,727,0.3545820399298275,0.4564746666458364,0.2550592064155641,0.37905099992202274,0.3164513869356076,727,2020-03-09
0,728,0.37356183198375903,0.4695528997810398,0.2832802112963692,0.398758770971589,0.33871033390802496,728,2020-03-08
0,729,0.36640924329836916,0.46284714678808503,0.2733367698417514,0.38819989960967155,0.32980251915112935,729,2020-03-07
0,730,0.3701291602951308,0.507579987610269,0.2594903677499384,0.3890097724257442,0.32276909971896817,730,2020-03-06
0,731,0.3727535268914033,0.6049296381000235,0.22732083403993636,0.3776374019137142,0.3048568769698091,731,2020-03-05
0,732,0.4365335882146421,0.656891353580582,0.2788189569239556,0.46220254059177207,0.3701151933191498,732,2020-03-04
0,733,0.4257065779612198,0.5480892017283915,0.3148484413365641,0.46288173989346304,0.38789574186555226,733,2020-03-03
0,734,0.41310151918023547,0.5351598541786167,0.2943339503480313,0.4452471676728842,0.370164000963406,734,2020-03-02
0,735,0.40733247211427565,0.5215685729230055,0.3020474711337879,0.43764021968550065,0.36668217299689276,735,2020-03-01
0,736,0.4182370786808986,0.5571447650398651,0.2888016180567157,0.44741567930005255,0.3676756096658273,736,2020-02-29
0,737,0.4589911881069544,0.5879240480331055,0.33435987169268794,0.5055110119312027,0.4167658925265299,737,2020-02-28
0,738,0.541780856422011,0.7121374587003747,0.3143818432645615,0.6402679836605807,0.5032450235199388,738,2020-02-27
0,739,0.5718885957372393,0.7585227456670913,0.35003427378318475,0.6731864976509204,0.5297669870402089,739,2020-02-26
0,740,0.4744415558070933,0.6170873888188345,0.3283133670175339,0.5123379364883854,0.4218615876234864,740,2020-02-25
0,741,0.4916028241654733,0.7303794993553314,0.3100908230179722,0.5155697037967917,0.40508654387336457,741,2020-02-24
0,742,0.47533424854729056,0.7029660003891957,0.3019194494036566,0.49850793484320527,0.3950229863012081,742,2020-02-23
0,743,0.5175791917975275,0.721170489415295,0.3506773074325316,0.5562768108313286,0.4454991299811331,743,2020-02-22
0,744,0.5059313596715571,0.8589539696010224,0.2831633423385551,0.5157363363485001,0.3966909472004928,744,2020-02-21
0,745,0.44033646661702275,0.827585484192296,0.22501773272768713,0.4191876036671376,0.3223223224823817,745,2020-02-20
0,746,0.48779442788054544,1.1012785994636656,0.15602141948661133,0.42004280858981397,0.32172864154405323,746,2020-02-19
0,747,0.6269026192054449,1.115392346683435,0.31393918769961676,0.6066195044418707,0.47699467595497286,747,2020-02-18
0,748,0.7552716901197524,1.4997884576313965,0.3232303844919867,0.752088473380197,0.6039876432389387,748,2020-02-17
0,749,1.045514736901009,2.327111778937229,0.29527571964528504,0.7254927257678201,0.5765113612576376,749,2020-02-16
0,750,0.6327094580057472,4.074673858088339,0.29580132601483955,0.6997643279185716,0.5540056383111308,750,2020-02-15
0,751,-1.6005032209684489,3.241641200282151,-3.1426137831100807,0.9452215638083895,0.7978338477881199,751,2020-02-14
0,752,-1.2101458836441148,3.714605814995152,-3.5192569151248416,0.9236399986430287,0.7530603740537363,752,2020-02-13
0,753,1.0850952030672276,7.413665658502887,-4.994378778485695,1.5974568309524542,1.1555393913704863,753,2020-02-12
0,754,0.9373514005380476,4.271109875031028,-3.9913575571649242,1.6699797174522821,1.0386387253520941,754,2020-02-11
0,755,1.0961992710122046,11.895175753138158,-6.838867360375201,3.108510192736005,1.1190079683184513,755,2020-02-10
0,756,-30.93270754157909,54.48806244985901,-45.21701738395464,6.075031469486345,0.4064311621117177,756,2020-02-09
0,757,-3.0525049294588826,42.9141266764242,-59.267460579317714,1.5866232566803955,-6.578270201685186,757,2020-02-08
0,758,-2.04104823396161,45.59828105185039,-48.448587711726816,1.5044964510949121,-4.7629406341078235,758,2020-02-07
0,759,-68.28935075851487,46.40519452441847,-56.876421745015804,1.5442151384742744,-5.233426306548959,759,2020-02-06
0,760,0.7885735449713666,25.76146184413571,-26.351390497059377,2.5954644713302244,-2.1970664157966073,760,2020-02-05
0,761,-0.786176848860318,15.689235207233919,-14.35133714012553,0.32161790512356897,-1.724065564904081,761,2020-02-04
0,762,-12.443573665600054,14.231771833724888,-13.536524287576983,1.8102717020785855,0.039889593489344025,762,2020-02-03
0,763,0.7112857353960131,4.311652626872554,-2.346881044241913,0.737917162447774,0.05187326666550428,763,2020-02-02
0,764,0.1782579640342699,0.45786763246136625,0.024800468556865247,0.0947064246718997,0.049594877775637494,764,2020-02-01
