strain	cluster
USA/WA-UW-2021040561336/2021	1
USA/WA-UW-21042742142/2021	2
USA/WA-CDC-UW21042620218/2021	2
USA/WA-UW-21042164481/2021	3
USA/WA-UW-21042230570/2021	3
USA/WA-UW-21090875632/2021	4
USA/WA-S14370/2021	4
USA/WA-S9879/2021	5
USA/WA-CDC-UW21081765246/2021	6
USA/WA-UW-21082057183/2021	6
USA/WA-CDC-UW21090731460/2021	6
USA/WA-UW-21072405529/2021	7
USA/WA-CDC-UW21071576376/2021	8
USA/WA-UW-21071221897/2021	9
USA/WA-CDC-UW21052699241/2021	10
USA/WA-UW-2021040507831/2021	11
USA/WA-UW-2021040308606/2021	11
USA/WA-UW-2021041568621/2021	12
USA/WA-CDC-UW21051397198/2021	13
USA/WA-CDC-UW21060816390/2021	13
USA/WA-CDC-UW21061193810/2021	13
USA/WA-PHL-000757/2021	14
USA/WA-UW-21072992539/2021	15
USA/WA-CDC-UW21072132351/2021	16
USA/WA-CDC-UW21071740130/2021	17
USA/WA-PHL-002636/2021	18
USA/WA-CDC-FG-072021/2021	19
USA/WA-UW-21042134683/2021	20
USA/WA-UW-21042084333/2021	21
USA/WA-CDC-UW21042985006/2021	22
USA/WA-UW-21042132860/2021	23
USA/WA-Altius-ALTCOV-QPOJ5YIJ57ZSPDF4/2021	24
USA/WA-Altius-ALTCOV-53YVK4LR2H7KZ7DF/2021	24
USA/WA-CDC-UW21062362774/2021	25
USA/WA-UW-2021041370801/2021	26
USA/WA-CDC-UW21051120904/2021	27
USA/WA-UW-21050430069/2021	27
USA/WA-UW-21041788557/2021	28
USA/WA-CDC-UW21102259608/2021	29
USA/WA-Altius-ALTCOV-MZLB6TCMNDVRJRXW/2021	30
USA/WA-UW-21042323801/2021	31
USA/WA-CDC-UW21042715625/2021	32
USA/WA-CDC-UW21042712828/2021	33
USA/WA-CDC-UW21050468847/2021	33
USA/WA-UW-21041945607/2021	34
USA/WA-S9544/2021	35
USA/WA-CDC-UW21060286489/2021	35
USA/WA-S9037/2021	35
USA/WA-Altius-ALTCOV-QGXI2JOU5TFDKIRA/2021	35
USA/WA-Altius-ALTCOV-JJJGLLXQZUVRU6EM/2021	35
USA/WA-CDC-LC0069411/2021	35
USA/WA-S9171/2021	35
USA/WA-S9173/2021	35
USA/WA-CDC-UW21060469783/2021	35
USA/WA-UW-2021041375198/2021	36
USA/WA-UW-2021041374017/2021	36
USA/WA-UW-2021041694008/2021	37
USA/WA-UW-2021041275729/2021	37
USA/WA-S7046/2021	37
USA/WA-S7045/2021	37
USA/WA-S7517/2021	38
USA/WA-CDC-UW21051278306/2021	39
USA/WA-CDC-UW21060405109/2021	39
USA/WA-CDC-UW21060444434/2021	39
USA/WA-CDC-UW21060343345/2021	39
USA/WA-CDC-UW21060199717/2021	39
USA/WA-CDC-UW21051329053/2021	39
USA/WA-UW-21042948545/2021	39
USA/WA-UW-21042832498/2021	39
USA/WA-UW-2021040982916/2021	40
USA/WA-UW-2021040810481/2021	40
USA/WA-UW-21042739753/2021	41
USA/WA-UW-21042763911/2021	41
USA/WA-CDC-UW21043015914/2021	41
USA/WA-UW-21051791468/2021	42
USA/WA-UW-21043020919/2021	43
USA/WA-CDC-UW21050406327/2021	43
USA/WA-UW-21050346801/2021	43
USA/WA-CDC-UW21050364308/2021	43
USA/WA-CDC-LC0091049/2021	44
USA/WA-PHL-001033/2021	44
USA/WA-CDC-FG-127440/2021	45
USA/WA-CDC-LC0223033/2021	46
USA/WA-UW-21081621081/2021	47
USA/WA-S13585/2021	47
USA/WA-S12503/2021	47
USA/WA-S12497/2021	47
USA/WA-S13105/2021	47
USA/WA-CDC-UW21082769368/2021	47
USA/WA-Altius-ALTCOV-MR5NTRSI7SH3JPG2/2021	48
USA/WA-Altius-ALTCOV-BHDK373D5MIWVMRY/2021	48
USA/WA-CDC-UW21081725450/2021	49
USA/WA-CDC-UW21061009922/2021	50
USA/WA-UW-21071627239/2021	51
USA/WA-UW-21060930310/2021	52
USA/WA-CDC-UW21061468911/2021	53
USA/WA-CDC-UW21061951556/2021	54
USA/WA-CDC-UW21112367545/2021	55
USA/WA-CDC-UW21110903198/2021	55
USA/WA-CDC-UW21112348767/2021	56
USA/WA-S10812/2021	57
USA/WA-S9542/2021	58
USA/WA-CDC-UW21081980020/2021	59
USA/WA-CDC-UW21082316193/2021	60
USA/WA-UW-21101650966/2021	61
USA/WA-CDC-UW21100218161/2021	61
USA/WA-CDC-UW21121340807/2021	61
USA/WA-CDC-UW21113006241/2021	61
USA/WA-CDC-UW21121171202/2021	61
USA/WA-CDC-UW21121173885/2021	61
USA/WA-UW-2021041209214/2021	62
USA/WA-UW-2021041002621/2021	62
USA/WA-S9855/2021	63
USA/WA-S10813/2021	64
USA/WA-S10809/2021	64
USA/WA-CDC-LC0268283/2021	65
USA/WA-S7549/2021	66
USA/WA-CDC-UW21073096426/2021	67
USA/WA-CDC-UW21081438342/2021	68
USA/WA-UW-21072743554/2021	69
USA/WA-CDC-UW21100115699/2021	70
USA/WA-CDC-UW21081903681/2021	71
USA/WA-CDC-UW21081955960/2021	72
USA/WA-CDC-UW21073106516/2021	73
USA/WA-UW-21081107640/2021	74
USA/WA-CDC-UW21100420026/2021	75
USA/WA-Altius-ALTCOV-U2FHEE3JBREYGMWW/2021	76
USA/WA-UW-21071256578/2021	77
USA/WA-UW-21061714878/2021	77
USA/WA-UW-21071908242/2021	77
USA/WA-CDC-UW21080955623/2021	77
USA/WA-CDC-UW21071630515/2021	77
USA/WA-UW-21072432628/2021	77
USA/WA-CDC-UW21062392012/2021	77
USA/WA-Altius-ALTCOV-ACO3CQZ5E6SS2VAP/2021	77
USA/WA-CDC-UW21070565149/2021	77
USA/WA-S10296/2021	77
USA/WA-UW-21071209462/2021	77
USA/WA-CDC-UW21070787848/2021	77
USA/WA-Altius-ALTCOV-5ZCROR6ZQSDXXTRK/2021	77
USA/WA-CDC-UW21070130207/2021	77
USA/WA-S9351/2021	77
USA/WA-UW-21071345169/2021	77
USA/WA-S11444/2021	77
USA/WA-S10061/2021	77
USA/WA-CDC-UW21062104129/2021	77
USA/WA-CDC-UW21062401711/2021	77
USA/WA-CDC-UW21062315547/2021	77
USA/WA-Altius-ALTCOV-S76WBPKPYV4XN6BQ/2021	77
USA/WA-CDC-UW21062567043/2021	77
USA/WA-Altius-ALTCOV-SB3SUBVMOOCRLLFU/2021	77
USA/WA-CDC-UW21081678531/2021	78
USA/WA-UW-21072450636/2021	79
USA/WA-CDC-UW21081642737/2021	80
USA/WA-S10362/2021	80
USA/WA-CDC-UW21092136808/2021	81
USA/WA-CDC-UW21090714806/2021	82
USA/WA-CDC-QDX26380616/2021	83
USA/WA-CDC-UW21071426907/2021	84
USA/WA-IVY-ZZX9LFVX/2021	84
USA/WA-UW-21072924812/2021	85
USA/WA-UW-21073184909/2021	86
USA/WA-CDC-UW21073039051/2021	87
USA/WA-CDC-UW21073181808/2021	88
USA/WA-UW-21071172053/2021	88
USA/WA-Altius-ALTCOV-MCEIPBVBVSFO72VB/2021	89
USA/WA-S10057/2021	90
USA/WA-UW-21072813151/2021	91
USA/WA-CDC-LC0357412/2021	92
USA/WA-CDC-UW21110281362/2021	93
USA/WA-CDC-UW21101810978/2021	93
USA/WA-CDC-UW21061401089/2021	94
USA/WA-UW-21081213782/2021	95
USA/WA-CDC-UW21090978610/2021	96
USA/WA-UW-21072622082/2021	97
USA/WA-CDC-UW21072226726/2021	98
USA/WA-UW-21072892393/2021	98
USA/WA-CDC-UW21072038204/2021	99
USA/WA-UW-21072643967/2021	99
USA/WA-CDC-UW21081929383/2021	100
USA/WA-CDC-UW21090209795/2021	101
USA/WA-UW-21072740853/2021	102
USA/WA-CDC-UW21073171928/2021	103
USA/WA-UW-21071709298/2021	104
USA/WA-CDC-UW21090702569/2021	105
USA/WA-CDC-UW21100214199/2021	105
USA/WA-CDC-UW21091131219/2021	105
USA/WA-CDC-UW21082647297/2021	106
USA/WA-CDC-UW21112616745/2021	107
USA/WA-UW-21112348338/2021	108
USA/WA-S15667/2021	108
USA/WA-CDC-LC0417313/2021	109
USA/WA-S15073/2021	110
USA/WA-CDC-UW21073195595/2021	111
USA/WA-CDC-UW21072259434/2021	111
USA/WA-UW-21072480154/2021	111
USA/WA-UW-21072688786/2021	111
USA/WA-S10654/2021	111
USA/WA-CDC-UW21121109878/2021	112
USA/WA-UW-21092840289/2021	113
USA/WA-UW-21092964611/2021	113
USA/WA-CDC-UW21100137442/2021	113
USA/WA-CDC-LC0328862/2021	114
USA/WA-CDC-UW21061561951/2021	115
USA/WA-CDC-UW21061553710/2021	115
USA/WA-S9330/2021	116
USA/WA-CDC-UW21081433543/2021	117
USA/WA-CDC-UW21100179966/2021	117
USA/WA-CDC-UW21102276920/2021	117
USA/WA-CDC-UW21090723109/2021	117
USA/WA-UW-21080293164/2021	117
USA/WA-CDC-QDX27388194/2021	118
USA/WA-CDC-UW21082864076/2021	119
USA/WA-CDC-UW21091888573/2021	120
USA/WA-CDC-UW21101036557/2021	121
USA/WA-CDC-UW21102227705/2021	122
USA/WA-CDC-UW21102062349/2021	123
USA/WA-S12916/2021	124
USA/WA-CDC-UW22012571860/2022	125
USA/WA-CDC-UW21091011816/2021	126
USA/WA-CDC-UW21120336249/2021	127
USA/WA-CDC-UW21091009870/2021	128
USA/WA-CDC-UW21092187662/2021	128
USA/WA-CDC-UW21082869369/2021	128
USA/WA-UW-21090663628/2021	129
USA/WA-CDC-UW21091857123/2021	130
USA/WA-CDC-UW21091022408/2021	131
USA/WA-UW-21092018715/2021	132
USA/WA-UW-21100938685/2021	133
USA/WA-CDC-UW21100286350/2021	134
USA/WA-S10046/2021	135
USA/WA-UW-21072879244/2021	136
USA/WA-CDC-ASC210487081/2021	137
USA/WA-CDC-UW21113078726/2021	137
USA/WA-CDC-UW21112200917/2021	137
USA/WA-CDC-UW21121050721/2021	138
USA/WA-CDC-UW21121025861/2021	138
USA/WA-UW-21072866661/2021	139
USA/WA-CDC-UW21080955191/2021	140
USA/WA-UW-21081907428/2021	141
USA/WA-CDC-UW21082724182/2021	141
USA/WA-CDC-UW21082736783/2021	142
USA/WA-CDC-UW21072226162/2021	143
USA/WA-CDC-UW21102295265/2021	144
USA/WA-UW-21071999848/2021	145
USA/WA-CDC-UW21080337295/2021	146
USA/WA-CDC-UW21081446214/2021	147
USA/WA-UW-21080930098/2021	147
USA/WA-CDC-UW21082852205/2021	148
USA/WA-S11951/2021	148
USA/WA-S10333/2021	149
USA/WA-S15243/2021	150
USA/WA-CDC-UW21090912220/2021	151
USA/WA-CDC-UW21081982252/2021	152
USA/WA-S8601/2021	153
USA/WA-CDC-UW21073122746/2021	154
USA/WA-S12071/2021	155
USA/WA-UW-21052846720/2021	156
USA/WA-CDC-UW21041936362/2021	157
USA/WA-UW-21042792176/2021	158
USA/WA-CDC-UW21051080450/2021	159
USA/WA-CDC-UW21051080365/2021	160
USA/WA-CDC-UW21051280151/2021	160
USA/WA-S8097/2021	160
USA/WA-UW-21051512683/2021	160
USA/WA-S9097/2021	160
USA/WA-PHL-001148/2021	160
USA/WA-S8100/2021	161
USA/WA-CDC-UW21050334943/2021	162
USA/WA-UW-2021040904019/2021	163
USA/WA-Altius-ALTCOV-23ILYPNAGYJLKPQA/2021	163
USA/WA-UW-2021041231568/2021	164
USA/WA-UW-21041754443/2021	164
USA/WA-UW-21041729608/2021	164
USA/WA-Altius-ALTCOV-AFC7L67BRMXHGRRD/2021	165
USA/WA-CDC-UW21092599800/2021	166
USA/WA-UW-21050408080/2021	167
USA/WA-CDC-UW21050325458/2021	168
USA/WA-CDC-UW21050633153/2021	168
USA/WA-UW-21050536587/2021	168
USA/WA-CDC-UW21071519229/2021	169
USA/WA-UW-21072416525/2021	170
USA/WA-S9563/2021	171
USA/WA-S9566/2021	171
USA/WA-S9564/2021	171
USA/WA-CDC-UW21062960013/2021	172
USA/WA-UW-21063069833/2021	173
USA/WA-CDC-UW21090270084/2021	174
USA/WA-CDC-LC0067288/2021	175
USA/WA-CDC-UW21060152886/2021	176
USA/WA-S9168/2021	176
USA/WA-UW-21061535743/2021	177
USA/WA-PHL-001139/2021	178
USA/WA-PHL-001138/2021	178
USA/WA-CDC-UW21061078372/2021	179
USA/WA-S15258/2021	180
USA/WA-CDC-UW21090727189/2021	180
USA/WA-UW-21080702464/2021	180
USA/WA-UW-21080757813/2021	180
USA/WA-CDC-UW21120823186/2021	181
USA/WA-CDC-UW21121380588/2021	181
USA/WA-CDC-LC0251734/2021	182
USA/WA-UW-21041963996/2021	183
USA/WA-UW-21063052306/2021	184
USA/WA-UW-21121027830/2021	185
USA/WA-UW-21072433266/2021	186
USA/WA-UW-21081806638/2021	187
USA/WA-CDC-UW21081968206/2021	187
USA/WA-UW-21090879276/2021	187
USA/WA-CDC-LC0299232/2021	187
USA/WA-CDC-UW21081987250/2021	188
USA/WA-UW-21080968608/2021	189
USA/WA-S10600/2021	190
USA/WA-UW-21081211486/2021	191
USA/WA-CDC-UW21082891649/2021	192
USA/WA-CDC-UW21082804866/2021	193
USA/WA-UW-21072245524/2021	194
USA/WA-UW-21072637622/2021	195
USA/WA-UW-21043063318/2021	196
USA/WA-UW-21043007476/2021	197
USA/WA-UW-21063023732/2021	198
USA/WA-UW-21063006143/2021	198
USA/WA-CDC-UW21062590938/2021	199
USA/WA-UW-21042649613/2021	200
USA/WA-UW-21042085549/2021	200
USA/WA-CDC-UW21100258018/2021	200
USA/WA-CDC-UW21100258283/2021	200
USA/WA-UW-21080295967/2021	201
USA/WA-UW-21042019332/2021	202
USA/WA-CDC-UW21070943989/2021	202
USA/WA-CDC-UW21101546985/2021	203
USA/WA-UW-21072951135/2021	204
USA/WA-S11435/2021	205
USA/WA-S11978/2021	205
USA/WA-S11981/2021	205
USA/WA-CDC-UW21080923310/2021	206
USA/WA-CDC-UW21081361688/2021	207
USA/WA-CDC-UW21090765133/2021	207
USA/WA-CDC-UW21090245727/2021	207
USA/WA-UW-21121348923/2021	208
USA/WA-CDC-UW21121616768/2021	208
USA/WA-CDC-QDX25930960/2021	209
USA/WA-UW-21120465513/2021	210
USA/WA-S10626/2021	211
USA/WA-UW-21062977862/2021	212
USA/WA-CDC-LC0091541/2021	212
USA/WA-UW-21072607844/2021	213
USA/WA-CDC-LC0271811/2021	214
USA/WA-PHL-001114/2021	215
USA/WA-S12340/2021	216
USA/WA-UW-21071337853/2021	216
USA/WA-CDC-UW21071930088/2021	216
USA/WA-CDC-UW21072934357/2021	216
USA/WA-UW-21072604463/2021	216
USA/WA-UW-21071952200/2021	216
USA/WA-CDC-UW21071661671/2021	216
USA/WA-CDC-LC0248187/2021	217
USA/WA-CDC-UW21081488572/2021	218
USA/WA-UW-21061604282/2021	219
USA/WA-UW-21100515021/2021	220
USA/WA-S15489/2021	221
USA/WA-CDC-UW21111028181/2021	221
USA/WA-CDC-UW21062343396/2021	222
USA/WA-CDC-UW21082645820/2021	223
USA/WA-CDC-UW21091739875/2021	224
USA/WA-S10361/2021	225
USA/WA-CDC-UW21092506272/2021	226
USA/WA-S11922/2021	227
USA/WA-S16970/2022	227
USA/WA-CDC-UW21090348169/2021	228
USA/WA-CDC-LC0323961/2021	229
USA/WA-PHL-001265/2021	230
USA/WA-CDC-UW21081683015/2021	231
USA/WA-CDC-UW21072989893/2021	232
USA/WA-UW-21050510632/2021	233
USA/WA-CDC-UW21102050772/2021	234
USA/WA-UW-21110429076/2021	235
USA/WA-CDC-UW21120165687/2021	236
USA/WA-S18261/2021	236
USA/WA-UW-21110249517/2021	237
USA/WA-UW-21110499691/2021	238
USA/WA-UW-21110383544/2021	238
USA/WA-UW-21110452180/2021	238
USA/WA-CDC-UW21110846298/2021	239
USA/WA-CDC-QDX26446415/2021	240
USA/WA-CDC-UW21082711733/2021	241
USA/WA-S15792/2021	242
USA/WA-CDC-LC0471397/2022	243
USA/WA-CDC-LC0471643/2022	244
USA/WA-CDC-UW21100252205/2021	245
USA/WA-CDC-UW21111003772/2021	246
USA/WA-CDC-UW21090951705/2021	247
USA/WA-CDC-UW21090915458/2021	247
USA/WA-CDC-UW21090203287/2021	247
USA/WA-UW-21072383865/2021	248
USA/WA-UW-21111862783/2021	249
USA/WA-CDC-UW21121009957/2021	249
USA/WA-PHL-006933/2021	250
USA/WA-CDC-UW21111897277/2021	251
USA/WA-CDC-LC0471340/2022	252
USA/WA-CDC-UW21121365790/2021	252
USA/WA-PHL-007612/2021	252
USA/WA-PHL-007610/2021	252
USA/WA-S13115/2021	253
USA/WA-S15576/2021	254
USA/WA-CDC-ASC210077750/2021	255
USA/WA-UW-21120399862/2021	256
USA/WA-UW-21100569790/2021	257
USA/WA-CDC-ASC210454721/2021	258
USA/WA-CDC-UW21120132394/2021	259
USA/WA-CDC-UW21120238031/2021	260
USA/WA-CDC-UW21112921388/2021	260
USA/WA-CDC-UW21090886773/2021	261
USA/WA-CDC-UW21100100296/2021	262
USA/WA-PHL-008057/2021	263
USA/WA-Altius-ALTCOV-B27EXN2DKVDMHCWR/2021	264
USA/WA-CDC-UW21081643297/2021	265
USA/WA-CDC-UW21081364620/2021	266
USA/WA-CDC-UW21073167578/2021	266
USA/WA-CDC-UW21110808293/2021	266
USA/WA-CDC-LC0397508/2021	266
USA/WA-CDC-UW21112304454/2021	266
USA/WA-CDC-UW21112316163/2021	266
USA/WA-CDC-UW22012565211/2022	266
USA/WA-CDC-UW21082572679/2021	267
USA/WA-CDC-UW21082853730/2021	268
USA/WA-CDC-UW21083069551/2021	268
USA/WA-PHL-005026/2021	269
USA/WA-UW-21072279130/2021	270
USA/WA-CDC-UW21073062337/2021	270
USA/WA-CDC-UW21082734255/2021	271
USA/WA-CDC-LC0299241/2021	271
USA/WA-PHL-008045/2021	272
USA/WA-CDC-UW21112944368/2021	272
USA/WA-CDC-UW21071967058/2021	273
USA/WA-CDC-LC0357872/2021	274
USA/WA-UW-21102144210/2021	275
USA/WA-S13192/2021	276
USA/WA-CDC-UW21120765999/2021	277
USA/WA-UW-21102909081/2021	278
USA/WA-CDC-UW21120920423/2021	279
USA/WA-CDC-UW21120848992/2021	280
USA/WA-UW-21102925158/2021	281
USA/WA-S15700/2021	282
USA/WA-S10674/2021	283
USA/WA-CDC-UW21111518932/2021	284
USA/WA-UW-21120363566/2021	285
USA/WA-CDC-UW21121361713/2021	286
USA/WA-CDC-UW21090820618/2021	287
USA/WA-CDC-UW21091615789/2021	287
USA/WA-PHL-005642/2021	287
USA/WA-UW-21101604595/2021	288
USA/WA-S10593/2021	289
USA/WA-CDC-UW21080887469/2021	289
USA/WA-CDC-UW21080899207/2021	289
USA/WA-UW-21072942414/2021	289
USA/WA-CDC-UW21081983981/2021	289
USA/WA-S11153/2021	289
USA/WA-S10578/2021	289
USA/WA-CDC-UW21102205928/2021	290
USA/WA-CDC-UW21111933882/2021	291
USA/WA-CDC-UW21121490176/2021	292
USA/WA-CDC-UW21121049212/2021	293
USA/WA-S11221/2021	294
USA/WA-CDC-UW21120812463/2021	295
USA/WA-UW-21102940567/2021	296
USA/WA-UW-21081214730/2021	297
USA/WA-CDC-UW21092106790/2021	297
USA/WA-UW-21090824277/2021	297
USA/WA-UW-21100622522/2021	297
USA/WA-S13118/2021	298
USA/WA-CDC-UW21100271426/2021	299
USA/WA-UW-21102948004/2021	300
USA/WA-CDC-UW21121480328/2021	301
USA/WA-PHL-007963/2021	302
USA/WA-UW-21100989760/2021	303
USA/WA-CDC-UW21110815671/2021	304
USA/WA-CDC-UW21111066169/2021	305
USA/WA-CDC-UW21121433037/2021	306
USA/WA-CDC-UW21111598955/2021	307
USA/WA-CDC-UW21100190782/2021	308
USA/WA-PHL-007606/2021	309
USA/WA-CDC-UW21122307966/2021	310
USA/WA-S15690/2021	311
USA/WA-CDC-UW21121403813/2021	312
USA/WA-CDC-UW21121097135/2021	313
USA/WA-CDC-UW21121129259/2021	313
USA/WA-CDC-UW21120938523/2021	313
USA/WA-CDC-UW21120993073/2021	313
USA/WA-CDC-UW21120904560/2021	313
USA/WA-CDC-UW21120825090/2021	314
USA/WA-CDC-UW21120835072/2021	315
USA/WA-CDC-UW21092521967/2021	316
USA/WA-CDC-UW21100313169/2021	317
USA/WA-CDC-UW21060558739/2021	318
USA/WA-CDC-UW21121773446/2021	319
USA/WA-CDC-UW21081635282/2021	320
USA/WA-UW-21081220770/2021	320
USA/WA-CDC-UW21100151819/2021	320
USA/WA-CDC-UW21100298079/2021	320
USA/WA-S15591/2021	320
USA/WA-CDC-UW21100246659/2021	320
USA/WA-S12617/2021	320
USA/WA-S12633/2021	320
USA/WA-CDC-UW21100141114/2021	320
USA/WA-S15572/2021	320
USA/WA-CDC-UW21092064934/2021	321
USA/WA-S12625/2021	322
USA/WA-S15543/2021	323
USA/WA-UW-21092866124/2021	324
USA/WA-S12933/2021	325
USA/WA-UW-21090234121/2021	326
USA/WA-CDC-UW21120191487/2021	327
USA/WA-CDC-UW21121825099/2021	328
USA/WA-CDC-LC0361381/2021	329
USA/WA-UW-21102896022/2021	330
USA/WA-CDC-UW21110305440/2021	330
USA/WA-CDC-UW21110123726/2021	331
USA/WA-CDC-LC0127180/2021	332
USA/WA-CDC-UW21050631997/2021	333
USA/WA-CDC-UW21120462234/2021	334
USA/WA-CDC-UW21121886392/2021	334
USA/WA-PHL-002112/2021	335
USA/WA-CDC-UW21121398683/2021	336
USA/WA-CDC-UW21121691785/2021	337
USA/WA-CDC-UW21091190687/2021	338
USA/WA-CDC-UW21112971578/2021	339
USA/WA-CDC-UW21120823765/2021	340
USA/WA-CDC-UW21073125298/2021	341
USA/WA-CDC-UW21121110888/2021	342
USA/WA-PHL-001574/2021	343
USA/WA-PHL-001762/2021	344
USA/WA-CDC-UW21082764091/2021	345
USA/WA-CDC-UW21102008201/2021	346
USA/WA-CDC-LC0153012/2021	347
USA/WA-UW-21120321210/2021	348
USA/WA-UW-21090386283/2021	349
USA/WA-CDC-LC0417266/2021	350
USA/WA-CDC-LC0367197/2021	350
USA/WA-CDC-LC0367730/2021	350
USA/WA-CDC-UW21111376953/2021	350
USA/WA-CDC-UW21111034542/2021	351
USA/WA-CDC-LC0347521/2021	352
USA/WA-CDC-LC0345968/2021	353
USA/WA-CDC-UW21121376228/2021	354
USA/WA-CDC-UW21120920571/2021	354
USA/WA-CDC-UW21120111155/2021	355
USA/WA-S15646/2021	356
USA/WA-UW-21081184594/2021	357
USA/WA-CDC-UW21123139366/2021	358
USA/WA-UW-21111592233/2021	359
USA/WA-S11936/2021	360
USA/WA-S11984/2021	361
USA/WA-S15564/2021	362
USA/WA-S12610/2021	362
USA/WA-S12607/2021	363
USA/WA-CDC-UW21101192086/2021	364
USA/WA-S15589/2021	365
USA/WA-S14852/2021	366
USA/WA-CDC-UW21101108673/2021	367
USA/WA-S13175/2021	368
USA/WA-S12620/2021	368
USA/WA-S15558/2021	368
USA/WA-S15555/2021	368
USA/WA-S13217/2021	369
USA/WA-S13223/2021	369
USA/WA-CDC-UW21060723244/2021	370
USA/WA-CDC-UW21060776197/2021	370
USA/WA-CDC-UW21060749869/2021	370
USA/WA-UW-21080237245/2021	371
USA/WA-CDC-UW21110882740/2021	372
USA/WA-S9510/2021	373
USA/WA-S9509/2021	373
USA/WA-CDC-UW21070862189/2021	374
USA/WA-S15256/2021	375
USA/WA-CDC-UW21092185941/2021	376
USA/WA-CDC-UW21090209405/2021	377
USA/WA-CDC-UW21112053933/2021	378
USA/WA-S15692/2021	379
USA/WA-S17836/2021	379
USA/WA-CDC-UW21092259796/2021	380
USA/WA-UW-21111573488/2021	380
USA/WA-CDC-UW21111564487/2021	380
USA/WA-CDC-UW21111008054/2021	380
USA/WA-CDC-UW21121135237/2021	381
USA/WA-UW-21092818932/2021	382
USA/WA-CDC-UW21102243146/2021	383
USA/WA-CDC-UW21102235307/2021	383
USA/WA-UW-21111594636/2021	384
USA/WA-UW-21111550085/2021	385
USA/WA-CDC-UW21090246139/2021	386
USA/WA-S13535/2021	387
USA/WA-CDC-UW21120827487/2021	388
USA/WA-CDC-UW21091072100/2021	389
USA/WA-CDC-UW21110214801/2021	390
USA/WA-CDC-UW21081328452/2021	391
USA/WA-CDC-UW21102302430/2021	392
USA/WA-S12572/2021	393
USA/WA-CDC-UW21100274292/2021	393
USA/WA-CDC-UW21101505916/2021	394
USA/WA-S15098/2021	394
USA/WA-UW-21100535789/2021	394
USA/WA-UW-21100556002/2021	394
USA/WA-PHL-006577/2021	395
USA/WA-CDC-UW21111599582/2021	396
USA/WA-UW-21092509930/2021	397
USA/WA-CDC-UW21111067255/2021	398
USA/WA-S9843/2021	399
USA/WA-CDC-UW21071752696/2021	400
USA/WA-CDC-UW21073062434/2021	400
USA/WA-UW-21101667206/2021	401
USA/WA-CDC-UW21090322185/2021	401
USA/WA-UW-21082021656/2021	402
USA/WA-UW-21072716906/2021	403
USA/WA-CDC-UW21073187892/2021	403
USA/WA-Altius-ALTCOV-XBSB6ZOBO5OH7HDG/2021	403
USA/WA-Altius-ALTCOV-TCCESQ4E52YR67BA/2021	403
USA/WA-CDC-UW21060519704/2021	403
USA/WA-CDC-UW21060772236/2021	403
USA/WA-UW-21060768398/2021	403
USA/WA-CDC-UW21060761364/2021	403
USA/WA-UW-21081977344/2021	404
USA/WA-S9567/2021	405
USA/WA-UW-21063084731/2021	406
USA/WA-UW-21060872037/2021	407
USA/WA-CDC-LC0200461/2021	408
USA/WA-PHL-007131/2021	409
USA/WA-CDC-ASC210453526/2021	410
USA/WA-UW-21081251038/2021	411
USA/WA-CDC-LC0273514/2021	412
USA/WA-CDC-UW21090218361/2021	413
USA/WA-CDC-UW21091692277/2021	414
USA/WA-UW-21102321412/2021	415
USA/WA-CDC-UW21090856033/2021	416
USA/WA-UW-21090620834/2021	416
USA/WA-CDC-LC0282187/2021	417
USA/WA-UW-21090869321/2021	418
USA/WA-UW-21072309822/2021	419
USA/WA-CDC-UW21102097967/2021	419
USA/WA-CDC-UW21101188516/2021	419
USA/WA-UW-21102976123/2021	420
USA/WA-CDC-UW21090750514/2021	421
USA/WA-CDC-UW21072635481/2021	422
USA/WA-CDC-UW21121778686/2021	423
USA/WA-CDC-LC0323362/2021	424
USA/WA-PHL-005014/2021	424
USA/WA-CDC-UW21090804773/2021	425
USA/WA-CDC-UW21091071101/2021	426
USA/WA-UW-21092341379/2021	427
USA/WA-UW-21080746708/2021	428
USA/WA-CDC-UW21102178251/2021	429
USA/WA-S13036/2021	430
USA/WA-CDC-UW21102168450/2021	431
USA/WA-CDC-UW21113098839/2021	432
USA/WA-CDC-UW21121089743/2021	433
USA/WA-CDC-UW21120990790/2021	433
USA/WA-UW-21112391983/2021	434
USA/WA-CDC-UW22012560272/2022	435
USA/WA-CDC-UW21080284981/2021	436
USA/WA-CDC-UW21072948806/2021	437
USA/WA-UW-21080209363/2021	438
USA/WA-S11929/2021	439
USA/WA-S13027/2021	440
USA/WA-CDC-UW21102213736/2021	441
USA/WA-CDC-UW21102144631/2021	441
USA/WA-UW-21112988106/2021	442
USA/WA-CDC-UW21110814425/2021	443
USA/WA-CDC-LC0328267/2021	444
USA/WA-CDC-UW21101566538/2021	445
USA/WA-CDC-UW21112263465/2021	446
USA/WA-CDC-UW21102294292/2021	447
USA/WA-PHL-008047/2021	448
USA/WA-UW-21081191799/2021	449
USA/WA-UW-21081109555/2021	450
USA/WA-UW-21080266859/2021	451
USA/WA-UW-21072769632/2021	451
USA/WA-PHL-001293/2021	451
USA/WA-CDC-LC0153054/2021	451
USA/WA-UW-21072846531/2021	451
USA/WA-CDC-UW21090761884/2021	451
USA/WA-UW-21072860397/2021	451
USA/WA-CDC-UW21072936516/2021	451
USA/WA-UW-21072939937/2021	451
USA/WA-CDC-UW21081858729/2021	452
USA/WA-CDC-LC0232207/2021	452
USA/WA-UW-21080714917/2021	453
USA/WA-UW-21072879677/2021	454
USA/WA-CDC-UW21073006868/2021	454
USA/WA-CDC-UW21080213619/2021	454
USA/WA-CDC-UW21081791648/2021	454
USA/WA-CDC-UW21092101853/2021	454
USA/WA-S12609/2021	454
USA/WA-S12935/2021	454
USA/WA-CDC-UW21101160727/2021	454
USA/WA-CDC-UW21092223973/2021	454
USA/WA-UW-21072443221/2021	454
USA/WA-UW-21072459329/2021	454
USA/WA-UW-21072391533/2021	454
USA/WA-UW-21072462606/2021	454
USA/WA-UW-21072738792/2021	454
USA/WA-S10683/2021	454
USA/WA-CDC-UW21073134613/2021	454
USA/WA-CDC-UW21073147405/2021	454
USA/WA-CDC-UW21073187502/2021	454
USA/WA-UW-21073077524/2021	454
USA/WA-CDC-UW21081462015/2021	454
USA/WA-S10049/2021	454
USA/WA-UW-21092861164/2021	455
USA/WA-CDC-UW21121786874/2021	456
USA/WA-CDC-UW21091868426/2021	457
USA/WA-CDC-UW21120836119/2021	458
USA/WA-CDC-UW21101401879/2021	459
USA/WA-CDC-UW21082550514/2021	460
USA/WA-CDC-UW21111063502/2021	461
USA/WA-CDC-UW21082503382/2021	462
USA/WA-UW-21081727570/2021	462
USA/WA-CDC-UW21062118200/2021	463
USA/WA-S14441/2021	464
USA/WA-CDC-LC0325145/2021	465
USA/WA-CDC-UW21111064675/2021	466
USA/WA-S15163/2021	467
USA/WA-CDC-UW21111025737/2021	467
USA/WA-CDC-UW21090910387/2021	468
USA/WA-CDC-UW21090790642/2021	469
USA/WA-CDC-UW21110941019/2021	470
USA/WA-CDC-UW21111162426/2021	471
USA/WA-CDC-UW21110801207/2021	471
USA/WA-CDC-UW21111010532/2021	472
USA/WA-CDC-UW21121774015/2021	473
USA/WA-CDC-UW21121396100/2021	474
USA/WA-CDC-UW21121475326/2021	474
USA/WA-UW-21091308698/2021	475
USA/WA-CDC-UW21082629626/2021	476
USA/WA-CDC-UW21101865662/2021	477
USA/WA-CDC-UW21101498118/2021	477
USA/WA-CDC-UW21092257235/2021	478
USA/WA-CDC-QDX30129820/2021	479
USA/WA-CDC-UW21121055795/2021	480
USA/WA-CDC-UW21121097230/2021	480
USA/WA-CDC-UW21121300810/2021	480
USA/WA-CDC-UW21121856776/2021	480
USA/WA-CDC-UW21121431291/2021	480
USA/WA-CDC-UW21121863615/2021	480
USA/WA-CDC-UW21110813244/2021	481
USA/WA-CDC-UW21090807350/2021	482
USA/WA-CDC-UW21121375210/2021	483
USA/WA-S10332/2021	484
USA/WA-PHL-005694/2021	485
USA/WA-CDC-UW21110872201/2021	486
USA/WA-CDC-UW21112936980/2021	486
USA/WA-CDC-UW21100229006/2021	487
USA/WA-PHL-005114/2021	488
USA/WA-PHL-005693/2021	489
USA/WA-UW-21102956418/2021	490
USA/WA-UW-21102813548/2021	490
USA/WA-CDC-UW21121339954/2021	491
USA/WA-S14324/2021	492
USA/WA-UW-21082760208/2021	492
USA/WA-CDC-UW21082643840/2021	493
USA/WA-CDC-UW21121123681/2021	494
USA/WA-CDC-UW21121486475/2021	495
USA/WA-CDC-UW21111019723/2021	496
USA/WA-CDC-UW21091723320/2021	497
USA/WA-UW-21102899931/2021	498
USA/WA-CDC-UW21090802517/2021	499
USA/WA-UW-21091422311/2021	500
USA/WA-CDC-UW21090855463/2021	501
USA/WA-CDC-UW21110896642/2021	502
USA/WA-CDC-UW21072392422/2021	503
USA/WA-CDC-LC0360829/2021	504
USA/WA-CDC-UW21111362941/2021	505
USA/WA-CDC-UW21102069596/2021	506
USA/WA-UW-21111547714/2021	507
USA/WA-PHL-007968/2021	508
USA/WA-UW-21111663292/2021	509
USA/WA-S15695/2021	510
USA/WA-CDC-UW21121845415/2021	511
USA/WA-UW-21081797219/2021	512
USA/WA-CDC-UW21121450935/2021	513
USA/WA-PHL-005925/2021	514
USA/WA-PHL-005936/2021	515
USA/WA-CDC-UW21062633756/2021	516
USA/WA-CDC-UW21062556729/2021	516
USA/WA-S12579/2021	517
USA/WA-S11155/2021	518
USA/WA-CDC-UW21081610327/2021	519
USA/WA-CDC-UW21091015158/2021	520
USA/WA-CDC-UW21111141041/2021	521
USA/WA-CDC-UW21070621420/2021	522
USA/WA-UW-21061798985/2021	523
USA/WA-UW-21063098901/2021	524
USA/WA-Altius-ALTCOV-SXY7JSOF73BGEVTC/2021	525
USA/WA-CDC-UW21062414653/2021	525
USA/WA-S9556/2021	525
USA/WA-CDC-UW21070726350/2021	526
USA/WA-CDC-UW21071418126/2021	527
USA/WA-CDC-UW21062495581/2021	528
USA/WA-CDC-UW21062427369/2021	529
USA/WA-CDC-UW21062543377/2021	530
USA/WA-CDC-UW21062627509/2021	530
USA/WA-CDC-UW21062747413/2021	530
USA/WA-PHL-001568/2021	531
USA/WA-CDC-UW21081770709/2021	532
USA/WA-UW-21090644766/2021	533
USA/WA-CDC-UW21091674224/2021	533
USA/WA-CDC-UW21090197852/2021	534
USA/WA-CDC-UW21091815756/2021	535
USA/WA-S9570/2021	536
USA/WA-Altius-ALTCOV-PHWQARPDFFK4AFUF/2021	537
USA/WA-CDC-UW21072982126/2021	538
USA/WA-CDC-LC0204955/2021	539
USA/WA-UW-21120250005/2021	540
USA/WA-CDC-UW21112313013/2021	541
USA/WA-UW-21120266714/2021	541
USA/WA-CDC-UW21120262500/2021	541
USA/WA-CDC-UW21120169798/2021	541
USA/WA-UW-2021041244547/2021	542
USA/WA-CDC-UW21102339064/2021	543
USA/WA-S13555/2021	544
USA/WA-CDC-UW21090752247/2021	544
USA/WA-Altius-ALTCOV-GELLGPUSHGAVRMUT/2021	545
USA/WA-CDC-UW21082727680/2021	546
USA/WA-CDC-LC0152967/2021	547
USA/WA-UW-21072644438/2021	548
USA/WA-CDC-UW21091063347/2021	549
USA/WA-CDC-UW21072285967/2021	550
USA/WA-CDC-UW21062415468/2021	551
USA/WA-CDC-UW21120949184/2021	552
USA/WA-CDC-UW21062338871/2021	553
USA/WA-S9584/2021	554
USA/WA-CDC-UW21072036124/2021	555
USA/WA-CDC-UW21080223667/2021	555
USA/WA-CDC-UW21073094277/2021	555
USA/WA-S12446/2021	556
USA/WA-CDC-UW21121033162/2021	557
USA/WA-UW-21111628430/2021	557
USA/WA-CDC-UW21112963520/2021	557
USA/WA-UW-21120252681/2021	557
USA/WA-CDC-UW21112935910/2021	557
USA/WA-S15472/2021	558
USA/WA-UW-21062940424/2021	559
USA/WA-UW-21062972239/2021	559
USA/WA-UW-21062988988/2021	559
USA/WA-CDC-UW21090978678/2021	560
USA/WA-CDC-UW21082871570/2021	560
USA/WA-S14446/2021	561
USA/WA-CDC-UW21121858814/2021	562
USA/WA-CDC-UW21121035940/2021	562
USA/WA-CDC-UW21120874165/2021	562
USA/WA-CDC-UW21120492265/2021	563
USA/WA-CDC-UW21112940783/2021	564
USA/WA-CDC-UW21112942414/2021	564
USA/WA-S14294/2021	565
USA/WA-UW-21092884933/2021	566
USA/WA-PHL-005106/2021	567
USA/WA-CDC-UW21100199951/2021	567
USA/WA-UW-21102895862/2021	567
USA/WA-CDC-UW21100218557/2021	567
USA/WA-S14849/2021	567
USA/WA-PHL-005464/2021	568
USA/WA-CDC-UW21112389345/2021	569
USA/WA-CDC-UW21102397729/2021	569
USA/WA-CDC-UW21120263709/2021	569
USA/WA-CDC-UW21102566415/2021	569
USA/WA-CDC-UW21111087947/2021	569
USA/WA-CDC-UW21110894603/2021	569
USA/WA-UW-21120209597/2021	569
USA/WA-CDC-UW21120107194/2021	569
USA/WA-CDC-UW21121198918/2021	569
USA/WA-CDC-UW21120866791/2021	569
USA/WA-CDC-UW21112606286/2021	570
USA/WA-CDC-UW21111991179/2021	571
USA/WA-CDC-UW21110806259/2021	571
USA/WA-CDC-UW21111340375/2021	571
USA/WA-CDC-UW21111141633/2021	571
USA/WA-CDC-UW21121424278/2021	572
USA/WA-CDC-UW21120818624/2021	572
USA/WA-UW-21111870066/2021	573
USA/WA-CDC-UW21120927100/2021	574
USA/WA-CDC-UW21121406415/2021	574
USA/WA-CDC-UW21121705626/2021	574
USA/WA-CDC-UW21121320522/2021	574
USA/WA-UW-21121487906/2021	575
USA/WA-CDC-UW21090298782/2021	576
USA/WA-PHL-005657/2021	576
USA/WA-CDC-UW21121883549/2021	577
USA/WA-S9849/2021	578
USA/WA-CDC-UW21121434456/2021	579
USA/WA-CDC-UW21090136329/2021	580
USA/WA-CDC-UW21120281397/2021	581
USA/WA-CDC-LC0323964/2021	582
USA/WA-CDC-UW21082751066/2021	583
USA/WA-UW-21092116781/2021	584
USA/WA-CDC-UW21100984177/2021	585
USA/WA-S15658/2021	586
USA/WA-S15168/2021	587
USA/WA-CDC-UW21120228471/2021	588
USA/WA-UW-21080209308/2021	589
USA/WA-CDC-LC0302034/2021	590
USA/WA-CDC-UW21112373257/2021	591
USA/WA-CDC-UW21111168647/2021	592
USA/WA-CDC-UW21111159546/2021	592
USA/WA-CDC-UW21111115675/2021	593
USA/WA-CDC-UW21121376696/2021	594
USA/WA-CDC-UW21070620589/2021	595
USA/WA-UW-21072702454/2021	596
USA/WA-S12444/2021	597
USA/WA-S11996/2021	597
USA/WA-CDC-UW21112217475/2021	598
USA/WA-CDC-UW21111317058/2021	598
USA/WA-UW-21111555069/2021	598
USA/WA-CDC-UW21120200919/2021	599
USA/WA-CDC-UW21120216162/2021	599
USA/WA-CDC-UW21120299098/2021	600
USA/WA-CDC-UW21073183407/2021	601
USA/WA-S15625/2021	602
USA/WA-CDC-UW21111996549/2021	602
USA/WA-UW-21111920573/2021	602
USA/WA-CDC-UW21111355248/2021	603
USA/WA-UW-21111690825/2021	604
USA/WA-CDC-UW21121050411/2021	605
USA/WA-CDC-UW21120115413/2021	606
USA/WA-UW-21111539026/2021	607
USA/WA-UW-21072854839/2021	608
USA/WA-CDC-LC0336256/2021	609
USA/WA-CDC-LC0367943/2021	610
USA/WA-CDC-UW21081469983/2021	611
USA/WA-CDC-UW21120211284/2021	612
USA/WA-CDC-UW21120873916/2021	613
USA/WA-UW-21071353120/2021	614
USA/WA-CDC-UW21110891183/2021	615
USA/WA-CDC-UW21073113254/2021	616
USA/WA-CDC-UW21091643103/2021	617
USA/WA-CDC-UW21120330149/2021	618
USA/WA-CDC-UW21082555400/2021	619
USA/WA-CDC-UW21080916108/2021	620
USA/WA-CDC-UW21120985888/2021	621
USA/WA-CDC-UW21120849283/2021	621
USA/WA-CDC-UW21120954572/2021	621
USA/WA-CDC-UW21120944242/2021	621
USA/WA-CDC-UW21121141165/2021	621
USA/WA-CDC-UW21121307988/2021	621
USA/WA-CDC-UW22010226634/2022	621
USA/WA-CDC-UW21121612838/2021	621
USA/WA-CDC-UW21120866630/2021	621
USA/WA-CDC-UW21120928316/2021	621
USA/WA-CDC-UW21120844603/2021	621
USA/WA-S15674/2021	621
USA/WA-CDC-UW21120725136/2021	621
USA/WA-S18278/2021	621
USA/WA-CDC-UW21121399914/2021	621
USA/WA-CDC-UW21121449429/2021	621
USA/WA-CDC-UW21120851910/2021	621
USA/WA-CDC-UW21121199040/2021	621
USA/WA-CDC-UW21121044799/2021	621
USA/WA-CDC-UW21121073431/2021	621
USA/WA-CDC-UW21121096101/2021	621
USA/WA-CDC-UW21121402765/2021	621
USA/WA-CDC-UW21121066912/2021	621
USA/WA-CDC-UW21121445217/2021	621
USA/WA-CDC-UW21121488946/2021	622
USA/WA-S15462/2021	623
USA/WA-CDC-UW21121041917/2021	624
USA/WA-CDC-UW21081658518/2021	625
USA/WA-UW-21120901918/2021	626
USA/WA-CDC-LC0427747/2021	627
USA/WA-CDC-UW21120118707/2021	628
USA/WA-CDC-UW21121052392/2021	629
USA/WA-CDC-UW21120235413/2021	630
USA/WA-PHL-007385/2021	631
USA/WA-UW-21080258332/2021	632
USA/WA-CDC-UW21102086124/2021	633
USA/WA-CDC-UW21090955425/2021	634
USA/WA-UW-21080251290/2021	635
USA/WA-CDC-UW21102663609/2021	636
USA/WA-CDC-UW21072077318/2021	637
USA/WA-UW-21072470710/2021	637
USA/WA-CDC-QDX26765175/2021	638
USA/WA-UW-21080716186/2021	639
USA/WA-CDC-UW21090363559/2021	640
USA/WA-CDC-UW21090969155/2021	641
USA/WA-UW-21092138021/2021	641
USA/WA-UW-21092167746/2021	641
USA/WA-UW-21091473180/2021	642
USA/WA-UW-21081721635/2021	643
USA/WA-CDC-UW21120110783/2021	644
USA/WA-UW-21102123621/2021	645
USA/WA-CDC-UW21090889149/2021	646
USA/WA-CDC-UW21120418878/2021	647
USA/WA-CDC-UW21110937103/2021	648
USA/WA-CDC-UW21111154567/2021	649
USA/WA-UW-21072814954/2021	650
USA/WA-UW-21111580492/2021	651
USA/WA-UW-21092835026/2021	651
USA/WA-UW-21091314773/2021	652
USA/WA-CDC-UW21081962613/2021	653
USA/WA-CDC-LC0329137/2021	654
USA/WA-CDC-UW21091080166/2021	655
USA/WA-CDC-UW21061943298/2021	656
USA/WA-CDC-UW21062027733/2021	657
USA/WA-PHL-007111/2021	658
USA/WA-CDC-UW21111942747/2021	659
USA/WA-PHL-006922/2021	660
USA/WA-UW-21072402258/2021	661
USA/WA-CDC-UW22010108975/2022	661
USA/WA-CDC-UW21120478839/2021	661
USA/WA-CDC-UW21121469883/2021	661
USA/WA-CDC-UW21092504752/2021	662
USA/WA-CDC-UW21111181438/2021	663
USA/WA-CDC-UW21120936582/2021	664
USA/WA-CDC-UW21102649705/2021	665
USA/WA-UW-21102178261/2021	665
USA/WA-UW-21081260668/2021	666
USA/WA-CDC-UW21121119568/2021	667
USA/WA-CDC-UW21121062379/2021	668
USA/WA-S10420/2021	669
USA/WA-UW-21072690692/2021	670
USA/WA-UW-21072338591/2021	671
USA/WA-CDC-UW21072010211/2021	672
USA/WA-UW-21072285009/2021	672
USA/WA-CDC-UW21073013885/2021	673
USA/WA-UW-21062969413/2021	674
USA/WA-UW-21061671751/2021	674
USA/WA-UW-21100538260/2021	674
USA/WA-UW-21072980978/2021	674
USA/WA-S10804/2021	674
USA/WA-UW-21072767209/2021	674
USA/WA-UW-21091354370/2021	674
USA/WA-PHL-006552/2021	675
USA/WA-CDC-UW22010752230/2022	676
USA/WA-CDC-UW21073127616/2021	677
USA/WA-CDC-UW21071560296/2021	678
USA/WA-CDC-UW21072091129/2021	679
USA/WA-UW-21092388574/2021	680
USA/WA-CDC-UW21090720902/2021	681
USA/WA-CDC-UW21102088776/2021	682
USA/WA-CDC-UW21081484811/2021	683
USA/WA-CDC-UW21081998381/2021	683
USA/WA-CDC-UW21081709542/2021	684
USA/WA-UW-21072875310/2021	685
USA/WA-CDC-UW21081768229/2021	686
USA/WA-UW-21072740916/2021	687
USA/WA-UW-21072705657/2021	687
USA/WA-UW-21073111603/2021	687
USA/WA-CDC-UW21073021548/2021	687
USA/WA-CDC-UW21081759449/2021	687
USA/WA-CDC-UW21081413285/2021	687
USA/WA-UW-21072365950/2021	688
USA/WA-UW-21052827895/2021	689
USA/WA-CDC-UW21090761740/2021	690
USA/WA-UW-21081690662/2021	691
USA/WA-CDC-UW21062895366/2021	692
USA/WA-S15230/2021	693
USA/WA-S10686/2021	694
USA/WA-CDC-UW21102303368/2021	695
USA/WA-S9485/2021	696
USA/WA-CDC-UW21081389389/2021	697
USA/WA-UW-21072374442/2021	698
USA/WA-UW-21090354647/2021	699
USA/WA-CDC-UW21073072193/2021	700
USA/WA-CDC-UW21073159994/2021	701
USA/WA-UW-21081780025/2021	702
USA/WA-PHL-006604/2021	703
USA/WA-CDC-UW21110330699/2021	703
USA/WA-UW-21112228814/2021	703
USA/WA-CDC-LC0232197/2021	704
USA/WA-CDC-UW21090217003/2021	705
USA/WA-CDC-UW21090296969/2021	706
USA/WA-UW-21102851499/2021	707
USA/WA-UW-21090341758/2021	708
USA/WA-CDC-UW21090396861/2021	708
USA/WA-CDC-UW21111817383/2021	709
USA/WA-CDC-LC0318494/2021	710
USA/WA-CDC-UW21081383077/2021	711
USA/WA-CDC-UW21072913404/2021	712
USA/WA-CDC-UW21081791368/2021	713
USA/WA-PHL-006570/2021	714
USA/WA-UW-21063026569/2021	715
USA/WA-UW-21113038410/2021	716
USA/WA-CDC-UW21100129297/2021	717
USA/WA-CDC-UW21062402778/2021	718
USA/WA-UW-21061570825/2021	719
USA/WA-S10803/2021	720
USA/WA-S10807/2021	721
USA/WA-UW-21072839698/2021	722
USA/WA-CDC-UW21071785729/2021	722
USA/WA-UW-21080393547/2021	723
USA/WA-CDC-UW21072938142/2021	723
USA/WA-CDC-UW21073077805/2021	723
USA/WA-S10713/2021	723
USA/WA-CDC-ASC210231710/2021	723
USA/WA-CDC-UW21072235148/2021	723
USA/WA-UW-21072268064/2021	723
USA/WA-CDC-UW21072120404/2021	723
USA/WA-CDC-UW21072168351/2021	723
USA/WA-UW-21072448905/2021	723
USA/WA-UW-21071208519/2021	723
USA/WA-UW-21071448541/2021	723
USA/WA-CDC-UW21071989996/2021	723
USA/WA-UW-21072782674/2021	723
USA/WA-UW-21072834762/2021	723
USA/WA-CDC-UW21081911164/2021	724
USA/WA-S11913/2021	725
USA/WA-CDC-UW21101167261/2021	726
USA/WA-CDC-LC0323477/2021	727
USA/WA-UW-21100564835/2021	727
USA/WA-CDC-UW21102090367/2021	728
USA/WA-CDC-UW21110297773/2021	729
USA/WA-UW-21070922378/2021	730
USA/WA-CDC-UW21080978544/2021	730
USA/WA-UW-21072379441/2021	730
USA/WA-CDC-UW21062443289/2021	731
USA/WA-UW-21062928668/2021	732
USA/WA-UW-21062938880/2021	732
USA/WA-CDC-LC0210531/2021	733
USA/WA-PHL-004874/2021	734
USA/WA-UW-21111852881/2021	735
USA/WA-CDC-UW21081487637/2021	736
USA/WA-CDC-LC0275740/2021	737
USA/WA-CDC-UW21081383246/2021	738
USA/WA-CDC-UW21090340927/2021	739
USA/WA-S13540/2021	739
USA/WA-S13549/2021	739
USA/WA-CDC-UW21091675511/2021	739
USA/WA-CDC-LC0265383/2021	739
USA/WA-CDC-QDX26446427/2021	740
USA/WA-CDC-UW21070623660/2021	741
USA/WA-UW-21072370849/2021	742
USA/WA-UW-21072957801/2021	743
USA/WA-CDC-LC0101655/2021	744
USA/WA-CDC-UW21073031443/2021	745
USA/WA-UW-21071397281/2021	746
USA/WA-S13367/2021	747
USA/WA-CDC-UW21072176151/2021	748
USA/WA-PHL-002083/2021	749
USA/WA-S11995/2021	750
USA/WA-CDC-UW21112062082/2021	750
USA/WA-CDC-UW21112098299/2021	750
USA/WA-CDC-UW21100916269/2021	751
USA/WA-CDC-UW21121287819/2021	752
USA/WA-CDC-UW21122460866/2021	752
USA/WA-UW-21121806077/2021	752
USA/WA-CDC-UW21120950964/2021	753
USA/WA-CDC-UW21090851801/2021	754
USA/WA-UW-21041997270/2021	755
USA/WA-CDC-UW21050411576/2021	756
USA/WA-UW-21051308994/2021	757
USA/WA-UW-21042343135/2021	758
USA/WA-UW-22022871271/2022	759
USA/WA-PHL-005558/2021	759
USA/WA-UW-21122135967/2021	760
USA/WA-CDC-UW21111050418/2021	761
USA/WA-CDC-UW21121445393/2021	762
USA/WA-CDC-LC0444907/2021	762
USA/WA-CDC-LC0444909/2021	762
USA/WA-UW-21111672803/2021	763
USA/WA-CDC-UW21081868430/2021	764
USA/WA-CDC-UW21090319813/2021	765
USA/WA-S14432/2021	766
USA/WA-UW-21071966262/2021	767
USA/WA-CDC-UW21102149379/2021	768
USA/WA-S12569/2021	769
USA/WA-CDC-UW21120177459/2021	770
USA/WA-UW-21092953083/2021	771
USA/WA-UW-21092543606/2021	772
USA/WA-UW-21100521542/2021	772
USA/WA-CDC-UW21110167987/2021	772
USA/WA-CDC-UW21091144623/2021	773
USA/WA-UW-21112416557/2021	774
USA/WA-CDC-UW21091833362/2021	775
USA/WA-UW-21112227736/2021	776
USA/WA-CDC-UW22010260573/2022	777
USA/WA-CDC-UW21111384387/2021	778
USA/WA-CDC-UW21111540138/2021	778
USA/WA-PHL-005681/2021	778
USA/WA-CDC-UW21121731321/2021	779
USA/WA-CDC-UW21121156220/2021	780
USA/WA-CDC-UW21072608445/2021	781
USA/WA-UW-21072350649/2021	782
USA/WA-UW-21072271741/2021	783
USA/WA-UW-21072208219/2021	783
USA/WA-CDC-LC0338521/2021	784
USA/WA-UW-21073000438/2021	785
USA/WA-PHL-005944/2021	786
USA/WA-PHL-007965/2021	787
USA/WA-CDC-UW21072112750/2021	788
USA/WA-CDC-UW21072108692/2021	788
USA/WA-CDC-UW21110315674/2021	789
USA/WA-CDC-UW21071406131/2021	790
USA/WA-CDC-UW21101497153/2021	791
USA/WA-S15254/2021	792
USA/WA-UW-21081664348/2021	793
USA/WA-UW-21102259545/2021	794
USA/WA-CDC-UW21082645304/2021	795
USA/WA-CDC-LC0204954/2021	795
USA/WA-CDC-UW21081410676/2021	796
USA/WA-CDC-UW21081741645/2021	797
USA/WA-CDC-UW21082626591/2021	798
USA/WA-UW-21081822755/2021	799
USA/WA-CDC-UW21081758351/2021	800
USA/WA-S12109/2021	801
USA/WA-S12490/2021	802
USA/WA-CDC-UW21090393812/2021	802
USA/WA-UW-21060986296/2021	803
USA/WA-CDC-UW21050443406/2021	804
USA/WA-CDC-UW21050373513/2021	805
USA/WA-S7580/2021	806
USA/WA-S7579/2021	806
USA/WA-UW-21042100798/2021	807
USA/WA-CDC-UW21050651822/2021	807
USA/WA-UW-21043093926/2021	807
USA/WA-UW-21042684042/2021	807
USA/WA-UW-21090365532/2021	808
USA/WA-UW-21092165047/2021	809
USA/WA-UW-21081659055/2021	810
USA/WA-CDC-UW21090213930/2021	811
USA/WA-UW-21063011737/2021	812
USA/WA-UW-21061766108/2021	813
USA/WA-Altius-ALTCOV-DNZCYZMXDJVTNAGC/2021	813
USA/WA-UW-21071905865/2021	814
USA/WA-CDC-UW21081308793/2021	815
USA/WA-CDC-UW21081785250/2021	816
USA/WA-UW-21081298349/2021	817
USA/WA-S11827/2021	817
USA/WA-S11243/2021	818
USA/WA-UW-21111576798/2021	819
USA/WA-CDC-UW21071646546/2021	820
USA/WA-UW-21072668896/2021	820
USA/WA-UW-21080267103/2021	820
USA/WA-CDC-UW21111097221/2021	821
USA/WA-UW-21100696133/2021	821
USA/WA-CDC-UW21073024928/2021	821
USA/WA-UW-21073007182/2021	822
USA/WA-UW-21072319951/2021	823
USA/WA-UW-21102847553/2021	824
USA/WA-UW-21100510839/2021	825
USA/WA-CDC-UW21113040050/2021	826
USA/WA-UW-21063050908/2021	827
USA/WA-S18647/2021	828
USA/WA-CDC-ASC210364445/2021	828
USA/WA-S15058/2021	828
USA/WA-CDC-UW21100236285/2021	828
USA/WA-CDC-UW21101495207/2021	828
USA/WA-CDC-LC0340939/2021	828
USA/WA-CDC-UW21110854845/2021	828
USA/WA-CDC-UW21070107799/2021	829
USA/WA-CDC-UW21072976511/2021	830
USA/WA-UW-21072725490/2021	831
USA/WA-UW-21072244074/2021	831
USA/WA-CDC-UW21080293647/2021	832
USA/WA-UW-21072620825/2021	833
USA/WA-UW-21092578039/2021	834
USA/WA-UW-21102823640/2021	834
USA/WA-CDC-UW21100249736/2021	835
USA/WA-CDC-UW21100112319/2021	835
USA/WA-CDC-UW21101457742/2021	836
USA/WA-UW-21090304524/2021	837
USA/WA-UW-21101597675/2021	838
USA/WA-CDC-UW21112960292/2021	839
USA/WA-CDC-UW21120861251/2021	840
USA/WA-CDC-UW21070737647/2021	841
USA/WA-UW-21072403880/2021	842
USA/WA-CDC-UW21100140510/2021	843
USA/WA-CDC-UW21073191997/2021	844
USA/WA-CDC-UW21073111087/2021	844
USA/WA-CDC-LC0152989/2021	845
USA/WA-CDC-UW21101558505/2021	846
USA/WA-CDC-UW21090947036/2021	847
USA/WA-CDC-UW21100261596/2021	848
USA/WA-PHL-005020/2021	849
USA/WA-CDC-UW21081708635/2021	850
USA/WA-CDC-UW21100274840/2021	851
USA/WA-CDC-UW21071493916/2021	852
USA/WA-UW-21072253727/2021	853
USA/WA-UW-21072235993/2021	853
USA/WA-S12575/2021	854
USA/WA-CDC-UW21102537088/2021	855
USA/WA-CDC-UW21090803421/2021	856
USA/WA-CDC-UW21090867036/2021	856
USA/WA-CDC-UW21100251654/2021	857
USA/WA-CDC-UW21091743822/2021	858
USA/WA-S14424/2021	858
USA/WA-PHL-008373/2021	859
USA/WA-CDC-UW21120422283/2021	860
USA/WA-CDC-UW21120414924/2021	860
USA/WA-CDC-UW21100116505/2021	861
USA/WA-CDC-UW21120274904/2021	862
USA/WA-CDC-LC0335237/2021	863
USA/WA-UW-21072957704/2021	864
USA/WA-CDC-UW21072174841/2021	864
USA/WA-Altius-ALTCOV-E6UP6ZHBNM5XHOFW/2021	865
USA/WA-CDC-UW21050386909/2021	866
USA/WA-Altius-ALTCOV-CCVRFMOIEFFOSMAC/2021	867
USA/WA-PHL-001567/2021	868
USA/WA-UW-21042310141/2021	869
USA/WA-CDC-UW21082893190/2021	870
USA/WA-Altius-ALTCOV-XOYRMACJNEITMPFG/2021	871
USA/WA-UW-21042077918/2021	872
USA/WA-CDC-UW21042106980/2021	872
USA/WA-UW-21042185581/2021	873
USA/WA-CDC-UW21120351872/2021	874
USA/WA-CDC-UW21060237130/2021	875
USA/WA-CDC-LC0078687/2021	876
USA/WA-UW-21072134229/2021	877
USA/WA-CDC-UW21090781913/2021	878
USA/WA-CDC-UW21091934401/2021	879
USA/WA-CDC-UW21081646663/2021	880
USA/WA-CDC-UW21072715933/2021	881
USA/WA-CDC-LC0419155/2021	882
USA/WA-PHL-012346/2022	883
USA/WA-UW-2021041224321/2021	884
USA/WA-UW-21051534145/2021	885
USA/WA-CDC-UW21073184603/2021	886
USA/WA-UW-21080228380/2021	887
USA/WA-CDC-UW21110881372/2021	888
USA/WA-S10089/2021	889
USA/WA-PHL-000665/2021	890
USA/WA-CDC-UW21100246898/2021	891
USA/WA-Altius-ALTCOV-TKO3VO3OW7LNMWQI/2021	892
USA/WA-Altius-ALTCOV-WXUTIMXDOWC2ZDBT/2021	892
USA/WA-Altius-ALTCOV-YM2WOQO2IP5HDBW5/2021	892
USA/WA-CDC-UW21092541395/2021	893
USA/WA-CDC-UW21121353263/2021	894
USA/WA-CDC-UW21110832873/2021	895
USA/WA-UW-21081638646/2021	896
USA/WA-CDC-UW21081631722/2021	897
USA/WA-CDC-UW21081905792/2021	898
USA/WA-CDC-UW21111044817/2021	899
USA/WA-UW-21072654119/2021	900
USA/WA-CDC-UW21120484833/2021	901
USA/WA-UW-21050536769/2021	902
USA/WA-CDC-UW21081607089/2021	903
USA/WA-UW-21080661480/2021	904
USA/WA-Altius-ALTCOV-AZTZ5PTDCJEJXLXW/2021	905
USA/WA-CDC-UW21052642783/2021	905
USA/WA-UW-21052286898/2021	905
USA/WA-UW-21052293318/2021	905
USA/WA-Altius-ALTCOV-4NCUODYESTAPGLQA/2021	905
USA/WA-UW-21052108233/2021	905
USA/WA-S9103/2021	905
USA/WA-UW-21052112815/2021	905
USA/WA-CDC-UW21060501754/2021	905
USA/WA-CDC-UW21061003981/2021	905
USA/WA-UW-21060356944/2021	905
USA/WA-CDC-UW21051948090/2021	905
USA/WA-CDC-UW21060116163/2021	905
USA/WA-CDC-UW21060193362/2021	905
USA/WA-UW-21060768001/2021	905
USA/WA-CDC-UW21072000998/2021	905
USA/WA-CDC-UW21052643412/2021	905
USA/WA-CDC-UW21061243054/2021	905
USA/WA-CDC-UW21060179131/2021	905
USA/WA-CDC-UW21052697131/2021	905
USA/WA-CDC-UW21061019245/2021	905
USA/WA-CDC-UW21060448185/2021	905
USA/WA-CDC-UW21060432582/2021	905
USA/WA-CDC-UW21051267565/2021	905
USA/WA-CDC-UW21051748503/2021	905
USA/WA-CDC-UW21051735130/2021	905
USA/WA-UW-21052918564/2021	905
USA/WA-CDC-UW21052292755/2021	905
USA/WA-CDC-UW21061497944/2021	905
USA/WA-CDC-UW21053167235/2021	905
USA/WA-CDC-UW21053117635/2021	905
USA/WA-CDC-UW21062691972/2021	905
USA/WA-CDC-UW21051443824/2021	905
USA/WA-UW-21060996005/2021	905
USA/WA-CDC-UW21060741423/2021	905
USA/WA-UW-21080942945/2021	905
USA/WA-UW-21043007381/2021	905
USA/WA-CDC-UW21051581444/2021	905
USA/WA-CDC-UW21060214429/2021	905
USA/WA-CDC-UW21052407364/2021	905
USA/WA-UW-21052708411/2021	905
USA/WA-CDC-UW21101127424/2021	905
USA/WA-CDC-UW21061077308/2021	905
USA/WA-Altius-ALTCOV-F42NMT6RCMMFQKC2/2021	905
USA/WA-S9176/2021	905
USA/WA-CDC-UW21061224684/2021	905
USA/WA-CDC-UW21061383745/2021	905
USA/WA-CDC-UW21062173362/2021	905
USA/WA-CDC-UW21062218006/2021	905
USA/WA-CDC-UW21051405459/2021	905
USA/WA-CDC-UW21051396207/2021	905
USA/WA-CDC-UW21051284617/2021	905
USA/WA-UW-21082791519/2021	905
USA/WA-CDC-UW21092286996/2021	905
USA/WA-CDC-UW21062486304/2021	905
USA/WA-CDC-UW21090228936/2021	905
USA/WA-CDC-UW21090189762/2021	905
USA/WA-UW-21052765778/2021	905
USA/WA-CDC-UW21061046144/2021	905
USA/WA-CDC-UW21061010245/2021	905
USA/WA-UW-21052837558/2021	905
USA/WA-Altius-ALTCOV-PBLCLEASWXZ56XV6/2021	905
USA/WA-Altius-ALTCOV-EP5DVGHRVINFKBDC/2021	905
USA/WA-CDC-UW21052104069/2021	905
USA/WA-CDC-UW21052207260/2021	905
USA/WA-CDC-UW21052268087/2021	905
USA/WA-UW-21053132477/2021	905
USA/WA-UW-21061531574/2021	905
USA/WA-UW-21062970503/2021	905
USA/WA-CDC-UW21052105358/2021	905
USA/WA-UW-21061703627/2021	905
USA/WA-CDC-UW21062152647/2021	905
USA/WA-UW-21063008856/2021	905
USA/WA-UW-21081945927/2021	905
USA/WA-Altius-ALTCOV-JR45QBTO4GQZZLGJ/2021	905
USA/WA-Altius-ALTCOV-XCXYT2E4XGK66EEI/2021	905
USA/WA-CDC-UW21060346985/2021	905
USA/WA-Altius-ALTCOV-JWGWH5Y26O4RPYWB/2021	905
USA/WA-CDC-LC0073132/2021	905
USA/WA-UW-21061641017/2021	905
USA/WA-CDC-UW21062220552/2021	905
USA/WA-Altius-ALTCOV-6NP3CYK4YUSUEDB2/2021	905
USA/WA-Altius-ALTCOV-GPGKNIWCGRLBWWVE/2021	905
USA/WA-UW-21051550770/2021	905
USA/WA-Altius-ALTCOV-LXNTEQDGZKZROPEO/2021	905
USA/WA-Altius-ALTCOV-FFDM53AI5OYNXNU3/2021	905
USA/WA-Altius-ALTCOV-CMR6JPHC5SUQAVSI/2021	905
USA/WA-UW-21062585415/2021	905
USA/WA-Altius-ALTCOV-HQJ6LK5NPCZDR5VL/2021	905
USA/WA-CDC-UW21061989730/2021	905
USA/WA-CDC-UW21061919442/2021	905
USA/WA-CDC-UW21061993990/2021	905
USA/WA-UW-21052893733/2021	905
USA/WA-S8876/2021	905
USA/WA-CDC-LC0091119/2021	905
USA/WA-CDC-UW21061997642/2021	905
USA/WA-CDC-UW21053105296/2021	905
USA/WA-S8801/2021	905
USA/WA-S8803/2021	905
USA/WA-CDC-LC0069146/2021	905
USA/WA-PHL-001436/2021	905
USA/WA-S9562/2021	905
USA/WA-S9557/2021	905
USA/WA-UW-21072973067/2021	905
USA/WA-UW-21081117794/2021	905
USA/WA-CDC-UW21081404017/2021	905
USA/WA-Altius-ALTCOV-JW5HSSVV6ENK7DQU/2021	905
USA/WA-CDC-LC0069145/2021	905
USA/WA-Altius-ALTCOV-ECRIKHX5IKMZMEGL/2021	905
USA/WA-UW-21071660355/2021	905
USA/WA-CDC-UW21071599660/2021	905
USA/WA-S9558/2021	905
USA/WA-S10310/2021	905
USA/WA-Altius-ALTCOV-K3IJ4UOUI5WWIYVD/2021	905
USA/WA-Altius-ALTCOV-ARCX2NCCSLAELWHR/2021	905
USA/WA-Altius-ALTCOV-3ST7ACR7O5AZABFH/2021	905
USA/WA-Altius-ALTCOV-C24D2ZCEBFQ4DYBI/2021	905
USA/WA-CDC-UW21121797659/2021	905
USA/WA-Altius-ALTCOV-PJMV2RYW24RMENFW/2021	905
USA/WA-Altius-ALTCOV-UWGSR5XJ4KXDTQB7/2021	905
USA/WA-Altius-ALTCOV-JUS4ZOKXAUCJROS7/2021	905
USA/WA-S8640/2021	905
USA/WA-CDC-UW21052132937/2021	905
USA/WA-Altius-ALTCOV-SR3GJSGWO7E7HYF5/2021	905
USA/WA-S8867/2021	905
USA/WA-Altius-ALTCOV-FYJPUMSERXFUI5DY/2021	905
USA/WA-Altius-ALTCOV-QXVGQDDU57EDEQUZ/2021	905
USA/WA-Altius-ALTCOV-MGBWOO3GLOM3BMWY/2021	905
USA/WA-Altius-ALTCOV-LNUFJCW77Y4SA5CJ/2021	905
USA/WA-Altius-ALTCOV-NIZ34D4DTP6QT4DV/2021	905
USA/WA-Altius-ALTCOV-SQ2RQGTC55XGMZDJ/2021	905
USA/WA-Altius-ALTCOV-RQY43L4VGFJFNWXL/2021	905
USA/WA-Altius-ALTCOV-GYWC5FQ2NDZ7YYR2/2021	905
USA/WA-Altius-ALTCOV-6PSBRBBOFTIG2QXX/2021	905
USA/WA-Altius-ALTCOV-LUDGJG55CITAWBV4/2021	905
USA/WA-S9177/2021	905
USA/WA-Altius-ALTCOV-JSZEPKKI3PRHAFSR/2021	905
USA/WA-UW-21061049532/2021	905
USA/WA-CDC-UW21061360241/2021	905
USA/WA-CDC-UW21061468939/2021	905
USA/WA-Altius-ALTCOV-ZWMCBYGJHG5RL7FE/2021	905
USA/WA-CDC-UW21062693942/2021	905
USA/WA-CDC-QDX26257926/2021	905
USA/WA-Altius-ALTCOV-G5GVPYOGQCDN2HVM/2021	905
USA/WA-CDC-LC0073435/2021	905
USA/WA-S9383/2021	905
USA/WA-CDC-UW21062151709/2021	905
USA/WA-CDC-UW21062245076/2021	905
USA/WA-Altius-ALTCOV-PZJZQG3QG2KEBIHW/2021	905
USA/WA-Altius-ALTCOV-OIMBUOTBHSUIIPRZ/2021	905
USA/WA-CDC-UW21061909367/2021	905
USA/WA-Altius-ALTCOV-OYK4NOLCNIWTOPU4/2021	905
USA/WA-CDC-UW21062357531/2021	905
USA/WA-CDC-UW21060156981/2021	905
USA/WA-UW-21052866744/2021	905
USA/WA-CDC-LC0069633/2021	905
USA/WA-UW-21060993329/2021	905
USA/WA-Altius-ALTCOV-BP673Q4KSN7RR6FU/2021	905
USA/WA-S10616/2021	905
USA/WA-CDC-UW21060179072/2021	905
USA/WA-CDC-UW21060480616/2021	905
USA/WA-CDC-UW21060432030/2021	905
USA/WA-CDC-UW21060818743/2021	905
USA/WA-CDC-UW21060883062/2021	905
USA/WA-CDC-UW21061099261/2021	905
USA/WA-Altius-ALTCOV-C6SDFUMVI5GMQNU4/2021	905
USA/WA-CDC-UW21062158206/2021	905
USA/WA-CDC-UW21062173938/2021	905
USA/WA-CDC-UW21062108585/2021	905
USA/WA-CDC-UW21062564246/2021	905
USA/WA-UW-21060975129/2021	905
USA/WA-CDC-UW21062151820/2021	905
USA/WA-CDC-UW21062173030/2021	905
USA/WA-CDC-UW21062851096/2021	905
USA/WA-CDC-UW21062139634/2021	905
USA/WA-Altius-ALTCOV-VSRJCL4S75YNFXE4/2021	905
USA/WA-S9322/2021	905
USA/WA-CDC-UW21062360134/2021	905
USA/WA-Altius-ALTCOV-ZQOMZ23UZ7OLXYHA/2021	905
USA/WA-Altius-ALTCOV-ZHJ65O6JOPXWQ3RX/2021	905
USA/WA-Altius-ALTCOV-SARMXEAQKEBIAZCL/2021	905
USA/WA-Altius-ALTCOV-W4I7KDMA6HHSYAB7/2021	905
USA/WA-S9551/2021	905
USA/WA-S9553/2021	905
USA/WA-S9549/2021	905
USA/WA-S9550/2021	905
USA/WA-CDC-UW21062437176/2021	905
USA/WA-Altius-ALTCOV-QDZWHXIQAIB5ERUZ/2021	905
USA/WA-CDC-UW21092988656/2021	905
USA/WA-CDC-UW21093085070/2021	905
USA/WA-CDC-UW21070712095/2021	905
USA/WA-CDC-UW21051308669/2021	905
USA/WA-Altius-ALTCOV-U4RGEUCQZ5QUJIHG/2021	905
USA/WA-CDC-UW21051473819/2021	905
USA/WA-CDC-UW21051458938/2021	905
USA/WA-Altius-ALTCOV-IEICKLED7ECX4AVB/2021	905
USA/WA-Altius-ALTCOV-265BABA5KU63O6FD/2021	905
USA/WA-Altius-ALTCOV-HCKOSS475CLETXXT/2021	905
USA/WA-UW-21051876991/2021	905
USA/WA-UW-21051011794/2021	905
USA/WA-Altius-ALTCOV-PX2WFZ4Q4FR6I5D4/2021	905
USA/WA-Altius-ALTCOV-DB46J4H42GISRIEH/2021	905
USA/WA-CDC-UW21051976796/2021	905
USA/WA-CDC-UW21051982399/2021	905
USA/WA-CDC-UW21051909385/2021	905
USA/WA-S8849/2021	905
USA/WA-UW-21051945393/2021	905
USA/WA-Altius-ALTCOV-OQ5COMDJE5GHZRUE/2021	905
USA/WA-Altius-ALTCOV-V323AKDPRDT2CNCE/2021	905
USA/WA-Altius-ALTCOV-Y2336UIF3WG5GZUU/2021	905
USA/WA-Altius-ALTCOV-HDQFU7RYOBH2TMHL/2021	905
USA/WA-Altius-ALTCOV-KGKGUXSBTRFJHNAK/2021	905
USA/WA-Altius-ALTCOV-FR7AK3HS5OMK4KEZ/2021	905
USA/WA-Altius-ALTCOV-HDTT3WPNGKBTD6UV/2021	905
USA/WA-Altius-ALTCOV-M4MNT6Q5N3QDZNCC/2021	905
USA/WA-Altius-ALTCOV-SN75OHKRHQNARJRC/2021	905
USA/WA-Altius-ALTCOV-4FS5WVCFY3GYCESR/2021	905
USA/WA-S9047/2021	905
USA/WA-Altius-ALTCOV-ZC5EG53FCVDE7NEW/2021	905
USA/WA-Altius-ALTCOV-LBG4JXCWIQXD2WU4/2021	905
USA/WA-Altius-ALTCOV-FVWDOKKU72E6COT7/2021	905
USA/WA-Altius-ALTCOV-PYCIKDB5AXTQGVDF/2021	905
USA/WA-UW-21060814446/2021	905
USA/WA-CDC-UW21060898879/2021	905
USA/WA-Altius-ALTCOV-OK3FJMAOTPEQG7BT/2021	905
USA/WA-Altius-ALTCOV-BJPUTEL6MUA574AJ/2021	905
USA/WA-Altius-ALTCOV-JEZYPP6RRYQNFYQH/2021	905
USA/WA-Altius-ALTCOV-GDCUPMKEBOHNAPTI/2021	905
USA/WA-Altius-ALTCOV-GEIG5UHZ43NOUGCD/2021	905
USA/WA-Altius-ALTCOV-B3JGITRUHZHBEPBL/2021	905
USA/WA-Altius-ALTCOV-QEDB2H4MSCPSN5Q7/2021	905
USA/WA-Altius-ALTCOV-KOV5LMHGYRMCJVVW/2021	905
USA/WA-Altius-ALTCOV-VJ4YQH3LEHE7W6XU/2021	905
USA/WA-Altius-ALTCOV-RHA77BE6QEGAZBV5/2021	905
USA/WA-Altius-ALTCOV-VGVTZ3PR7VNEI5AC/2021	905
USA/WA-Altius-ALTCOV-TO6ON4J2MG4O64GZ/2021	905
USA/WA-CDC-UW21052631641/2021	905
USA/WA-CDC-UW21052695137/2021	905
USA/WA-CDC-UW21052646887/2021	905
USA/WA-CDC-UW21052691950/2021	905
USA/WA-CDC-UW21052461144/2021	905
USA/WA-Altius-ALTCOV-NFFUPSCRMYPSLEQZ/2021	905
USA/WA-CDC-UW21052405852/2021	905
USA/WA-CDC-UW21052401908/2021	905
USA/WA-CDC-UW21052524278/2021	905
USA/WA-S8644/2021	905
USA/WA-S8878/2021	905
USA/WA-S8918/2021	905
USA/WA-S8879/2021	905
USA/WA-S8791/2021	905
USA/WA-UW-21052969352/2021	905
USA/WA-Altius-ALTCOV-CY46FGAK4WIAHVXB/2021	905
USA/WA-UW-21052196822/2021	905
USA/WA-CDC-UW21052188712/2021	905
USA/WA-S8632/2021	905
USA/WA-CDC-UW21061721343/2021	905
USA/WA-S9541/2021	905
USA/WA-CDC-UW21062599781/2021	905
USA/WA-S9318/2021	905
USA/WA-Altius-ALTCOV-3OWGJJVIKQ2EVHCU/2021	905
USA/WA-Altius-ALTCOV-TQWMGUVKXDA36JVE/2021	905
USA/WA-Altius-ALTCOV-2O2G2AHCSFMIWTBG/2021	905
USA/WA-Altius-ALTCOV-SYBR3IHEDUOJF6EJ/2021	905
USA/WA-Altius-ALTCOV-KNRF7IHRZGF6MFXH/2021	905
USA/WA-Altius-ALTCOV-X35FPRY34EPRQQAK/2021	905
USA/WA-Altius-ALTCOV-B76ZQ72BQV76DKSY/2021	905
USA/WA-Altius-ALTCOV-B44ZOV2XRLKLHCRT/2021	905
USA/WA-CDC-UW21062278738/2021	905
USA/WA-CDC-UW21062246665/2021	905
USA/WA-Altius-ALTCOV-AV35WIZYS67OAYTB/2021	905
USA/WA-S10808/2021	905
USA/WA-CDC-UW21061987818/2021	905
USA/WA-Altius-ALTCOV-CWZJE5RNNB7U6EFH/2021	905
USA/WA-Altius-ALTCOV-XSIHETYAOFD5FTR6/2021	905
USA/WA-Altius-ALTCOV-YRGMIPG6XLW5Y7TO/2021	905
USA/WA-CDC-UW21062638542/2021	905
USA/WA-Altius-ALTCOV-4V5QK7FEQMCGWBFB/2021	905
USA/WA-Altius-ALTCOV-YJ2I3S2YQDOKULRG/2021	905
USA/WA-CDC-UW21060370300/2021	905
USA/WA-CDC-UW21060375827/2021	905
USA/WA-CDC-LC0070950/2021	905
USA/WA-S9031/2021	905
USA/WA-S9030/2021	905
USA/WA-S9022/2021	905
USA/WA-S9020/2021	905
USA/WA-Altius-ALTCOV-SBI27SWOEWPMGMCW/2021	905
USA/WA-CDC-LC0073084/2021	905
USA/WA-CDC-UW21061035758/2021	905
USA/WA-S9299/2021	905
USA/WA-PHL-000998/2021	905
USA/WA-Altius-ALTCOV-PYQYU3GXWD5CJCRS/2021	905
USA/WA-Altius-ALTCOV-QNVMGOCY7YOBBLEW/2021	905
USA/WA-Altius-ALTCOV-WE5CEPROWQIWGTR6/2021	905
USA/WA-Altius-ALTCOV-BAOXTUMOPENDL6BU/2021	905
USA/WA-Altius-ALTCOV-6Z2DPB4DWUQ4B6HI/2021	905
USA/WA-Altius-ALTCOV-YNIXR5KZGDPZYGRJ/2021	905
USA/WA-Altius-ALTCOV-B4UTRKMBXQKP6HTE/2021	905
USA/WA-S9036/2021	905
USA/WA-S9042/2021	905
USA/WA-S9039/2021	905
USA/WA-Altius-ALTCOV-A4QQERARHECMZKGK/2021	905
USA/WA-Altius-ALTCOV-WFPW3WXI3KSEYIFF/2021	905
USA/WA-CDC-UW21061053069/2021	905
USA/WA-CDC-UW21061146949/2021	905
USA/WA-Altius-ALTCOV-RI62JYP6A3AIMOEN/2021	905
USA/WA-UW-21061540802/2021	905
USA/WA-Altius-ALTCOV-OKGFKPLFEXEE2IQR/2021	905
USA/WA-CDC-UW21061822565/2021	905
USA/WA-CDC-UW21061741076/2021	905
USA/WA-CDC-UW21051875808/2021	906
USA/WA-UW-21053122903/2021	907
USA/WA-CDC-UW21061489463/2021	907
USA/WA-CDC-UW21062530412/2021	908
USA/WA-CDC-UW21092138725/2021	909
USA/WA-CDC-UW21111909173/2021	910
USA/WA-CDC-UW21081663599/2021	911
USA/WA-Altius-ALTCOV-NUTGZZYC5N636UFK/2021	912
USA/WA-Altius-ALTCOV-GXXZPXF6TZETM6AO/2021	913
USA/WA-Altius-ALTCOV-MC7RMLTGFF3GFKUY/2021	913
USA/WA-Altius-ALTCOV-JO3LG5WTP7UPZRTH/2021	913
USA/WA-Altius-ALTCOV-BZCH3QP4TMCUWTBI/2021	914
USA/WA-Altius-ALTCOV-DB2YSLNTQMR57VQ7/2021	914
USA/WA-UW-21052128312/2021	914
USA/WA-UW-21052241222/2021	914
USA/WA-Altius-ALTCOV-LXQECYVJU6EJN3QY/2021	914
USA/WA-CDC-UW21052645470/2021	914
USA/WA-S8724/2021	914
USA/WA-UW-21052747550/2021	914
USA/WA-S8725/2021	914
USA/WA-CDC-UW21060397822/2021	914
USA/WA-Altius-ALTCOV-OMBYQI2X4SG5MSCC/2021	914
USA/WA-CDC-UW21061052008/2021	914
USA/WA-Altius-ALTCOV-HLKJDN7EVBMUMRFI/2021	914
USA/WA-Altius-ALTCOV-7FQCM7NGN2BKZ4A6/2021	914
USA/WA-CDC-UW21052466893/2021	914
USA/WA-UW-21052966539/2021	914
USA/WA-Altius-ALTCOV-34WKMWFIHSHYILBZ/2021	914
USA/WA-CDC-UW21062612368/2021	914
USA/WA-UW-21061622408/2021	914
USA/WA-CDC-UW21062287462/2021	914
USA/WA-CDC-UW21061882200/2021	914
USA/WA-CDC-UW21061802330/2021	914
USA/WA-CDC-UW21060183038/2021	914
USA/WA-Altius-ALTCOV-SUZI527WACEPASUQ/2021	914
USA/WA-CDC-UW21060161402/2021	914
USA/WA-S9166/2021	914
USA/WA-Altius-ALTCOV-PTF3HCEXTRETZPHV/2021	914
USA/WA-S9165/2021	914
USA/WA-S9164/2021	914
USA/WA-Altius-ALTCOV-GRODMDEZYEJBVJFX/2021	914
USA/WA-S9167/2021	914
USA/WA-Altius-ALTCOV-LKNQ5EF4Y7KPDVHF/2021	914
USA/WA-Altius-ALTCOV-MA2GLM2X5FMCFQGQ/2021	914
USA/WA-Altius-ALTCOV-ZG7QSJDYWN4D5XQT/2021	914
USA/WA-CDC-UW21061128895/2021	914
USA/WA-CDC-UW21061411035/2021	914
USA/WA-Altius-ALTCOV-VE2HJEXIEPZ3NCDR/2021	914
USA/WA-Altius-ALTCOV-ZYUWOM23K7BCJIRP/2021	915
USA/WA-UW-21071217535/2021	916
USA/WA-CDC-UW21101181504/2021	917
USA/WA-CDC-UW21101148607/2021	917
USA/WA-UW-21081675663/2021	917
USA/WA-CDC-UW21100296543/2021	917
USA/WA-CDC-UW21082060519/2021	917
USA/WA-CDC-UW21120884232/2021	917
USA/WA-CDC-UW21121498210/2021	917
USA/WA-CDC-UW21120359778/2021	917
USA/WA-CDC-UW21121709950/2021	917
USA/WA-CDC-UW21073072981/2021	917
USA/WA-UW-21120284442/2021	917
USA/WA-UW-21113083140/2021	917
USA/WA-UW-21090257184/2021	917
USA/WA-CDC-UW21072960634/2021	917
USA/WA-CDC-UW21082056454/2021	917
USA/WA-CDC-UW21121873925/2021	917
USA/WA-CDC-UW21102079366/2021	917
USA/WA-CDC-UW21100241144/2021	918
USA/WA-PHL-005023/2021	918
USA/WA-S15567/2021	919
USA/WA-S15565/2021	919
USA/WA-S15562/2021	919
USA/WA-UW-21092837105/2021	919
USA/WA-S12640/2021	920
USA/WA-S15571/2021	921
USA/WA-UW-21100876127/2021	922
USA/WA-CDC-UW21102067355/2021	923
USA/WA-CDC-UW21090217067/2021	924
USA/WA-CDC-LC0315255/2021	925
USA/WA-CDC-UW21120208493/2021	926
USA/WA-CDC-UW21121316761/2021	926
USA/WA-CDC-UW21120822087/2021	926
USA/WA-S10414/2021	927
USA/WA-S12928/2021	928
USA/WA-CDC-UW21073166621/2021	929
USA/WA-CDC-UW21082754352/2021	930
USA/WA-CDC-UW21081987721/2021	931
USA/WA-UW-21071223660/2021	932
USA/WA-S9546/2021	932
USA/WA-S9552/2021	932
USA/WA-S9873/2021	932
USA/WA-CDC-UW21072386369/2021	933
USA/WA-UW-21100562708/2021	934
USA/WA-S10291/2021	935
USA/WA-CDC-ASC210318906/2021	936
USA/WA-CDC-UW21073117387/2021	937
USA/WA-UW-21072666688/2021	938
USA/WA-CDC-UW21101889742/2021	939
USA/WA-UW-21111674705/2021	940
USA/WA-CDC-UW21090241423/2021	941
USA/WA-S14354/2021	941
USA/WA-S14358/2021	941
USA/WA-UW-21092870870/2021	941
USA/WA-CDC-UW21093017349/2021	941
USA/WA-S14355/2021	941
USA/WA-S14373/2021	941
USA/WA-UW-21102154723/2021	942
USA/WA-CDC-UW21101820973/2021	943
USA/WA-CDC-UW21120328788/2021	944
USA/WA-CDC-UW21062195259/2021	945
USA/WA-S9559/2021	946
USA/WA-UW-21061629707/2021	947
USA/WA-PHL-001001/2021	947
USA/WA-CDC-UW21062135207/2021	948
USA/WA-CDC-UW21081768743/2021	949
USA/WA-UW-21081193287/2021	950
USA/WA-S10797/2021	951
USA/WA-CDC-UW21112306835/2021	952
USA/WA-S11862/2021	953
USA/WA-CDC-UW21072412818/2021	953
USA/WA-UW-21072490912/2021	953
USA/WA-CDC-UW21080278343/2021	953
USA/WA-S10062/2021	953
USA/WA-CDC-UW21081228156/2021	953
USA/WA-S11715/2021	954
USA/WA-CDC-UW21081521180/2021	954
USA/WA-CDC-UW21102258948/2021	955
USA/WA-UW-21102851561/2021	955
USA/WA-CDC-UW21100262255/2021	955
USA/WA-S18233/2021	956
USA/WA-CDC-UW21081744369/2021	957
USA/WA-UW-21100651878/2021	958
USA/WA-CDC-UW21101140529/2021	958
USA/WA-S15481/2021	959
USA/WA-CDC-UW21061455423/2021	960
USA/WA-CDC-UW21062195009/2021	960
USA/WA-Altius-ALTCOV-KEC2P73RKAMF2SWJ/2021	961
USA/WA-UW-21062223271/2021	962
USA/WA-S14457/2021	963
USA/WA-CDC-UW21081335809/2021	963
USA/WA-CDC-UW21081317030/2021	963
USA/WA-S11467/2021	964
USA/WA-CDC-LC0205187/2021	965
USA/WA-UW-21092849081/2021	966
USA/WA-UW-21092987695/2021	967
USA/WA-CDC-UW21090995987/2021	968
USA/WA-UW-21102943981/2021	969
USA/WA-CDC-UW21071504102/2021	970
USA/WA-UW-21072478534/2021	970
USA/WA-UW-21071906999/2021	971
USA/WA-UW-21072969717/2021	971
USA/WA-S12496/2021	972
USA/WA-CDC-LC0221905/2021	973
USA/WA-CDC-UW21100246195/2021	974
USA/WA-CDC-LC0269036/2021	975
USA/WA-UW-21080265788/2021	976
USA/WA-CDC-UW21073034503/2021	976
USA/WA-UW-21081291360/2021	976
USA/WA-CDC-UW21073074272/2021	976
USA/WA-CDC-UW21080932940/2021	976
USA/WA-CDC-UW21101196089/2021	976
USA/WA-CDC-UW21081631841/2021	976
USA/WA-UW-21081205454/2021	976
USA/WA-CDC-UW21081474304/2021	976
USA/WA-CDC-UW21080424871/2021	976
USA/WA-UW-21090822347/2021	977
USA/WA-CDC-UW21081700438/2021	978
USA/WA-UW-21070237469/2021	979
USA/WA-S10276/2021	980
USA/WA-CDC-UW21081783965/2021	981
USA/WA-UW-21072943553/2021	981
USA/WA-PHL-001197/2021	982
USA/WA-S11824/2021	983
USA/WA-PHL-005491/2021	983
USA/WA-CDC-UW21100247505/2021	983
USA/WA-CDC-UW21073151173/2021	984
USA/WA-UW-21091450306/2021	985
USA/WA-UW-21072463935/2021	986
USA/WA-CDC-UW21090381091/2021	987
USA/WA-CDC-UW21101812896/2021	988
USA/WA-UW-21102152499/2021	988
USA/WA-CDC-UW21110338016/2021	988
USA/WA-UW-21092945657/2021	989
USA/WA-CDC-UW21102210609/2021	990
USA/WA-CDC-UW21092030286/2021	990
USA/WA-UW-21101677471/2021	990
USA/WA-UW-21102919377/2021	990
USA/WA-UW-21102821351/2021	990
USA/WA-CDC-UW21112303983/2021	991
USA/WA-UW-21111862805/2021	991
USA/WA-UW-21102142368/2021	992
USA/WA-CDC-UW21102235893/2021	993
USA/WA-CDC-UW21111066245/2021	993
USA/WA-CDC-UW21121058716/2021	993
USA/WA-PHL-008379/2021	993
USA/WA-CDC-UW21062152484/2021	994
USA/WA-Altius-ALTCOV-QOU44NA4IJT7X7V2/2021	995
USA/WA-S9574/2021	996
USA/WA-CDC-UW21090378670/2021	997
USA/WA-UW-21122680335/2021	998
USA/WA-CDC-UW21120295095/2021	999
USA/WA-S15655/2021	999
USA/WA-PHL-007647/2021	1000
USA/WA-CDC-UW21101120997/2021	1001
USA/WA-CDC-UW21092199052/2021	1002
USA/WA-CDC-UW21100163835/2021	1003
USA/WA-PHL-005001/2021	1004
USA/WA-UW-21101251766/2021	1004
USA/WA-S12591/2021	1005
USA/WA-UW-21092965310/2021	1006
USA/WA-UW-21092126736/2021	1007
USA/WA-S9543/2021	1008
USA/WA-CDC-UW21080373625/2021	1009
USA/WA-CDC-LC0152972/2021	1009
USA/WA-UW-21081681037/2021	1009
USA/WA-CDC-UW21081491094/2021	1009
USA/WA-CDC-UW21082885885/2021	1009
USA/WA-UW-21062734686/2021	1010
USA/WA-S10289/2021	1011
USA/WA-CDC-UW21102159056/2021	1012
USA/WA-CDC-UW21101416499/2021	1013
USA/WA-CDC-UW21102059715/2021	1014
USA/WA-CDC-UW21121807404/2021	1015
USA/WA-CDC-LC0423676/2021	1016
USA/WA-CDC-UW21120407869/2021	1017
USA/WA-CDC-UW21120205341/2021	1018
USA/WA-UW-21073034029/2021	1019
USA/WA-CDC-UW21081765337/2021	1020
USA/WA-CDC-UW21090919495/2021	1021
USA/WA-CDC-UW21101476449/2021	1022
USA/WA-UW-21120232908/2021	1023
USA/WA-UW-21111617110/2021	1023
USA/WA-CDC-UW21120624935/2021	1023
USA/WA-CDC-UW21112386855/2021	1023
USA/WA-PHL-005910/2021	1024
USA/WA-CDC-UW21120816552/2021	1025
USA/WA-UW-21113040369/2021	1026
USA/WA-CDC-UW21090985019/2021	1027
USA/WA-UW-21080745373/2021	1028
USA/WA-UW-21072495007/2021	1028
USA/WA-UW-21072891705/2021	1028
USA/WA-CDC-UW21090748858/2021	1029
USA/WA-UW-21123030884/2021	1030
USA/WA-UW-21092572598/2021	1031
USA/WA-UW-21111986678/2021	1031
USA/WA-CDC-UW21121038606/2021	1032
USA/WA-CDC-UW21081476630/2021	1033
USA/WA-CDC-UW21121657282/2021	1034
USA/WA-S10087/2021	1035
USA/WA-CDC-UW21102248409/2021	1036
USA/WA-CDC-UW21101491361/2021	1037
USA/WA-CDC-UW21101059452/2021	1038
USA/WA-CDC-UW21082613491/2021	1039
USA/WA-CDC-UW21082806455/2021	1040
USA/WA-S15190/2021	1041
USA/WA-CDC-LC0344334/2021	1042
USA/WA-S13178/2021	1043
USA/WA-S13199/2021	1044
USA/WA-CDC-UW21101176799/2021	1045
USA/WA-UW-21092350041/2021	1046
USA/WA-CDC-UW21121199962/2021	1047
USA/WA-Altius-ALTCOV-57AMPLKGPKW2X3W7/2021	1048
USA/WA-S9511/2021	1049
USA/WA-CDC-UW21081957762/2021	1050
USA/WA-CDC-UW21111994242/2021	1051
USA/WA-CDC-UW21082564796/2021	1052
USA/WA-Altius-ALTCOV-ICEFZHXADKHNCFG3/2021	1053
USA/WA-UW-21060955676/2021	1053
USA/WA-CDC-UW21062117646/2021	1054
USA/WA-Altius-ALTCOV-6PAPT3ZFI6DDN5FU/2021	1055
USA/WA-Altius-ALTCOV-MSGOVQNB2YPPPHQ3/2021	1056
USA/WA-CDC-UW21062145422/2021	1056
USA/WA-CDC-LC0270795/2021	1057
USA/WA-CDC-UW21121226003/2021	1058
USA/WA-CDC-QDX26765252/2021	1059
USA/WA-CDC-UW21081634590/2021	1060
USA/WA-UW-21090317415/2021	1061
USA/WA-CDC-UW21090257053/2021	1062
USA/WA-CDC-ASC210610118/2021	1063
USA/WA-CDC-UW21090971131/2021	1064
USA/WA-CDC-LC0385924/2021	1065
USA/WA-CDC-UW21092156891/2021	1066
USA/WA-CDC-UW21112909649/2021	1067
USA/WA-CDC-UW21112080336/2021	1067
USA/WA-CDC-UW21081788942/2021	1068
USA/WA-UW-21102944844/2021	1069
USA/WA-UW-21112418840/2021	1070
USA/WA-CDC-UW22011034156/2022	1071
USA/WA-CDC-UW21121338486/2021	1072
USA/WA-UW-21092326522/2021	1072
USA/WA-CDC-UW21082735852/2021	1073
USA/WA-CDC-UW21082676192/2021	1074
USA/WA-CDC-UW21091204522/2021	1075
USA/WA-CDC-UW21082837256/2021	1076
USA/WA-CDC-UW21090335784/2021	1076
USA/WA-CDC-UW21100242689/2021	1077
USA/WA-CDC-UW21092537292/2021	1077
USA/WA-CDC-UW21082826040/2021	1077
USA/WA-Altius-ALTCOV-WPPOVWOSXQSG4FFQ/2021	1078
USA/WA-Altius-ALTCOV-M3LF33RH34FIPGB7/2021	1078
USA/WA-CDC-UW21091668190/2021	1079
USA/WA-CDC-UW21080484611/2021	1080
USA/WA-PHL-005093/2021	1081
USA/WA-UW-21100935646/2021	1081
USA/WA-UW-21090665648/2021	1082
USA/WA-CDC-UW21091054738/2021	1083
USA/WA-CDC-UW21102026159/2021	1084
USA/WA-CDC-UW21102508451/2021	1084
USA/WA-CDC-UW21070714834/2021	1085
USA/WA-UW-21092939246/2021	1086
USA/WA-CDC-UW21090206006/2021	1087
USA/WA-S18251/2021	1088
USA/WA-CDC-UW21080391736/2021	1089
USA/WA-UW-21071973715/2021	1090
USA/WA-UW-21072486201/2021	1091
USA/WA-UW-21072284790/2021	1092
USA/WA-CDC-UW21073176363/2021	1093
USA/WA-CDC-LC0389550/2021	1094
USA/WA-CDC-UW21090864055/2021	1095
USA/WA-S18275/2021	1096
USA/WA-UW-21111557796/2021	1097
USA/WA-CDC-LC0270725/2021	1098
USA/WA-CDC-UW21091118704/2021	1099
USA/WA-CDC-UW21112302769/2021	1100
USA/WA-PHL-008041/2021	1101
USA/WA-CDC-UW21102285334/2021	1102
USA/WA-PHL-005684/2021	1103
USA/WA-CDC-UW21091816655/2021	1104
USA/WA-UW-21100545170/2021	1105
USA/WA-CDC-UW21100934406/2021	1105
USA/WA-CDC-UW21100950476/2021	1105
USA/WA-CDC-LC0340100/2021	1106
USA/WA-CDC-UW21100132769/2021	1106
USA/WA-UW-21102108501/2021	1107
USA/WA-CDC-UW21111072769/2021	1107
USA/WA-CDC-UW21111120224/2021	1107
USA/WA-CDC-UW21110891184/2021	1108
USA/WA-CDC-UW21121352208/2021	1108
USA/WA-CDC-UW22010127808/2022	1108
USA/WA-UW-21111949083/2021	1108
USA/WA-CDC-UW21092572528/2021	1108
USA/WA-CDC-UW21100220833/2021	1108
USA/WA-CDC-UW21101056766/2021	1109
USA/WA-S16778/2022	1110
USA/WA-CDC-UW21101800542/2021	1111
USA/WA-CDC-LC0387326/2021	1112
USA/WA-CDC-UW21081429767/2021	1113
USA/WA-CDC-UW21100136833/2021	1113
USA/WA-UW-21090691054/2021	1114
USA/WA-CDC-UW21090734008/2021	1115
USA/WA-UW-21092422853/2021	1116
USA/WA-CDC-UW21073100643/2021	1117
USA/WA-CDC-UW21073109572/2021	1118
USA/WA-CDC-UW21081461424/2021	1119
USA/WA-CDC-UW21112275545/2021	1120
USA/WA-UW-21090833449/2021	1121
USA/WA-UW-21102132317/2021	1122
USA/WA-UW-21120205990/2021	1122
USA/WA-UW-21121002637/2021	1123
USA/WA-UW-21081293232/2021	1124
USA/WA-UW-21092143696/2021	1125
USA/WA-CDC-UW21121223290/2021	1126
USA/WA-CDC-UW21092582227/2021	1127
USA/WA-CDC-UW21080996656/2021	1128
USA/WA-S15483/2021	1129
USA/WA-CDC-UW21100221186/2021	1130
USA/WA-PHL-008052/2021	1130
USA/WA-CDC-LC0349866/2021	1130
USA/WA-CDC-UW21072038062/2021	1131
USA/WA-S10328/2021	1132
USA/WA-CDC-UW21081437764/2021	1133
USA/WA-UW-21080295463/2021	1134
USA/WA-PHL-001151/2021	1135
USA/WA-UW-21071228236/2021	1136
USA/WA-CDC-UW21072036731/2021	1136
USA/WA-CDC-UW21071561494/2021	1136
USA/WA-CDC-UW21071535728/2021	1136
USA/WA-CDC-UW21071558512/2021	1136
USA/WA-CDC-UW21080202572/2021	1137
USA/WA-UW-21113042048/2021	1137
USA/WA-CDC-UW21090714563/2021	1138
USA/WA-S15130/2021	1139
USA/WA-UW-21120229301/2021	1140
USA/WA-UW-21072291450/2021	1141
USA/WA-CDC-LC0417538/2021	1142
USA/WA-CDC-UW21102296062/2021	1143
USA/WA-CDC-UW21100222498/2021	1144
USA/WA-PHL-007959/2021	1144
USA/WA-UW-21100999236/2021	1145
USA/WA-UW-21102931526/2021	1145
USA/WA-CDC-UW21082674305/2021	1146
USA/WA-CDC-UW21081330562/2021	1147
USA/WA-CDC-FG-107637/2021	1147
USA/WA-CDC-UW21081602838/2021	1147
USA/WA-UW-21072980579/2021	1148
USA/WA-UW-21072246835/2021	1149
USA/WA-CDC-UW21080565228/2021	1149
USA/WA-CDC-UW21121962022/2021	1150
USA/WA-CDC-UW21112304794/2021	1151
USA/WA-S15060/2021	1152
USA/WA-S14426/2021	1153
USA/WA-CDC-UW21080503894/2021	1154
USA/WA-CDC-UW21090116359/2021	1155
USA/WA-CDC-UW21112377253/2021	1156
USA/WA-CDC-UW21090708039/2021	1157
USA/WA-S13010/2021	1158
USA/WA-CDC-LC0276053/2021	1158
USA/WA-CDC-UW21100289636/2021	1158
USA/WA-CDC-UW21101286286/2021	1158
USA/WA-UW-21100599299/2021	1158
USA/WA-CDC-UW21110452258/2021	1158
USA/WA-UW-21111517225/2021	1158
USA/WA-CDC-UW21110857002/2021	1158
USA/WA-PHL-005954/2021	1158
USA/WA-CDC-UW21093052965/2021	1158
USA/WA-CDC-UW21101397882/2021	1159
USA/WA-UW-21102802269/2021	1160
USA/WA-CDC-LC0346103/2021	1161
USA/WA-CDC-UW21102233853/2021	1161
USA/WA-S10696/2021	1162
USA/WA-CDC-UW21110231104/2021	1163
USA/WA-CDC-UW21121683512/2021	1163
USA/WA-CDC-UW21120944402/2021	1163
USA/WA-CDC-UW21091696998/2021	1163
USA/WA-PHL-008657/2021	1164
USA/WA-CDC-UW21102016326/2021	1165
USA/WA-CDC-UW21111084523/2021	1166
USA/WA-UW-21092167163/2021	1167
USA/WA-CDC-UW21110838488/2021	1168
USA/WA-CDC-UW21101874457/2021	1169
USA/WA-CDC-UW21112019996/2021	1170
USA/WA-UW-21111934835/2021	1171
USA/WA-CDC-UW21120264772/2021	1171
USA/WA-CDC-UW21110319266/2021	1172
USA/WA-CDC-UW21112087232/2021	1173
USA/WA-CDC-UW21112394816/2021	1174
USA/WA-CDC-UW21113074543/2021	1175
USA/WA-CDC-UW21112293654/2021	1176
USA/WA-UW-21120302348/2021	1177
USA/WA-CDC-UW21120932019/2021	1177
USA/WA-CDC-UW21112948420/2021	1178
USA/WA-CDC-UW21120189022/2021	1178
USA/WA-PHL-007961/2021	1178
USA/WA-CDC-UW21090342283/2021	1179
USA/WA-CDC-UW21102343186/2021	1180
USA/WA-CDC-UW21082728243/2021	1181
USA/WA-CDC-UW21120176097/2021	1182
USA/WA-CDC-UW21121389626/2021	1183
USA/WA-CDC-UW21121144359/2021	1183
USA/WA-CDC-UW21090952263/2021	1184
USA/WA-CDC-UW21102037519/2021	1184
USA/WA-PHL-007112/2021	1185
USA/WA-CDC-UW21092220222/2021	1186
USA/WA-CDC-UW21110849700/2021	1187
USA/WA-UW-21102180098/2021	1188
USA/WA-CDC-UW21081690126/2021	1189
USA/WA-CDC-UW21122455721/2021	1190
USA/WA-PHL-007098/2021	1191
USA/WA-CDC-UW21111119543/2021	1191
USA/WA-PHL-007949/2021	1192
USA/WA-CDC-UW21121124852/2021	1192
USA/WA-CDC-UW21121136730/2021	1192
USA/WA-CDC-UW21111081672/2021	1193
USA/WA-PHL-007106/2021	1194
USA/WA-CDC-UW21121180854/2021	1195
USA/WA-CDC-UW21112616631/2021	1196
USA/WA-CDC-LC0221869/2021	1197
USA/WA-CDC-LC0365144/2021	1197
USA/WA-PHL-005105/2021	1197
USA/WA-PHL-005939/2021	1197
USA/WA-UW-21111678126/2021	1197
USA/WA-CDC-UW21101486957/2021	1197
USA/WA-CDC-LC0484135/2022	1197
USA/WA-CDC-UW21101115917/2021	1197
USA/WA-UW-21121808378/2021	1197
USA/WA-CDC-UW21121067657/2021	1197
USA/WA-CDC-UW21122081342/2021	1197
USA/WA-CDC-UW22011061647/2022	1197
USA/WA-CDC-UW21123031838/2021	1197
USA/WA-CDC-UW21102185137/2021	1198
USA/WA-UW-21102172437/2021	1199
USA/WA-CDC-UW21101837696/2021	1200
USA/WA-UW-21102946144/2021	1200
USA/WA-CDC-UW21081448714/2021	1201
USA/WA-PHL-006573/2021	1202
USA/WA-CDC-UW21112389507/2021	1202
USA/WA-CDC-UW21110388704/2021	1202
USA/WA-CDC-UW21102127435/2021	1203
USA/WA-UW-21111638154/2021	1203
USA/WA-PHL-005909/2021	1203
USA/WA-PHL-005918/2021	1203
USA/WA-CDC-LC0367806/2021	1203
USA/WA-CDC-UW21111069417/2021	1203
USA/WA-CDC-UW21111340666/2021	1203
USA/WA-CDC-UW21121371643/2021	1203
USA/WA-CDC-UW21120976345/2021	1203
USA/WA-CDC-UW21110875460/2021	1203
USA/WA-CDC-LC0276180/2021	1204
USA/WA-UW-21092993133/2021	1205
USA/WA-CDC-UW22010464257/2022	1206
USA/WA-CDC-UW21121332792/2021	1207
USA/WA-S11979/2021	1208
USA/WA-UW-21092128745/2021	1209
USA/WA-CDC-UW21092515366/2021	1210
USA/WA-CDC-UW21082602770/2021	1211
USA/WA-CDC-UW21101138005/2021	1212
USA/WA-CDC-UW21062428944/2021	1213
USA/WA-UW-21072447959/2021	1213
USA/WA-CDC-UW21092153907/2021	1214
USA/WA-CDC-UW21082640241/2021	1215
USA/WA-CDC-UW21121019972/2021	1216
USA/WA-CDC-UW21120948004/2021	1217
USA/WA-CDC-UW21081541526/2021	1218
USA/WA-PHL-008066/2021	1219
USA/WA-CDC-UW21120168293/2021	1219
USA/WA-CDC-UW21082648334/2021	1220
USA/WA-CDC-UW21082620252/2021	1220
USA/WA-UW-21102151685/2021	1221
USA/WA-PHL-006935/2021	1222
USA/WA-CDC-UW21101488695/2021	1222
USA/WA-CDC-UW21090216175/2021	1223
USA/WA-CDC-LC0275340/2021	1223
USA/WA-UW-21090624187/2021	1224
USA/WA-UW-21072669358/2021	1225
USA/WA-Altius-ALTCOV-PAINETRD6YCX72UC/2021	1226
USA/WA-UW-21090294057/2021	1227
USA/WA-CDC-UW21120638626/2021	1228
USA/WA-CDC-UW21120640158/2021	1228
USA/WA-PHL-005660/2021	1229
USA/WA-CDC-UW21102187011/2021	1230
USA/WA-CDC-UW21102226372/2021	1230
USA/WA-CDC-UW21122489268/2021	1230
USA/WA-S17164/2022	1230
USA/WA-CDC-UW21121459105/2021	1230
USA/WA-CDC-UW21110863900/2021	1231
USA/WA-CDC-UW21110393971/2021	1231
USA/WA-CDC-UW21120460131/2021	1231
USA/WA-CDC-UW21121558450/2021	1231
USA/WA-CDC-UW21121529517/2021	1231
USA/WA-UW-21063044797/2021	1232
USA/WA-CDC-UW21100221545/2021	1233
USA/WA-UW-21120851224/2021	1234
USA/WA-CDC-UW21112397706/2021	1235
USA/WA-UW-21112410994/2021	1236
USA/WA-S16674/2022	1237
USA/WA-CDC-UW21121086969/2021	1238
USA/WA-CDC-UW21120147392/2021	1239
USA/WA-UW-21111522861/2021	1240
USA/WA-S13587/2021	1241
USA/WA-CDC-UW21102093699/2021	1242
USA/WA-CDC-UW21093099222/2021	1243
USA/WA-CDC-UW21110256541/2021	1243
USA/WA-CDC-LC0371904/2021	1243
USA/WA-CDC-UW21061837925/2021	1244
USA/WA-CDC-UW21102056769/2021	1245
USA/WA-CDC-UW21110830661/2021	1245
USA/WA-CDC-UW21120972044/2021	1246
USA/WA-CDC-UW21090852512/2021	1247
USA/WA-CDC-UW21090832955/2021	1248
USA/WA-UW-21120104968/2021	1249
USA/WA-CDC-UW21090492843/2021	1250
USA/WA-S12328/2021	1251
USA/WA-CDC-UW21121193068/2021	1252
USA/WA-CDC-LC0468210/2022	1253
USA/WA-CDC-UW21110689388/2021	1254
USA/WA-CDC-UW21121799427/2021	1255
USA/WA-CDC-UW21111072765/2021	1256
USA/WA-CDC-UW21120224937/2021	1257
USA/WA-UW-21111896249/2021	1258
USA/WA-CDC-UW21120798099/2021	1259
USA/WA-CDC-UW21071055600/2021	1260
USA/WA-UW-21090837962/2021	1260
USA/WA-UW-21072712681/2021	1260
USA/WA-UW-21090883425/2021	1260
USA/WA-CDC-UW21112222582/2021	1260
USA/WA-CDC-UW21110390106/2021	1260
USA/WA-CDC-UW21092519911/2021	1260
USA/WA-CDC-UW21112628520/2021	1260
USA/WA-CDC-UW21120273252/2021	1260
USA/WA-UW-21090679343/2021	1260
USA/WA-UW-21072324498/2021	1260
USA/WA-CDC-UW21113019069/2021	1260
USA/WA-UW-21070285528/2021	1260
USA/WA-UW-21092163750/2021	1261
USA/WA-CDC-LC0091546/2021	1262
USA/WA-CDC-UW21061978586/2021	1262
USA/WA-CDC-UW21120126639/2021	1263
USA/WA-CDC-UW21120960820/2021	1264
USA/WA-CDC-UW21121109487/2021	1264
USA/WA-S13563/2021	1265
USA/WA-CDC-UW21092608269/2021	1266
USA/WA-CDC-UW21111028282/2021	1267
USA/WA-CDC-UW21120951435/2021	1268
USA/WA-CDC-UW21090373295/2021	1269
USA/WA-CDC-UW21091790419/2021	1269
USA/WA-CDC-UW21092161191/2021	1269
USA/WA-UW-21092909685/2021	1269
USA/WA-UW-21110367889/2021	1270
USA/WA-CDC-UW21112345477/2021	1271
USA/WA-CDC-UW21120171349/2021	1272
USA/WA-S11152/2021	1273
USA/WA-CDC-UW21100280021/2021	1274
USA/WA-UW-21081936287/2021	1275
USA/WA-UW-21111531084/2021	1276
USA/WA-CDC-UW21082751064/2021	1277
USA/WA-CDC-UW21081725738/2021	1277
USA/WA-CDC-UW21091791297/2021	1278
USA/WA-CDC-UW21091719666/2021	1278
USA/WA-CDC-UW21090371384/2021	1278
USA/WA-CDC-UW21102515824/2021	1279
USA/WA-CDC-UW21102557689/2021	1279
USA/WA-UW-21080387976/2021	1280
USA/WA-CDC-UW21081926784/2021	1281
USA/WA-CDC-UW21082543785/2021	1282
USA/WA-UW-21111824060/2021	1283
USA/WA-CDC-UW21091158446/2021	1284
USA/WA-CDC-UW21082629390/2021	1285
USA/WA-PHL-006596/2021	1286
USA/WA-CDC-UW21121104104/2021	1287
USA/WA-PHL-007962/2021	1287
USA/WA-CDC-UW21090273400/2021	1288
USA/WA-UW-21092817048/2021	1289
USA/WA-CDC-UW21082790011/2021	1290
USA/WA-CDC-UW21121063402/2021	1291
USA/WA-CDC-UW21121033968/2021	1292
USA/WA-CDC-UW21090707055/2021	1293
USA/WA-CDC-UW21090798039/2021	1293
USA/WA-CDC-ASC210529028/2021	1294
USA/WA-PHL-004999/2021	1295
USA/WA-CDC-UW21120827633/2021	1296
USA/WA-CDC-UW21120841703/2021	1297
USA/WA-UW-21112377386/2021	1297
USA/WA-UW-21120249502/2021	1298
USA/WA-CDC-UW21111331163/2021	1299
USA/WA-CDC-UW21120261266/2021	1300
USA/WA-CDC-UW21092184189/2021	1301
USA/WA-CDC-UW21110295521/2021	1302
USA/WA-PHL-007638/2021	1303
USA/WA-CDC-UW21113047012/2021	1304
USA/WA-CDC-UW21120307096/2021	1305
USA/WA-CDC-UW21120712132/2021	1305
USA/WA-CDC-UW21120409210/2021	1306
USA/WA-UW-21080928992/2021	1307
USA/WA-CDC-UW21101584072/2021	1308
USA/WA-CDC-UW21101136597/2021	1309
USA/WA-PHL-005956/2021	1310
USA/WA-CDC-UW21110241724/2021	1311
USA/WA-CDC-UW21111332954/2021	1311
USA/WA-CDC-UW21111216879/2021	1311
USA/WA-CDC-LC0345681/2021	1312
USA/WA-CDC-UW21110262833/2021	1313
USA/WA-CDC-UW21102678478/2021	1313
USA/WA-CDC-UW21111308764/2021	1314
USA/WA-S15639/2021	1315
USA/WA-UW-21122112712/2021	1315
USA/WA-CDC-UW21120942322/2021	1315
USA/WA-CDC-UW21120976240/2021	1315
USA/WA-CDC-UW21121792836/2021	1315
USA/WA-CDC-UW21121440090/2021	1315
USA/WA-CDC-UW21121358013/2021	1315
USA/WA-CDC-UW21122186614/2021	1315
USA/WA-CDC-ASC210625437/2021	1316
USA/WA-UW-21063084989/2021	1317
USA/WA-UW-21062996878/2021	1317
USA/WA-CDC-UW21121729360/2021	1318
USA/WA-CDC-UW21120221077/2021	1319
USA/WA-CDC-UW21110301079/2021	1319
USA/WA-CDC-UW21112343476/2021	1320
USA/WA-CDC-UW21121635692/2021	1321
USA/WA-CDC-UW21121422206/2021	1321
USA/WA-CDC-LC0395430/2021	1322
USA/WA-UW-21111717822/2021	1323
USA/WA-CDC-UW21102292059/2021	1323
USA/WA-CDC-UW21121622258/2021	1323
USA/WA-CDC-UW21120901448/2021	1323
USA/WA-CDC-UW21121740920/2021	1323
USA/WA-UW-21102843170/2021	1323
USA/WA-CDC-UW21111391747/2021	1324
USA/WA-CDC-UW21121079526/2021	1325
USA/WA-CDC-UW21112640895/2021	1325
USA/WA-CDC-ASC210642832/2021	1326
USA/WA-CDC-ASC210451771/2021	1327
USA/WA-S15644/2021	1328
USA/WA-CDC-UW21112995510/2021	1329
USA/WA-CDC-UW21113059765/2021	1330
USA/WA-CDC-UW21092188569/2021	1331
USA/WA-CDC-UW21112384275/2021	1332
USA/WA-CDC-UW21082006851/2021	1333
USA/WA-CDC-UW21113010180/2021	1334
USA/WA-CDC-UW21111961101/2021	1334
USA/WA-PHL-007634/2021	1335
USA/WA-UW-21112245224/2021	1336
USA/WA-CDC-LC0412383/2021	1336
USA/WA-CDC-UW21120885238/2021	1337
USA/WA-PHL-007907/2021	1338
USA/WA-UW-21102914007/2021	1339
USA/WA-CDC-UW21073028956/2021	1340
USA/WA-CDC-UW21073092477/2021	1341
USA/WA-CDC-LC0342359/2021	1342
USA/WA-CDC-UW21081421884/2021	1343
USA/WA-UW-21081784827/2021	1344
USA/WA-CDC-UW21090883499/2021	1345
USA/WA-UW-21072213145/2021	1346
USA/WA-CDC-UW21090352023/2021	1347
USA/WA-UW-21110666912/2021	1348
USA/WA-CDC-UW21062195655/2021	1349
USA/WA-CDC-UW21062301682/2021	1349
USA/WA-CDC-UW21062308169/2021	1349
USA/WA-CDC-UW21062112348/2021	1349
USA/WA-CDC-UW21090944981/2021	1350
USA/WA-CDC-UW21090873942/2021	1351
USA/WA-CDC-UW21090226728/2021	1352
USA/WA-CDC-UW21090259654/2021	1352
USA/WA-CDC-UW21090849519/2021	1353
USA/WA-CDC-UW21091734099/2021	1354
USA/WA-CDC-UW21102046019/2021	1355
USA/WA-UW-21072834440/2021	1356
USA/WA-UW-21071852104/2021	1357
USA/WA-S13013/2021	1358
USA/WA-CDC-UW21120893616/2021	1359
USA/WA-CDC-UW21120830202/2021	1359
USA/WA-CDC-UW22010317432/2022	1360
USA/WA-CDC-UW21090204811/2021	1361
USA/WA-CDC-UW21090802117/2021	1361
USA/WA-UW-21111598804/2021	1362
USA/WA-CDC-UW21111022541/2021	1363
USA/WA-CDC-UW21113053976/2021	1364
USA/WA-CDC-UW21111372336/2021	1365
USA/WA-S11898/2021	1366
USA/WA-CDC-UW21081256584/2021	1367
USA/WA-UW-21072289309/2021	1368
USA/WA-CDC-UW21120268974/2021	1369
USA/WA-UW-21092250969/2021	1370
USA/WA-CDC-UW21081262237/2021	1371
USA/WA-CDC-UW21101116515/2021	1372
USA/WA-S15470/2021	1372
USA/WA-CDC-UW21121742477/2021	1372
USA/WA-CDC-UW21112032779/2021	1373
USA/WA-S15064/2021	1374
USA/WA-UW-21071755536/2021	1375
USA/WA-S10649/2021	1376
USA/WA-S9866/2021	1377
USA/WA-CDC-UW21081021375/2021	1378
USA/WA-CDC-LC0336266/2021	1378
USA/WA-CDC-UW21072936362/2021	1379
USA/WA-UW-21080318926/2021	1380
USA/WA-S15643/2021	1381
USA/WA-CDC-UW21091058530/2021	1382
USA/WA-CDC-UW21101184506/2021	1383
USA/WA-UW-21072924099/2021	1384
USA/WA-CDC-UW21082859109/2021	1385
USA/WA-S15669/2021	1386
USA/WA-CDC-UW21112365934/2021	1387
USA/WA-CDC-UW21120907337/2021	1388
USA/WA-PHL-006994/2021	1388
USA/WA-CDC-UW21121816817/2021	1389
USA/WA-CDC-UW21121657103/2021	1390
USA/WA-CDC-LC0275707/2021	1391
USA/WA-CDC-UW21092116642/2021	1391
USA/WA-UW-21092504410/2021	1392
USA/WA-UW-21092844476/2021	1392
USA/WA-CDC-UW21091738797/2021	1393
USA/WA-CDC-UW21102200054/2021	1394
USA/WA-S14327/2021	1395
USA/WA-CDC-UW21101183660/2021	1396
USA/WA-CDC-UW21100208260/2021	1397
USA/WA-S14451/2021	1398
USA/WA-S14574/2021	1399
USA/WA-CDC-UW21121059945/2021	1400
USA/WA-CDC-UW21121042188/2021	1400
USA/WA-CDC-UW21102021124/2021	1400
USA/WA-PHL-005691/2021	1400
USA/WA-PHL-005639/2021	1400
USA/WA-UW-21102145917/2021	1401
USA/WA-CDC-UW21102496277/2021	1402
USA/WA-CDC-UW21103106973/2021	1402
USA/WA-S15148/2021	1402
USA/WA-CDC-UW21092141105/2021	1403
USA/WA-CDC-UW21070792977/2021	1404
USA/WA-CDC-UW21112220516/2021	1405
USA/WA-CDC-UW21120167467/2021	1405
USA/WA-CDC-UW21112375767/2021	1405
USA/WA-CDC-UW21120239181/2021	1405
USA/WA-CDC-UW21120163439/2021	1405
USA/WA-CDC-UW21121090260/2021	1406
USA/WA-CDC-UW21121086687/2021	1406
USA/WA-CDC-UW21121374111/2021	1406
USA/WA-CDC-UW21123046181/2021	1407
USA/WA-CDC-UW21111530084/2021	1407
USA/WA-UW-21120259460/2021	1408
USA/WA-UW-21091321606/2021	1409
USA/WA-CDC-UW21082743084/2021	1410
USA/WA-CDC-LC0361274/2021	1411
USA/WA-S13208/2021	1412
USA/WA-UW-21092376447/2021	1413
USA/WA-CDC-UW21093031866/2021	1414
USA/WA-CDC-UW21100342080/2021	1415
USA/WA-S12995/2021	1416
USA/WA-UW-21072945567/2021	1417
USA/WA-S10617/2021	1418
USA/WA-S13556/2021	1419
USA/WA-UW-21072923486/2021	1420
USA/WA-CDC-UW21081486329/2021	1421
USA/WA-CDC-UW21081641307/2021	1422
USA/WA-CDC-UW21090719697/2021	1422
USA/WA-IVY-ZZX9LFWN/2021	1423
USA/WA-CDC-UW21090844799/2021	1423
USA/WA-CDC-LC0365276/2021	1424
USA/WA-UW-21081738967/2021	1425
USA/WA-CDC-UW22012292477/2022	1426
USA/WA-UW-21120314085/2021	1427
USA/WA-UW-21112994012/2021	1428
USA/WA-CDC-UW21120215211/2021	1429
USA/WA-PHL-007633/2021	1430
USA/WA-CDC-UW21062193215/2021	1431
USA/WA-UW-21100953951/2021	1432
USA/WA-UW-21092850038/2021	1432
USA/WA-CDC-UW21100265790/2021	1433
USA/WA-CDC-UW21100158166/2021	1433
USA/WA-S10669/2021	1433
USA/WA-CDC-UW21081698718/2021	1433
USA/WA-UW-21072967441/2021	1433
USA/WA-CDC-UW21081783646/2021	1434
USA/WA-CDC-UW21081773914/2021	1435
USA/WA-UW-21091476236/2021	1435
USA/WA-CDC-UW21081720415/2021	1436
USA/WA-S12651/2021	1437
USA/WA-CDC-UW21092145932/2021	1437
USA/WA-CDC-UW21100294107/2021	1437
USA/WA-PHL-004658/2021	1437
USA/WA-UW-21111570148/2021	1437
USA/WA-UW-21072831007/2021	1438
USA/WA-CDC-UW21092265608/2021	1439
USA/WA-PHL-004645/2021	1440
USA/WA-CDC-UW21081780136/2021	1441
USA/WA-CDC-UW21090712812/2021	1442
USA/WA-CDC-UW21092134813/2021	1442
USA/WA-CDC-UW21100143049/2021	1443
USA/WA-S15128/2021	1444
USA/WA-CDC-UW21100277300/2021	1445
USA/WA-CDC-UW21110805298/2021	1446
USA/WA-UW-21102936175/2021	1446
USA/WA-CDC-UW22012514056/2022	1447
USA/WA-UW-21063066760/2021	1448
USA/WA-CDC-UW21112674759/2021	1448
USA/WA-CDC-UW21120380267/2021	1448
USA/WA-CDC-UW21111932837/2021	1448
USA/WA-CDC-UW21112288550/2021	1448
USA/WA-CDC-UW21120987862/2021	1448
USA/WA-CDC-LC0446894/2021	1448
USA/WA-S13092/2021	1448
USA/WA-CDC-UW21062124216/2021	1449
USA/WA-UW-21080244549/2021	1450
USA/WA-PHL-001175/2021	1451
USA/WA-UW-21082187160/2021	1452
USA/WA-S11848/2021	1453
USA/WA-UW-21080238461/2021	1454
USA/WA-UW-21090271046/2021	1454
USA/WA-UW-21072328395/2021	1454
USA/WA-UW-21072340424/2021	1454
USA/WA-CDC-UW21120267220/2021	1454
USA/WA-UW-21091362066/2021	1454
USA/WA-UW-21073198084/2021	1454
USA/WA-UW-21071904072/2021	1454
USA/WA-S16268/2022	1455
USA/WA-CDC-LC0213594/2021	1456
USA/WA-UW-21091328063/2021	1457
USA/WA-UW-21072202674/2021	1458
USA/WA-UW-21072435741/2021	1458
USA/WA-CDC-UW21120176021/2021	1459
USA/WA-CDC-UW21112034494/2021	1460
USA/WA-S15645/2021	1460
USA/WA-UW-21102131100/2021	1461
USA/WA-UW-21112382882/2021	1462
USA/WA-CDC-UW21102305041/2021	1463
USA/WA-CDC-UW21121117164/2021	1464
USA/WA-CDC-UW21120255706/2021	1465
USA/WA-CDC-UW21110241460/2021	1466
USA/WA-CDC-UW21111029219/2021	1466
USA/WA-CDC-UW21111044865/2021	1466
USA/WA-CDC-UW21112036407/2021	1466
USA/WA-CDC-UW21111015142/2021	1466
USA/WA-CDC-UW21111347818/2021	1467
USA/WA-PHL-005673/2021	1468
USA/WA-CDC-LC0376408/2021	1469
USA/WA-CDC-UW21120474342/2021	1470
USA/WA-CDC-UW21082559237/2021	1471
USA/WA-CDC-LC0305000/2021	1472
USA/WA-UW-21081117771/2021	1473
USA/WA-CDC-UW21110268891/2021	1474
USA/WA-CDC-UW21080356463/2021	1475
USA/WA-CDC-UW21111330959/2021	1476
USA/WA-CDC-UW21090256088/2021	1477
USA/WA-UW-21102934276/2021	1478
USA/WA-CDC-UW21081980996/2021	1479
USA/WA-UW-21081219438/2021	1480
USA/WA-UW-21092968665/2021	1481
USA/WA-CDC-UW21101474015/2021	1482
USA/WA-CDC-UW21101407592/2021	1483
USA/WA-S13238/2021	1484
USA/WA-CDC-LC0415690/2021	1485
USA/WA-CDC-UW21121474323/2021	1485
USA/WA-UW-21120331015/2021	1485
USA/WA-UW-21111805224/2021	1485
USA/WA-S15798/2021	1486
USA/WA-CDC-UW21102196104/2021	1487
USA/WA-CDC-UW21120178196/2021	1488
USA/WA-CDC-UW21113097589/2021	1488
USA/WA-UW-21112407964/2021	1488
USA/WA-UW-21111845016/2021	1488
USA/WA-CDC-UW21120337384/2021	1488
USA/WA-CDC-UW21121613294/2021	1488
USA/WA-CDC-UW22010276131/2022	1489
USA/WA-CDC-UW21082686357/2021	1490
USA/WA-CDC-UW21082892710/2021	1490
USA/WA-CDC-UW21102535307/2021	1490
USA/WA-CDC-UW21090781619/2021	1490
USA/WA-S12848/2021	1490
USA/WA-S12850/2021	1490
USA/WA-S14588/2021	1490
USA/WA-CDC-UW21102581674/2021	1490
USA/WA-CDC-UW21102393924/2021	1490
USA/WA-CDC-UW21120223904/2021	1491
USA/WA-PHL-007096/2021	1492
USA/WA-UW-21111516109/2021	1492
USA/WA-UW-21112377166/2021	1492
USA/WA-CDC-UW21120359425/2021	1493
USA/WA-PHL-006574/2021	1494
USA/WA-CDC-UW21112913241/2021	1495
USA/WA-CDC-UW21101131334/2021	1496
USA/WA-CDC-UW21110881708/2021	1497
USA/WA-CDC-LC0452604/2021	1498
USA/WA-CDC-LC0127275/2021	1499
USA/WA-UW-21072815877/2021	1500
USA/WA-CDC-UW21080213086/2021	1500
USA/WA-S12494/2021	1501
USA/WA-CDC-LC0281211/2021	1501
USA/WA-S15466/2021	1502
USA/WA-CDC-UW21081643678/2021	1502
USA/WA-CDC-UW21081975354/2021	1502
USA/WA-CDC-UW21082677956/2021	1502
USA/WA-S10074/2021	1503
USA/WA-CDC-ASC210529056/2021	1504
USA/WA-UW-21081663529/2021	1505
USA/WA-UW-21072978544/2021	1506
USA/WA-S10622/2021	1507
USA/WA-UW-21072662678/2021	1508
USA/WA-UW-21081221828/2021	1509
USA/WA-CDC-UW21113064178/2021	1510
USA/WA-UW-21111669848/2021	1510
USA/WA-CDC-UW21073028907/2021	1511
USA/WA-CDC-LC0223047/2021	1512
USA/WA-CDC-UW21082399439/2021	1513
USA/WA-CDC-UW21090243188/2021	1514
USA/WA-CDC-UW21082660659/2021	1514
USA/WA-CDC-UW21081737585/2021	1515
USA/WA-UW-21081601273/2021	1516
USA/WA-UW-21111854921/2021	1517
USA/WA-PHL-007650/2021	1518
USA/WA-CDC-UW21072151729/2021	1519
USA/WA-CDC-UW21072071076/2021	1520
USA/WA-S10043/2021	1521
USA/WA-UW-21072726734/2021	1522
USA/WA-CDC-UW21092060158/2021	1523
USA/WA-CDC-UW21081935943/2021	1524
USA/WA-S12641/2021	1525
USA/WA-PHL-005476/2021	1525
USA/WA-PHL-010995/2022	1526
USA/WA-S15680/2021	1527
USA/WA-S17865/2021	1528
USA/WA-CDC-UW21121320187/2021	1529
USA/WA-CDC-UW21121378805/2021	1530
USA/WA-UW-21121098824/2021	1530
USA/WA-CDC-UW21121202978/2021	1531
USA/WA-UW-21072621036/2021	1532
USA/WA-CDC-UW21120684066/2021	1533
USA/WA-CDC-UW21111521578/2021	1534
USA/WA-S15448/2021	1535
USA/WA-UW-21102137669/2021	1536
USA/WA-UW-21102825228/2021	1537
USA/WA-CDC-UW21092582642/2021	1538
USA/WA-S16311/2022	1539
USA/WA-CDC-UW21120200090/2021	1540
USA/WA-CDC-LC0337096/2021	1541
USA/WA-CDC-UW21101495142/2021	1542
USA/WA-CDC-UW21121307089/2021	1542
USA/WA-CDC-UW21121800562/2021	1542
USA/WA-CDC-UW21121068798/2021	1542
USA/WA-CDC-UW21113080506/2021	1542
USA/WA-CDC-UW21121098897/2021	1542
USA/WA-CDC-UW21082506474/2021	1543
USA/WA-CDC-UW21111548479/2021	1544
USA/WA-UW-21111642729/2021	1544
USA/WA-CDC-UW21102311490/2021	1545
USA/WA-PHL-005015/2021	1546
USA/WA-PHL-007966/2021	1547
USA/WA-CDC-UW21121060451/2021	1548
USA/WA-UW-21063045740/2021	1549
USA/WA-CDC-UW21071024649/2021	1549
USA/WA-CDC-UW21062314763/2021	1550
USA/WA-CDC-LC0252400/2021	1551
USA/WA-CDC-UW21091031890/2021	1552
USA/WA-CDC-UW21111128828/2021	1553
USA/WA-CDC-UW21112906803/2021	1554
USA/WA-UW-21080280402/2021	1555
USA/WA-CDC-UW21102310778/2021	1556
USA/WA-CDC-LC0322742/2021	1557
USA/WA-CDC-UW21073196067/2021	1557
USA/WA-CDC-UW21073057460/2021	1557
USA/WA-CDC-LC0072886/2021	1558
USA/WA-Altius-ALTCOV-VLA73NEZRZ77FBWE/2021	1558
USA/WA-CDC-UW21052472311/2021	1559
USA/WA-CDC-UW21071931299/2021	1559
USA/WA-CDC-UW21090997840/2021	1559
USA/WA-CDC-UW21072948350/2021	1559
USA/WA-UW-21052686826/2021	1559
USA/WA-Altius-ALTCOV-B2RHNT74DSDDFVCB/2021	1560
USA/WA-CDC-UW21072030925/2021	1561
USA/WA-UW-21072322363/2021	1562
USA/WA-CDC-UW21072928787/2021	1563
USA/WA-CDC-UW21081359552/2021	1564
USA/WA-UW-21073090237/2021	1565
USA/WA-CDC-UW21080246819/2021	1566
USA/WA-UW-21081139924/2021	1567
USA/WA-CDC-UW21081644658/2021	1568
USA/WA-UW-21073014991/2021	1569
USA/WA-CDC-UW21071932968/2021	1570
USA/WA-UW-21080277523/2021	1571
USA/WA-S10330/2021	1572
USA/WA-S12329/2021	1573
USA/WA-UW-21102914550/2021	1574
USA/WA-UW-21062976074/2021	1575
USA/WA-CDC-LC0085875/2021	1576
USA/WA-CDC-ASC210112094/2021	1576
USA/WA-S10095/2021	1576
USA/WA-S14586/2021	1577
USA/WA-CDC-UW21121098045/2021	1577
USA/WA-CDC-UW21081614572/2021	1578
USA/WA-CDC-UW21071645526/2021	1579
USA/WA-CDC-UW21121636942/2021	1580
USA/WA-CDC-UW21073198391/2021	1581
USA/WA-UW-21071412951/2021	1581
USA/WA-UW-21071684992/2021	1581
USA/WA-CDC-UW21112608211/2021	1582
USA/WA-PHL-002909/2021	1583
USA/WA-UW-21072742612/2021	1584
USA/WA-CDC-UW21102031309/2021	1585
USA/WA-CDC-UW21111980232/2021	1586
USA/WA-CDC-UW21120134091/2021	1587
USA/WA-UW-21072957037/2021	1588
USA/WA-CDC-UW21091082386/2021	1589
USA/WA-S12599/2021	1590
USA/WA-UW-21081661331/2021	1591
USA/WA-CDC-UW21121126272/2021	1592
USA/WA-CDC-UW21121018886/2021	1592
USA/WA-CDC-UW21081655185/2021	1593
USA/WA-S14367/2021	1594
USA/WA-CDC-UW21092503818/2021	1594
USA/WA-CDC-UW21070869193/2021	1595
USA/WA-CDC-UW21070891731/2021	1595
USA/WA-CDC-LC0389555/2021	1596
USA/WA-CDC-UW21082540021/2021	1597
USA/WA-CDC-UW21082730693/2021	1598
USA/WA-CDC-UW21090868792/2021	1599
USA/WA-CDC-UW21101496039/2021	1600
USA/WA-S14413/2021	1600
USA/WA-CDC-UW21072986860/2021	1601
USA/WA-UW-21062978472/2021	1602
USA/WA-Altius-ALTCOV-CRYRHFPBBC734BTV/2021	1603
USA/WA-PHL-003916/2021	1604
USA/WA-CDC-UW21110237722/2021	1605
USA/WA-UW-21113032555/2021	1606
USA/WA-CDC-UW21121348681/2021	1606
USA/WA-CDC-UW21072069213/2021	1607
USA/WA-UW-21081657980/2021	1608
USA/WA-UW-21080940164/2021	1608
USA/WA-CDC-UW21072628214/2021	1608
USA/WA-S13043/2021	1609
USA/WA-CDC-UW21090286764/2021	1609
USA/WA-UW-21071958776/2021	1610
USA/WA-S12449/2021	1611
USA/WA-CDC-UW21082658239/2021	1612
USA/WA-CDC-UW21090826094/2021	1613
USA/WA-CDC-LC0322982/2021	1614
USA/WA-S15080/2021	1615
USA/WA-S12473/2021	1616
USA/WA-CDC-UW21091485689/2021	1617
USA/WA-S15062/2021	1618
USA/WA-CDC-UW21100240656/2021	1619
USA/WA-S11822/2021	1620
USA/WA-CDC-UW21102059980/2021	1621
USA/WA-UW-21071333630/2021	1622
USA/WA-UW-21072442915/2021	1623
USA/WA-UW-21072930039/2021	1623
USA/WA-S14265/2021	1624
USA/WA-CDC-UW21111088326/2021	1625
USA/WA-CDC-UW21113092540/2021	1625
USA/WA-UW-21111811624/2021	1626
USA/WA-S15666/2021	1626
USA/WA-CDC-UW21102050280/2021	1626
USA/WA-CDC-UW21120722660/2021	1627
USA/WA-CDC-UW21120824510/2021	1627
USA/WA-CDC-UW21120758916/2021	1627
USA/WA-UW-21071495023/2021	1627
USA/WA-CDC-UW21120663249/2021	1628
USA/WA-CDC-UW21120187695/2021	1628
USA/WA-CDC-UW21071577997/2021	1629
USA/WA-CDC-UW21102542394/2021	1630
USA/WA-CDC-UW21111362697/2021	1631
USA/WA-CDC-UW21111017098/2021	1632
USA/WA-CDC-UW21110861162/2021	1632
USA/WA-CDC-UW21101441483/2021	1633
USA/WA-PHL-001883/2021	1634
USA/WA-CDC-UW21120842526/2021	1635
USA/WA-UW-21111863359/2021	1636
USA/WA-PHL-001260/2021	1637
USA/WA-CDC-UW21101171331/2021	1638
USA/WA-CDC-UW21101135161/2021	1639
USA/WA-CDC-UW21120868966/2021	1640
USA/WA-PHL-005953/2021	1640
USA/WA-CDC-UW21092510300/2021	1641
USA/WA-CDC-UW21090854829/2021	1642
USA/WA-UW-21071223845/2021	1643
USA/WA-UW-21111517971/2021	1644
USA/WA-UW-21092537865/2021	1645
USA/WA-UW-21111592972/2021	1646
USA/WA-S11174/2021	1647
USA/WA-S15057/2021	1648
USA/WA-CDC-UW21112908432/2021	1649
USA/WA-CDC-LC0286848/2021	1650
USA/WA-UW-21092856938/2021	1651
USA/WA-CDC-UW21101570195/2021	1652
USA/WA-CDC-UW21110200192/2021	1652
USA/WA-UW-21113073455/2021	1652
USA/WA-CDC-UW21120780280/2021	1652
USA/WA-UW-21102927384/2021	1652
USA/WA-PHL-005951/2021	1652
USA/WA-CDC-UW21110895164/2021	1652
USA/WA-CDC-UW21110868304/2021	1652
USA/WA-UW-21102858084/2021	1653
USA/WA-UW-21111649185/2021	1654
USA/WA-UW-21111883378/2021	1654
USA/WA-UW-21081211264/2021	1655
USA/WA-CDC-UW21090371727/2021	1656
USA/WA-UW-21091355666/2021	1657
USA/WA-UW-21100522795/2021	1657
USA/WA-CDC-UW21102012974/2021	1658
USA/WA-UW-21091340964/2021	1659
USA/WA-CDC-UW21120332227/2021	1660
USA/WA-CDC-UW21081958132/2021	1661
USA/WA-UW-21081236794/2021	1661
USA/WA-CDC-UW21090832947/2021	1661
USA/WA-CDC-UW21081319966/2021	1661
USA/WA-CDC-UW21091703043/2021	1661
USA/WA-S13520/2021	1661
USA/WA-UW-21090373056/2021	1661
USA/WA-UW-21100504045/2021	1662
USA/WA-CDC-UW21092105263/2021	1663
USA/WA-S14267/2021	1664
USA/WA-UW-21120282785/2021	1665
USA/WA-CDC-UW21090723562/2021	1666
USA/WA-CDC-UW21092147771/2021	1666
USA/WA-CDC-UW21102040149/2021	1667
USA/WA-S15605/2021	1667
USA/WA-CDC-UW21120480878/2021	1668
USA/WA-CDC-UW21121077720/2021	1668
USA/WA-S15941/2021	1669
USA/WA-CDC-UW21120933246/2021	1669
USA/WA-UW-21091442364/2021	1670
USA/WA-CDC-UW21092210390/2021	1671
USA/WA-CDC-UW21100111993/2021	1672
USA/WA-CDC-UW21102328043/2021	1673
USA/WA-CDC-UW21102590658/2021	1673
USA/WA-PHL-006237/2021	1674
USA/WA-S12438/2021	1675
USA/WA-S13058/2021	1675
USA/WA-UW-21111967135/2021	1675
USA/WA-CDC-UW21090842349/2021	1676
USA/WA-CDC-UW21112449041/2021	1677
USA/WA-CDC-UW21112641727/2021	1677
USA/WA-UW-21111530830/2021	1677
USA/WA-UW-21092888590/2021	1678
USA/WA-CDC-UW21090733835/2021	1678
USA/WA-CDC-UW21090911110/2021	1678
USA/WA-CDC-UW21102192739/2021	1679
USA/WA-CDC-UW21091786131/2021	1680
USA/WA-CDC-UW21090344907/2021	1681
USA/WA-CDC-UW21090998156/2021	1682
USA/WA-CDC-UW21092260482/2021	1683
USA/WA-S15169/2021	1683
USA/WA-CDC-UW21102367750/2021	1683
USA/WA-CDC-UW21101478941/2021	1683
USA/WA-S14564/2021	1684
USA/WA-UW-21081769347/2021	1685
USA/WA-CDC-UW21082788800/2021	1686
USA/WA-CDC-UW21092197012/2021	1687
USA/WA-UW-21092143850/2021	1687
USA/WA-UW-21092917103/2021	1687
USA/WA-CDC-LC0295233/2021	1688
USA/WA-CDC-UW21091052784/2021	1689
USA/WA-UW-21082877905/2021	1690
USA/WA-CDC-UW21081617382/2021	1691
USA/WA-CDC-UW21090238609/2021	1692
USA/WA-CDC-UW21092597270/2021	1693
USA/WA-S15460/2021	1694
USA/WA-PHL-005689/2021	1695
USA/WA-CDC-UW21102293304/2021	1696
USA/WA-CDC-UW21092196973/2021	1697
USA/WA-CDC-UW21121471048/2021	1698
USA/WA-CDC-UW21120286984/2021	1699
USA/WA-UW-21111937248/2021	1700
USA/WA-UW-21111928071/2021	1700
USA/WA-CDC-UW21110390396/2021	1700
USA/WA-CDC-UW21111588353/2021	1700
USA/WA-UW-21111656595/2021	1700
USA/WA-CDC-UW21112344791/2021	1700
USA/WA-CDC-UW21111806401/2021	1700
USA/WA-CDC-UW21120165298/2021	1701
USA/WA-CDC-UW21110840864/2021	1701
USA/WA-UW-21111544349/2021	1701
USA/WA-CDC-UW21081028070/2021	1702
USA/WA-CDC-UW21090956314/2021	1703
USA/WA-S11168/2021	1704
USA/WA-CDC-UW21092185250/2021	1705
USA/WA-CDC-UW21102234576/2021	1705
USA/WA-CDC-UW21102259570/2021	1705
USA/WA-CDC-UW21100185182/2021	1706
USA/WA-PHL-007653/2021	1707
USA/WA-CDC-UW21121137431/2021	1708
USA/WA-CDC-UW21121119940/2021	1708
USA/WA-UW-21102153652/2021	1709
USA/WA-CDC-LC0284990/2021	1710
USA/WA-PHL-008064/2021	1711
USA/WA-S15739/2021	1712
USA/WA-S14557/2021	1713
USA/WA-CDC-UW21102215736/2021	1714
USA/WA-CDC-UW21101575664/2021	1715
USA/WA-UW-21111583853/2021	1716
USA/WA-CDC-UW21111031165/2021	1717
USA/WA-S11982/2021	1718
USA/WA-UW-21072493977/2021	1719
USA/WA-CDC-UW21081766454/2021	1720
USA/WA-S13212/2021	1721
USA/WA-CDC-ASC210270771/2021	1722
USA/WA-CDC-UW21071994085/2021	1723
USA/WA-CDC-UW21072019008/2021	1723
USA/WA-CDC-ASC210655648/2021	1724
USA/WA-CDC-UW21071743449/2021	1725
USA/WA-CDC-LC0149527/2021	1725
USA/WA-CDC-UW21081985463/2021	1726
USA/WA-CDC-UW21090789490/2021	1727
USA/WA-CDC-UW21082708750/2021	1728
USA/WA-CDC-UW21100232056/2021	1729
USA/WA-UW-21063017699/2021	1730
USA/WA-UW-21063047846/2021	1730
USA/WA-CDC-UW21081360122/2021	1731
USA/WA-UW-21100534969/2021	1732
USA/WA-CDC-UW21121633569/2021	1733
USA/WA-CDC-UW21111046066/2021	1734
USA/WA-CDC-UW21110868623/2021	1735
USA/WA-CDC-UW21082754093/2021	1736
USA/WA-S15150/2021	1737
USA/WA-UW-21111650654/2021	1738
USA/WA-CDC-UW21092248232/2021	1739
USA/WA-CDC-FG-089225/2021	1740
USA/WA-Altius-ALTCOV-NJ7EZCWL2ZGGKBHV/2021	1741
USA/WA-CDC-LC0097837/2021	1742
USA/WA-UW-21072455781/2021	1743
USA/WA-UW-21071241772/2021	1744
USA/WA-CDC-UW21091081489/2021	1745
USA/WA-CDC-UW21081466410/2021	1746
USA/WA-S13536/2021	1746
USA/WA-CDC-UW21091038946/2021	1746
USA/WA-CDC-UW21120824441/2021	1747
USA/WA-PHL-001548/2021	1748
USA/WA-UW-21081131839/2021	1749
USA/WA-UW-21080957037/2021	1750
USA/WA-CDC-UW21090956900/2021	1751
USA/WA-CDC-LC0268251/2021	1751
USA/WA-CDC-UW21090963287/2021	1752
USA/WA-UW-21072880176/2021	1753
USA/WA-CDC-UW21071911548/2021	1754
USA/WA-UW-21071599999/2021	1755
USA/WA-UW-21072723209/2021	1756
USA/WA-UW-21072310905/2021	1757
USA/WA-CDC-LC0303121/2021	1758
USA/WA-CDC-UW21091798851/2021	1759
USA/WA-CDC-UW21120430388/2021	1760
USA/WA-UW-21112944414/2021	1760
USA/WA-S18264/2021	1761
USA/WA-CDC-UW21111050986/2021	1762
USA/WA-CDC-LC0387325/2021	1763
USA/WA-CDC-UW21101517340/2021	1763
USA/WA-S14409/2021	1764
USA/WA-CDC-UW21100408323/2021	1764
USA/WA-CDC-UW21102049581/2021	1764
USA/WA-CDC-UW21102020225/2021	1764
USA/WA-CDC-UW21101114836/2021	1765
USA/WA-CDC-UW21112359614/2021	1765
USA/WA-UW-21110172306/2021	1765
USA/WA-CDC-UW21111538225/2021	1765
USA/WA-CDC-UW21111587475/2021	1765
USA/WA-S17844/2021	1765
USA/WA-CDC-UW21111002634/2021	1765
USA/WA-CDC-UW21111080897/2021	1765
USA/WA-CDC-UW21111035988/2021	1765
USA/WA-UW-21111658491/2021	1765
USA/WA-CDC-UW21073195378/2021	1766
USA/WA-CDC-UW21090931924/2021	1767
USA/WA-UW-21112973269/2021	1768
USA/WA-UW-21102897381/2021	1768
USA/WA-UW-21111533791/2021	1768
USA/WA-UW-21102959769/2021	1768
USA/WA-CDC-UW21111058041/2021	1768
USA/WA-CDC-UW21110647889/2021	1768
USA/WA-UW-21110465132/2021	1769
USA/WA-S11258/2021	1770
USA/WA-CDC-UW21081653235/2021	1771
USA/WA-S11216/2021	1772
USA/WA-CDC-UW21092128387/2021	1773
USA/WA-UW-21102800862/2021	1774
USA/WA-CDC-UW21100293058/2021	1775
USA/WA-UW-21102099894/2021	1776
USA/WA-CDC-UW21102020024/2021	1776
