,region,Date,Positives
0,nKC,2020-02-01,0.0
1,nKC,2020-02-02,0.0
2,nKC,2020-02-03,0.0
3,nKC,2020-02-04,0.0
4,nKC,2020-02-05,0.0
5,nKC,2020-02-06,0.0
6,nKC,2020-02-07,0.0
7,nKC,2020-02-08,0.0
8,nKC,2020-02-09,0.0
9,nKC,2020-02-10,0.0
10,nKC,2020-02-11,0.0
11,nKC,2020-02-12,0.0
12,nKC,2020-02-13,0.0
13,nKC,2020-02-14,0.0
14,nKC,2020-02-15,0.0
15,nKC,2020-02-16,0.0
16,nKC,2020-02-17,0.0
17,nKC,2020-02-18,0.0
18,nKC,2020-02-19,0.0
19,nKC,2020-02-20,0.0
20,nKC,2020-02-21,0.07142857142857142
21,nKC,2020-02-22,0.14285714285714285
22,nKC,2020-02-23,0.21428571428571427
23,nKC,2020-02-24,0.2857142857142857
24,nKC,2020-02-25,0.35714285714285715
25,nKC,2020-02-26,0.42857142857142855
26,nKC,2020-02-27,0.5714285714285714
27,nKC,2020-02-28,1.2142857142857142
28,nKC,2020-02-29,2.2142857142857144
29,nKC,2020-03-01,3.0
30,nKC,2020-03-02,4.142857142857143
31,nKC,2020-03-03,4.928571428571429
32,nKC,2020-03-04,6.714285714285714
33,nKC,2020-03-05,9.214285714285714
34,nKC,2020-03-06,10.285714285714286
35,nKC,2020-03-07,11.714285714285714
36,nKC,2020-03-08,14.285714285714286
37,nKC,2020-03-09,16.142857142857142
38,nKC,2020-03-10,20.285714285714285
39,nKC,2020-03-11,23.714285714285715
40,nKC,2020-03-12,29.571428571428573
41,nKC,2020-03-13,34.357142857142854
42,nKC,2020-03-14,37.357142857142854
43,nKC,2020-03-15,38.714285714285715
44,nKC,2020-03-16,45.642857142857146
45,nKC,2020-03-17,51.714285714285715
46,nKC,2020-03-18,57.285714285714285
47,nKC,2020-03-19,61.714285714285715
48,nKC,2020-03-20,66.07142857142857
49,nKC,2020-03-21,67.78571428571429
50,nKC,2020-03-22,68.64285714285714
51,nKC,2020-03-23,76.28571428571429
52,nKC,2020-03-24,79.35714285714286
53,nKC,2020-03-25,82.42857142857143
54,nKC,2020-03-26,83.07142857142857
55,nKC,2020-03-27,85.57142857142857
56,nKC,2020-03-28,84.85714285714286
57,nKC,2020-03-29,87.35714285714286
58,nKC,2020-03-30,86.57142857142857
59,nKC,2020-03-31,86.07142857142857
60,nKC,2020-04-01,84.92857142857143
61,nKC,2020-04-02,83.35714285714286
62,nKC,2020-04-03,84.78571428571429
63,nKC,2020-04-04,84.71428571428571
64,nKC,2020-04-05,83.14285714285714
65,nKC,2020-04-06,78.5
66,nKC,2020-04-07,77.92857142857143
67,nKC,2020-04-08,77.42857142857143
68,nKC,2020-04-09,76.35714285714286
69,nKC,2020-04-10,72.85714285714286
70,nKC,2020-04-11,71.78571428571429
71,nKC,2020-04-12,68.28571428571429
72,nKC,2020-04-13,65.42857142857143
73,nKC,2020-04-14,63.357142857142854
74,nKC,2020-04-15,60.857142857142854
75,nKC,2020-04-16,60.214285714285715
76,nKC,2020-04-17,58.07142857142857
77,nKC,2020-04-18,56.642857142857146
78,nKC,2020-04-19,56.0
79,nKC,2020-04-20,55.285714285714285
80,nKC,2020-04-21,52.57142857142857
81,nKC,2020-04-22,50.214285714285715
82,nKC,2020-04-23,48.357142857142854
83,nKC,2020-04-24,46.142857142857146
84,nKC,2020-04-25,46.785714285714285
85,nKC,2020-04-26,47.642857142857146
86,nKC,2020-04-27,46.714285714285715
87,nKC,2020-04-28,44.357142857142854
88,nKC,2020-04-29,44.214285714285715
89,nKC,2020-04-30,42.214285714285715
90,nKC,2020-05-01,42.0
91,nKC,2020-05-02,41.714285714285715
92,nKC,2020-05-03,41.0
93,nKC,2020-05-04,40.5
94,nKC,2020-05-05,38.214285714285715
95,nKC,2020-05-06,37.5
96,nKC,2020-05-07,35.642857142857146
97,nKC,2020-05-08,35.57142857142857
98,nKC,2020-05-09,34.285714285714285
99,nKC,2020-05-10,32.92857142857143
100,nKC,2020-05-11,31.214285714285715
101,nKC,2020-05-12,30.785714285714285
102,nKC,2020-05-13,29.571428571428573
103,nKC,2020-05-14,29.142857142857142
104,nKC,2020-05-15,27.285714285714285
105,nKC,2020-05-16,26.857142857142858
106,nKC,2020-05-17,26.5
107,nKC,2020-05-18,24.285714285714285
108,nKC,2020-05-19,23.285714285714285
109,nKC,2020-05-20,22.142857142857142
110,nKC,2020-05-21,21.071428571428573
111,nKC,2020-05-22,20.428571428571427
112,nKC,2020-05-23,19.357142857142858
113,nKC,2020-05-24,19.285714285714285
114,nKC,2020-05-25,17.857142857142858
115,nKC,2020-05-26,18.428571428571427
116,nKC,2020-05-27,17.857142857142858
117,nKC,2020-05-28,17.785714285714285
118,nKC,2020-05-29,16.5
119,nKC,2020-05-30,16.285714285714285
120,nKC,2020-05-31,16.357142857142858
121,nKC,2020-06-01,16.0
122,nKC,2020-06-02,16.857142857142858
123,nKC,2020-06-03,16.357142857142858
124,nKC,2020-06-04,15.928571428571429
125,nKC,2020-06-05,15.357142857142858
126,nKC,2020-06-06,15.928571428571429
127,nKC,2020-06-07,15.785714285714286
128,nKC,2020-06-08,17.5
129,nKC,2020-06-09,16.5
130,nKC,2020-06-10,16.5
131,nKC,2020-06-11,16.214285714285715
132,nKC,2020-06-12,16.714285714285715
133,nKC,2020-06-13,17.071428571428573
134,nKC,2020-06-14,17.642857142857142
135,nKC,2020-06-15,18.285714285714285
136,nKC,2020-06-16,19.714285714285715
137,nKC,2020-06-17,21.142857142857142
138,nKC,2020-06-18,22.928571428571427
139,nKC,2020-06-19,24.785714285714285
140,nKC,2020-06-20,25.714285714285715
141,nKC,2020-06-21,26.857142857142858
142,nKC,2020-06-22,29.714285714285715
143,nKC,2020-06-23,32.357142857142854
144,nKC,2020-06-24,36.285714285714285
145,nKC,2020-06-25,39.42857142857143
146,nKC,2020-06-26,44.0
147,nKC,2020-06-27,49.142857142857146
148,nKC,2020-06-28,49.785714285714285
149,nKC,2020-06-29,61.42857142857143
150,nKC,2020-06-30,66.92857142857143
151,nKC,2020-07-01,73.35714285714286
152,nKC,2020-07-02,78.28571428571429
153,nKC,2020-07-03,80.21428571428571
154,nKC,2020-07-04,79.64285714285714
155,nKC,2020-07-05,79.78571428571429
156,nKC,2020-07-06,81.21428571428571
157,nKC,2020-07-07,84.07142857142857
158,nKC,2020-07-08,84.5
159,nKC,2020-07-09,85.92857142857143
160,nKC,2020-07-10,85.57142857142857
161,nKC,2020-07-11,82.64285714285714
162,nKC,2020-07-12,82.71428571428571
163,nKC,2020-07-13,76.85714285714286
164,nKC,2020-07-14,73.92857142857143
165,nKC,2020-07-15,71.85714285714286
166,nKC,2020-07-16,69.71428571428571
167,nKC,2020-07-17,69.78571428571429
168,nKC,2020-07-18,72.92857142857143
169,nKC,2020-07-19,72.85714285714286
170,nKC,2020-07-20,71.92857142857143
171,nKC,2020-07-21,72.71428571428571
172,nKC,2020-07-22,72.42857142857143
173,nKC,2020-07-23,70.85714285714286
174,nKC,2020-07-24,69.57142857142857
175,nKC,2020-07-25,69.28571428571429
176,nKC,2020-07-26,69.35714285714286
177,nKC,2020-07-27,66.92857142857143
178,nKC,2020-07-28,66.14285714285714
179,nKC,2020-07-29,64.28571428571429
180,nKC,2020-07-30,63.42857142857143
181,nKC,2020-07-31,64.07142857142857
182,nKC,2020-08-01,62.92857142857143
183,nKC,2020-08-02,62.42857142857143
184,nKC,2020-08-03,62.42857142857143
185,nKC,2020-08-04,60.57142857142857
186,nKC,2020-08-05,59.714285714285715
187,nKC,2020-08-06,61.0
188,nKC,2020-08-07,62.214285714285715
189,nKC,2020-08-08,62.285714285714285
190,nKC,2020-08-09,61.785714285714285
191,nKC,2020-08-10,62.857142857142854
192,nKC,2020-08-11,61.285714285714285
193,nKC,2020-08-12,60.07142857142857
194,nKC,2020-08-13,60.142857142857146
195,nKC,2020-08-14,58.857142857142854
196,nKC,2020-08-15,58.42857142857143
197,nKC,2020-08-16,58.5
198,nKC,2020-08-17,57.857142857142854
199,nKC,2020-08-18,54.357142857142854
200,nKC,2020-08-19,53.0
201,nKC,2020-08-20,49.57142857142857
202,nKC,2020-08-21,46.285714285714285
203,nKC,2020-08-22,44.42857142857143
204,nKC,2020-08-23,44.07142857142857
205,nKC,2020-08-24,42.42857142857143
206,nKC,2020-08-25,43.714285714285715
207,nKC,2020-08-26,43.285714285714285
208,nKC,2020-08-27,42.07142857142857
209,nKC,2020-08-28,41.5
210,nKC,2020-08-29,41.214285714285715
211,nKC,2020-08-30,40.5
212,nKC,2020-08-31,39.357142857142854
213,nKC,2020-09-01,40.357142857142854
214,nKC,2020-09-02,40.142857142857146
215,nKC,2020-09-03,40.92857142857143
216,nKC,2020-09-04,40.142857142857146
217,nKC,2020-09-05,41.57142857142857
218,nKC,2020-09-06,41.42857142857143
219,nKC,2020-09-07,38.57142857142857
220,nKC,2020-09-08,37.714285714285715
221,nKC,2020-09-09,38.642857142857146
222,nKC,2020-09-10,39.92857142857143
223,nKC,2020-09-11,39.214285714285715
224,nKC,2020-09-12,38.5
225,nKC,2020-09-13,38.785714285714285
226,nKC,2020-09-14,38.714285714285715
227,nKC,2020-09-15,38.714285714285715
228,nKC,2020-09-16,38.5
229,nKC,2020-09-17,38.142857142857146
230,nKC,2020-09-18,39.142857142857146
231,nKC,2020-09-19,38.0
232,nKC,2020-09-20,38.0
233,nKC,2020-09-21,41.0
234,nKC,2020-09-22,40.214285714285715
235,nKC,2020-09-23,38.214285714285715
236,nKC,2020-09-24,37.857142857142854
237,nKC,2020-09-25,38.142857142857146
238,nKC,2020-09-26,38.785714285714285
239,nKC,2020-09-27,39.142857142857146
240,nKC,2020-09-28,43.857142857142854
241,nKC,2020-09-29,46.857142857142854
242,nKC,2020-09-30,48.07142857142857
243,nKC,2020-10-01,50.285714285714285
244,nKC,2020-10-02,51.92857142857143
245,nKC,2020-10-03,54.42857142857143
246,nKC,2020-10-04,55.07142857142857
247,nKC,2020-10-05,56.714285714285715
248,nKC,2020-10-06,58.5
249,nKC,2020-10-07,61.857142857142854
250,nKC,2020-10-08,63.214285714285715
251,nKC,2020-10-09,64.71428571428571
252,nKC,2020-10-10,64.71428571428571
253,nKC,2020-10-11,65.0
254,nKC,2020-10-12,62.0
255,nKC,2020-10-13,60.42857142857143
256,nKC,2020-10-14,62.5
257,nKC,2020-10-15,64.07142857142857
258,nKC,2020-10-16,63.857142857142854
259,nKC,2020-10-17,62.714285714285715
260,nKC,2020-10-18,62.785714285714285
261,nKC,2020-10-19,63.0
262,nKC,2020-10-20,67.14285714285714
263,nKC,2020-10-21,66.78571428571429
264,nKC,2020-10-22,67.78571428571429
265,nKC,2020-10-23,69.0
266,nKC,2020-10-24,71.78571428571429
267,nKC,2020-10-25,72.14285714285714
268,nKC,2020-10-26,77.28571428571429
269,nKC,2020-10-27,82.21428571428571
270,nKC,2020-10-28,85.5
271,nKC,2020-10-29,90.71428571428571
272,nKC,2020-10-30,95.57142857142857
273,nKC,2020-10-31,100.57142857142857
274,nKC,2020-11-01,101.14285714285714
275,nKC,2020-11-02,108.92857142857143
276,nKC,2020-11-03,114.78571428571429
277,nKC,2020-11-04,129.78571428571428
278,nKC,2020-11-05,140.21428571428572
279,nKC,2020-11-06,151.0
280,nKC,2020-11-07,160.07142857142858
281,nKC,2020-11-08,162.07142857142858
282,nKC,2020-11-09,175.28571428571428
283,nKC,2020-11-10,185.57142857142858
284,nKC,2020-11-11,196.0
285,nKC,2020-11-12,203.78571428571428
286,nKC,2020-11-13,218.78571428571428
287,nKC,2020-11-14,233.21428571428572
288,nKC,2020-11-15,237.42857142857142
289,nKC,2020-11-16,250.42857142857142
290,nKC,2020-11-17,263.14285714285717
291,nKC,2020-11-18,267.92857142857144
292,nKC,2020-11-19,279.57142857142856
293,nKC,2020-11-20,288.2142857142857
294,nKC,2020-11-21,295.14285714285717
295,nKC,2020-11-22,299.85714285714283
296,nKC,2020-11-23,304.2857142857143
297,nKC,2020-11-24,310.57142857142856
298,nKC,2020-11-25,317.64285714285717
299,nKC,2020-11-26,301.0
300,nKC,2020-11-27,301.85714285714283
301,nKC,2020-11-28,297.5
302,nKC,2020-11-29,296.2857142857143
303,nKC,2020-11-30,307.42857142857144
304,nKC,2020-12-01,307.35714285714283
305,nKC,2020-12-02,304.0
306,nKC,2020-12-03,299.35714285714283
307,nKC,2020-12-04,299.7142857142857
308,nKC,2020-12-05,295.92857142857144
309,nKC,2020-12-06,292.2142857142857
310,nKC,2020-12-07,295.92857142857144
311,nKC,2020-12-08,293.0
312,nKC,2020-12-09,283.2142857142857
313,nKC,2020-12-10,298.5
314,nKC,2020-12-11,294.7857142857143
315,nKC,2020-12-12,290.2142857142857
316,nKC,2020-12-13,289.57142857142856
317,nKC,2020-12-14,272.0
318,nKC,2020-12-15,266.0
319,nKC,2020-12-16,264.42857142857144
320,nKC,2020-12-17,258.0
321,nKC,2020-12-18,249.42857142857142
322,nKC,2020-12-19,244.71428571428572
323,nKC,2020-12-20,245.78571428571428
324,nKC,2020-12-21,236.28571428571428
325,nKC,2020-12-22,230.14285714285714
326,nKC,2020-12-23,230.07142857142858
327,nKC,2020-12-24,220.64285714285714
328,nKC,2020-12-25,201.07142857142858
329,nKC,2020-12-26,205.64285714285714
330,nKC,2020-12-27,207.21428571428572
331,nKC,2020-12-28,211.28571428571428
332,nKC,2020-12-29,212.14285714285714
333,nKC,2020-12-30,213.21428571428572
334,nKC,2020-12-31,217.07142857142858
335,nKC,2021-01-01,204.78571428571428
336,nKC,2021-01-02,213.64285714285714
337,nKC,2021-01-03,214.35714285714286
338,nKC,2021-01-04,223.14285714285714
339,nKC,2021-01-05,233.0
340,nKC,2021-01-06,240.35714285714286
341,nKC,2021-01-07,253.21428571428572
342,nKC,2021-01-08,269.64285714285717
343,nKC,2021-01-09,264.57142857142856
344,nKC,2021-01-10,263.35714285714283
345,nKC,2021-01-11,262.7857142857143
346,nKC,2021-01-12,258.2857142857143
347,nKC,2021-01-13,253.85714285714286
348,nKC,2021-01-14,245.85714285714286
349,nKC,2021-01-15,256.2857142857143
350,nKC,2021-01-16,243.71428571428572
351,nKC,2021-01-17,240.85714285714286
352,nKC,2021-01-18,222.85714285714286
353,nKC,2021-01-19,207.78571428571428
354,nKC,2021-01-20,195.5
355,nKC,2021-01-21,185.57142857142858
356,nKC,2021-01-22,178.71428571428572
357,nKC,2021-01-23,174.64285714285714
358,nKC,2021-01-24,172.57142857142858
359,nKC,2021-01-25,160.35714285714286
360,nKC,2021-01-26,153.14285714285714
361,nKC,2021-01-27,147.14285714285714
362,nKC,2021-01-28,143.35714285714286
363,nKC,2021-01-29,137.28571428571428
364,nKC,2021-01-30,136.0
365,nKC,2021-01-31,136.5
366,nKC,2021-02-01,134.28571428571428
367,nKC,2021-02-02,131.71428571428572
368,nKC,2021-02-03,128.57142857142858
369,nKC,2021-02-04,124.64285714285714
370,nKC,2021-02-05,120.07142857142857
371,nKC,2021-02-06,116.78571428571429
372,nKC,2021-02-07,116.21428571428571
373,nKC,2021-02-08,112.0
374,nKC,2021-02-09,108.5
375,nKC,2021-02-10,103.78571428571429
376,nKC,2021-02-11,100.28571428571429
377,nKC,2021-02-12,98.21428571428571
378,nKC,2021-02-13,91.35714285714286
379,nKC,2021-02-14,87.64285714285714
380,nKC,2021-02-15,82.0
381,nKC,2021-02-16,79.92857142857143
382,nKC,2021-02-17,76.78571428571429
383,nKC,2021-02-18,73.42857142857143
384,nKC,2021-02-19,70.64285714285714
385,nKC,2021-02-20,68.57142857142857
386,nKC,2021-02-21,68.85714285714286
387,nKC,2021-02-22,66.78571428571429
388,nKC,2021-02-23,65.07142857142857
389,nKC,2021-02-24,62.857142857142854
390,nKC,2021-02-25,62.285714285714285
391,nKC,2021-02-26,59.642857142857146
392,nKC,2021-02-27,62.214285714285715
393,nKC,2021-02-28,63.5
394,nKC,2021-03-01,65.28571428571429
395,nKC,2021-03-02,64.07142857142857
396,nKC,2021-03-03,63.142857142857146
397,nKC,2021-03-04,63.214285714285715
398,nKC,2021-03-05,64.85714285714286
399,nKC,2021-03-06,65.28571428571429
400,nKC,2021-03-07,65.14285714285714
401,nKC,2021-03-08,65.71428571428571
402,nKC,2021-03-09,65.78571428571429
403,nKC,2021-03-10,67.85714285714286
404,nKC,2021-03-11,68.07142857142857
405,nKC,2021-03-12,67.35714285714286
406,nKC,2021-03-13,67.78571428571429
407,nKC,2021-03-14,67.28571428571429
408,nKC,2021-03-15,67.64285714285714
409,nKC,2021-03-16,67.0
410,nKC,2021-03-17,67.42857142857143
411,nKC,2021-03-18,68.57142857142857
412,nKC,2021-03-19,69.71428571428571
413,nKC,2021-03-20,69.92857142857143
414,nKC,2021-03-21,70.57142857142857
415,nKC,2021-03-22,75.57142857142857
416,nKC,2021-03-23,80.57142857142857
417,nKC,2021-03-24,86.21428571428571
418,nKC,2021-03-25,92.14285714285714
419,nKC,2021-03-26,99.21428571428571
420,nKC,2021-03-27,101.35714285714286
421,nKC,2021-03-28,103.57142857142857
422,nKC,2021-03-29,111.0
423,nKC,2021-03-30,117.14285714285714
424,nKC,2021-03-31,123.0
425,nKC,2021-04-01,128.07142857142858
426,nKC,2021-04-02,132.14285714285714
427,nKC,2021-04-03,136.21428571428572
428,nKC,2021-04-04,136.5
429,nKC,2021-04-05,141.28571428571428
430,nKC,2021-04-06,144.57142857142858
431,nKC,2021-04-07,144.07142857142858
432,nKC,2021-04-08,145.07142857142858
433,nKC,2021-04-09,146.28571428571428
434,nKC,2021-04-10,149.57142857142858
435,nKC,2021-04-11,151.14285714285714
436,nKC,2021-04-12,153.71428571428572
437,nKC,2021-04-13,156.64285714285714
438,nKC,2021-04-14,159.85714285714286
439,nKC,2021-04-15,162.78571428571428
440,nKC,2021-04-16,162.64285714285714
441,nKC,2021-04-17,164.85714285714286
442,nKC,2021-04-18,165.64285714285714
443,nKC,2021-04-19,166.78571428571428
444,nKC,2021-04-20,168.21428571428572
445,nKC,2021-04-21,172.21428571428572
446,nKC,2021-04-22,173.5
447,nKC,2021-04-23,174.28571428571428
448,nKC,2021-04-24,173.5
449,nKC,2021-04-25,170.92857142857142
450,nKC,2021-04-26,169.14285714285714
451,nKC,2021-04-27,167.92857142857142
452,nKC,2021-04-28,166.78571428571428
453,nKC,2021-04-29,164.21428571428572
454,nKC,2021-04-30,165.57142857142858
455,nKC,2021-05-01,163.78571428571428
456,nKC,2021-05-02,163.28571428571428
457,nKC,2021-05-03,158.71428571428572
458,nKC,2021-05-04,154.5
459,nKC,2021-05-05,148.42857142857142
460,nKC,2021-05-06,143.42857142857142
461,nKC,2021-05-07,138.0
462,nKC,2021-05-08,135.28571428571428
463,nKC,2021-05-09,135.21428571428572
464,nKC,2021-05-10,128.07142857142858
465,nKC,2021-05-11,123.07142857142857
466,nKC,2021-05-12,116.71428571428571
467,nKC,2021-05-13,109.57142857142857
468,nKC,2021-05-14,103.0
469,nKC,2021-05-15,98.35714285714286
470,nKC,2021-05-16,96.92857142857143
471,nKC,2021-05-17,90.42857142857143
472,nKC,2021-05-18,84.92857142857143
473,nKC,2021-05-19,81.21428571428571
474,nKC,2021-05-20,77.07142857142857
475,nKC,2021-05-21,72.92857142857143
476,nKC,2021-05-22,71.0
477,nKC,2021-05-23,70.57142857142857
478,nKC,2021-05-24,66.71428571428571
479,nKC,2021-05-25,62.714285714285715
480,nKC,2021-05-26,59.214285714285715
481,nKC,2021-05-27,57.92857142857143
482,nKC,2021-05-28,55.92857142857143
483,nKC,2021-05-29,53.42857142857143
484,nKC,2021-05-30,52.357142857142854
485,nKC,2021-05-31,47.285714285714285
486,nKC,2021-06-01,48.07142857142857
487,nKC,2021-06-02,46.142857142857146
488,nKC,2021-06-03,44.285714285714285
489,nKC,2021-06-04,43.285714285714285
490,nKC,2021-06-05,40.785714285714285
491,nKC,2021-06-06,39.57142857142857
492,nKC,2021-06-07,37.642857142857146
493,nKC,2021-06-08,35.92857142857143
494,nKC,2021-06-09,35.285714285714285
495,nKC,2021-06-10,34.642857142857146
496,nKC,2021-06-11,33.92857142857143
497,nKC,2021-06-12,33.5
498,nKC,2021-06-13,33.92857142857143
499,nKC,2021-06-14,36.5
500,nKC,2021-06-15,32.92857142857143
501,nKC,2021-06-16,30.857142857142858
502,nKC,2021-06-17,30.214285714285715
503,nKC,2021-06-18,30.0
504,nKC,2021-06-19,30.714285714285715
505,nKC,2021-06-20,30.928571428571427
506,nKC,2021-06-21,32.285714285714285
507,nKC,2021-06-22,31.357142857142858
508,nKC,2021-06-23,30.428571428571427
509,nKC,2021-06-24,30.642857142857142
510,nKC,2021-06-25,30.357142857142858
511,nKC,2021-06-26,30.428571428571427
512,nKC,2021-06-27,29.857142857142858
513,nKC,2021-06-28,28.0
514,nKC,2021-06-29,27.571428571428573
515,nKC,2021-06-30,29.142857142857142
516,nKC,2021-07-01,30.428571428571427
517,nKC,2021-07-02,32.0
518,nKC,2021-07-03,32.57142857142857
519,nKC,2021-07-04,32.214285714285715
520,nKC,2021-07-05,30.428571428571427
521,nKC,2021-07-06,34.42857142857143
522,nKC,2021-07-07,36.857142857142854
523,nKC,2021-07-08,39.0
524,nKC,2021-07-09,40.714285714285715
525,nKC,2021-07-10,42.92857142857143
526,nKC,2021-07-11,44.714285714285715
527,nKC,2021-07-12,49.0
528,nKC,2021-07-13,52.214285714285715
529,nKC,2021-07-14,55.5
530,nKC,2021-07-15,59.07142857142857
531,nKC,2021-07-16,60.785714285714285
532,nKC,2021-07-17,62.142857142857146
533,nKC,2021-07-18,63.857142857142854
534,nKC,2021-07-19,72.42857142857143
535,nKC,2021-07-20,76.5
536,nKC,2021-07-21,82.5
537,nKC,2021-07-22,89.57142857142857
538,nKC,2021-07-23,96.5
539,nKC,2021-07-24,102.92857142857143
540,nKC,2021-07-25,104.07142857142857
541,nKC,2021-07-26,114.5
542,nKC,2021-07-27,124.0
543,nKC,2021-07-28,130.85714285714286
544,nKC,2021-07-29,140.5
545,nKC,2021-07-30,151.92857142857142
546,nKC,2021-07-31,160.07142857142858
547,nKC,2021-08-01,161.64285714285714
548,nKC,2021-08-02,173.42857142857142
549,nKC,2021-08-03,187.0
550,nKC,2021-08-04,202.28571428571428
551,nKC,2021-08-05,215.42857142857142
552,nKC,2021-08-06,228.0
553,nKC,2021-08-07,235.5
554,nKC,2021-08-08,238.64285714285714
555,nKC,2021-08-09,254.57142857142858
556,nKC,2021-08-10,266.35714285714283
557,nKC,2021-08-11,281.5
558,nKC,2021-08-12,288.57142857142856
559,nKC,2021-08-13,290.2142857142857
560,nKC,2021-08-14,292.85714285714283
561,nKC,2021-08-15,294.7142857142857
562,nKC,2021-08-16,300.7142857142857
563,nKC,2021-08-17,301.0
564,nKC,2021-08-18,296.7142857142857
565,nKC,2021-08-19,293.57142857142856
566,nKC,2021-08-20,289.14285714285717
567,nKC,2021-08-21,286.85714285714283
568,nKC,2021-08-22,285.64285714285717
569,nKC,2021-08-23,280.85714285714283
570,nKC,2021-08-24,279.35714285714283
571,nKC,2021-08-25,273.0
572,nKC,2021-08-26,272.35714285714283
573,nKC,2021-08-27,277.2857142857143
574,nKC,2021-08-28,279.0
575,nKC,2021-08-29,279.2142857142857
576,nKC,2021-08-30,273.85714285714283
577,nKC,2021-08-31,273.2142857142857
578,nKC,2021-09-01,271.0
579,nKC,2021-09-02,268.2142857142857
580,nKC,2021-09-03,265.14285714285717
581,nKC,2021-09-04,265.14285714285717
582,nKC,2021-09-05,265.85714285714283
583,nKC,2021-09-06,247.07142857142858
584,nKC,2021-09-07,249.78571428571428
585,nKC,2021-09-08,248.14285714285714
586,nKC,2021-09-09,251.21428571428572
587,nKC,2021-09-10,247.35714285714286
588,nKC,2021-09-11,242.92857142857142
589,nKC,2021-09-12,242.42857142857142
590,nKC,2021-09-13,245.42857142857142
591,nKC,2021-09-14,240.14285714285714
592,nKC,2021-09-15,237.78571428571428
593,nKC,2021-09-16,235.28571428571428
594,nKC,2021-09-17,234.78571428571428
595,nKC,2021-09-18,229.85714285714286
596,nKC,2021-09-19,228.28571428571428
597,nKC,2021-09-20,237.07142857142858
598,nKC,2021-09-21,227.0
599,nKC,2021-09-22,223.92857142857142
600,nKC,2021-09-23,214.42857142857142
601,nKC,2021-09-24,211.21428571428572
602,nKC,2021-09-25,211.92857142857142
603,nKC,2021-09-26,210.92857142857142
604,nKC,2021-09-27,207.35714285714286
605,nKC,2021-09-28,206.78571428571428
606,nKC,2021-09-29,207.71428571428572
607,nKC,2021-09-30,208.21428571428572
608,nKC,2021-10-01,210.14285714285714
609,nKC,2021-10-02,213.42857142857142
610,nKC,2021-10-03,214.0
611,nKC,2021-10-04,218.28571428571428
612,nKC,2021-10-05,214.71428571428572
613,nKC,2021-10-06,215.35714285714286
614,nKC,2021-10-07,214.14285714285714
615,nKC,2021-10-08,211.71428571428572
616,nKC,2021-10-09,209.64285714285714
617,nKC,2021-10-10,207.92857142857142
618,nKC,2021-10-11,202.85714285714286
619,nKC,2021-10-12,200.07142857142858
620,nKC,2021-10-13,196.92857142857142
621,nKC,2021-10-14,193.57142857142858
622,nKC,2021-10-15,189.5
623,nKC,2021-10-16,186.5
624,nKC,2021-10-17,185.07142857142858
625,nKC,2021-10-18,180.28571428571428
626,nKC,2021-10-19,179.07142857142858
627,nKC,2021-10-20,176.28571428571428
628,nKC,2021-10-21,175.14285714285714
629,nKC,2021-10-22,176.71428571428572
630,nKC,2021-10-23,175.07142857142858
631,nKC,2021-10-24,176.21428571428572
632,nKC,2021-10-25,174.85714285714286
633,nKC,2021-10-26,176.21428571428572
634,nKC,2021-10-27,179.5
635,nKC,2021-10-28,181.28571428571428
636,nKC,2021-10-29,180.64285714285714
637,nKC,2021-10-30,180.0
638,nKC,2021-10-31,179.28571428571428
639,nKC,2021-11-01,178.71428571428572
640,nKC,2021-11-02,180.78571428571428
641,nKC,2021-11-03,181.64285714285714
642,nKC,2021-11-04,183.78571428571428
643,nKC,2021-11-05,181.28571428571428
644,nKC,2021-11-06,182.0
645,nKC,2021-11-07,181.57142857142858
646,nKC,2021-11-08,179.92857142857142
647,nKC,2021-11-09,175.14285714285714
648,nKC,2021-11-10,169.14285714285714
649,nKC,2021-11-11,163.07142857142858
650,nKC,2021-11-12,163.07142857142858
651,nKC,2021-11-13,163.07142857142858
652,nKC,2021-11-14,163.5
653,nKC,2021-11-15,163.57142857142858
654,nKC,2021-11-16,161.71428571428572
655,nKC,2021-11-17,156.42857142857142
656,nKC,2021-11-18,150.0
657,nKC,2021-11-19,147.21428571428572
658,nKC,2021-11-20,146.14285714285714
659,nKC,2021-11-21,145.14285714285714
660,nKC,2021-11-22,142.28571428571428
661,nKC,2021-11-23,143.21428571428572
662,nKC,2021-11-24,141.35714285714286
663,nKC,2021-11-25,133.78571428571428
664,nKC,2021-11-26,132.28571428571428
665,nKC,2021-11-27,132.28571428571428
666,nKC,2021-11-28,133.28571428571428
667,nKC,2021-11-29,132.71428571428572
668,nKC,2021-11-30,133.35714285714286
669,nKC,2021-12-01,136.21428571428572
670,nKC,2021-12-02,140.42857142857142
671,nKC,2021-12-03,140.64285714285714
672,nKC,2021-12-04,139.71428571428572
673,nKC,2021-12-05,141.5
674,nKC,2021-12-06,145.57142857142858
675,nKC,2021-12-07,144.71428571428572
676,nKC,2021-12-08,149.78571428571428
677,nKC,2021-12-09,160.71428571428572
678,nKC,2021-12-10,162.85714285714286
679,nKC,2021-12-11,162.85714285714286
680,nKC,2021-12-12,163.0
681,nKC,2021-12-13,168.35714285714286
682,nKC,2021-12-14,181.64285714285714
683,nKC,2021-12-15,204.5
684,nKC,2021-12-16,224.64285714285714
685,nKC,2021-12-17,256.42857142857144
686,nKC,2021-12-18,284.7142857142857
687,nKC,2021-12-19,306.35714285714283
688,nKC,2021-12-20,379.0
689,nKC,2021-12-21,470.35714285714283
690,nKC,2021-12-22,572.8571428571429
691,nKC,2021-12-23,680.5714285714286
692,nKC,2021-12-24,764.4285714285714
693,nKC,2021-12-25,768.2142857142857
694,nKC,2021-12-26,790.4285714285714
695,nKC,2021-12-27,857.0
696,nKC,2021-12-28,972.9285714285714
697,nKC,2021-12-29,1127.4285714285713
698,nKC,2021-12-30,1226.2857142857142
699,nKC,2021-12-31,1307.2142857142858
700,nKC,2022-01-01,1316.857142857143
701,nKC,2022-01-02,1363.5
702,nKC,2022-01-03,1547.642857142857
703,nKC,2022-01-04,1773.0
704,nKC,2022-01-05,1967.0714285714287
705,nKC,2022-01-06,2142.6428571428573
706,nKC,2022-01-07,2300.714285714286
707,nKC,2022-01-08,2471.6428571428573
708,nKC,2022-01-09,2547.0
709,nKC,2022-01-10,2752.9285714285716
710,nKC,2022-01-11,2875.214285714286
711,nKC,2022-01-12,2923.9285714285716
712,nKC,2022-01-13,3024.9285714285716
713,nKC,2022-01-14,3113.5
714,nKC,2022-01-15,3210.214285714286
715,nKC,2022-01-16,3191.5714285714284
716,nKC,2022-01-17,3094.5714285714284
717,nKC,2022-01-18,2981.3571428571427
718,nKC,2022-01-19,2846.3571428571427
719,nKC,2022-01-20,2732.0
720,nKC,2022-01-21,2623.0
721,nKC,2022-01-22,2540.214285714286
722,nKC,2022-01-23,2484.6428571428573
723,nKC,2022-01-24,2327.1428571428573
724,nKC,2022-01-25,2180.5714285714284
725,nKC,2022-01-26,2047.2857142857142
726,nKC,2022-01-27,1907.7142857142858
727,nKC,2022-01-28,1776.2857142857142
728,nKC,2022-01-29,1688.142857142857
729,nKC,2022-01-30,1661.2857142857142
730,nKC,2022-01-31,1581.2857142857142
731,nKC,2022-02-01,1435.4285714285713
732,nKC,2022-02-02,1316.2142857142858
733,nKC,2022-02-03,1190.7857142857142
734,nKC,2022-02-04,1095.7142857142858
735,nKC,2022-02-05,1036.2142857142858
736,nKC,2022-02-06,1008.0714285714286
737,nKC,2022-02-07,932.7142857142857
738,nKC,2022-02-08,855.1428571428571
739,nKC,2022-02-09,787.8571428571429
740,nKC,2022-02-10,729.5714285714286
741,nKC,2022-02-11,677.2857142857143
742,nKC,2022-02-12,647.2857142857143
743,nKC,2022-02-13,630.3571428571429
744,nKC,2022-02-14,567.0
745,nKC,2022-02-15,525.0714285714286
746,nKC,2022-02-16,491.2857142857143
747,nKC,2022-02-17,456.35714285714283
748,nKC,2022-02-18,424.35714285714283
749,nKC,2022-02-19,397.2142857142857
750,nKC,2022-02-20,386.2142857142857
751,nKC,2022-02-21,341.14285714285717
752,nKC,2022-02-22,315.2142857142857
753,nKC,2022-02-23,291.5
754,nKC,2022-02-24,269.7142857142857
755,nKC,2022-02-25,255.92857142857142
756,nKC,2022-02-26,242.85714285714286
757,nKC,2022-02-27,238.35714285714286
758,nKC,2022-02-28,225.14285714285714
759,nKC,2022-03-01,215.42857142857142
760,nKC,2022-03-02,205.42857142857142
761,nKC,2022-03-03,196.57142857142858
762,nKC,2022-03-04,188.71428571428572
763,nKC,2022-03-05,183.0
764,nKC,2022-03-06,179.28571428571428
765,nKC,2022-03-07,174.42857142857142
766,nKC,2022-03-08,169.07142857142858
767,nKC,2022-03-09,166.78571428571428
768,nKC,2022-03-10,160.5
769,nKC,2022-03-11,154.21428571428572
770,nKC,2022-03-12,148.78571428571428
771,nKC,2022-03-13,146.14285714285714
772,nKC,2022-03-14,140.28571428571428
773,nKC,2022-03-15,134.14285714285714
774,nKC,2022-03-16,130.07142857142858
775,nKC,2022-03-17,128.57142857142858
776,nKC,2022-03-18,126.42857142857143
777,nKC,2022-03-19,123.0
778,nKC,2022-03-20,124.07142857142857
779,nKC,2022-03-21,127.78571428571429
780,nKC,2022-03-22,132.14285714285714
781,nKC,2022-03-23,136.28571428571428
782,nKC,2022-03-24,140.64285714285714
783,nKC,2022-03-25,145.85714285714286
784,nKC,2022-03-26,148.14285714285714
785,nKC,2022-03-27,147.28571428571428
786,sKC,2020-02-01,134.14285714285714
787,sKC,2020-02-02,123.64285714285714
788,sKC,2020-02-03,113.78571428571429
789,sKC,2020-02-04,102.78571428571429
790,sKC,2020-02-05,93.28571428571429
791,sKC,2020-02-06,87.42857142857143
792,sKC,2020-02-07,82.5
793,sKC,2020-02-08,67.42857142857143
794,sKC,2020-02-09,53.214285714285715
795,sKC,2020-02-10,35.92857142857143
796,sKC,2020-02-11,23.428571428571427
797,sKC,2020-02-12,10.428571428571429
798,sKC,2020-02-13,2.142857142857143
799,sKC,2020-02-14,0.0
800,sKC,2020-02-15,0.0
801,sKC,2020-02-16,0.0
802,sKC,2020-02-17,0.0
803,sKC,2020-02-18,0.0
804,sKC,2020-02-19,0.0
805,sKC,2020-02-20,0.0
806,sKC,2020-02-21,0.0
807,sKC,2020-02-22,0.0
808,sKC,2020-02-23,0.0
809,sKC,2020-02-24,0.0
810,sKC,2020-02-25,0.0
811,sKC,2020-02-26,0.07142857142857142
812,sKC,2020-02-27,0.14285714285714285
813,sKC,2020-02-28,0.14285714285714285
814,sKC,2020-02-29,0.2857142857142857
815,sKC,2020-03-01,0.35714285714285715
816,sKC,2020-03-02,0.5
817,sKC,2020-03-03,0.7857142857142857
818,sKC,2020-03-04,0.7857142857142857
819,sKC,2020-03-05,1.0
820,sKC,2020-03-06,1.6428571428571428
821,sKC,2020-03-07,1.6428571428571428
822,sKC,2020-03-08,2.142857142857143
823,sKC,2020-03-09,2.7857142857142856
824,sKC,2020-03-10,3.642857142857143
825,sKC,2020-03-11,4.428571428571429
826,sKC,2020-03-12,5.285714285714286
827,sKC,2020-03-13,8.428571428571429
828,sKC,2020-03-14,9.5
829,sKC,2020-03-15,10.571428571428571
830,sKC,2020-03-16,11.928571428571429
831,sKC,2020-03-17,13.5
832,sKC,2020-03-18,16.571428571428573
833,sKC,2020-03-19,20.642857142857142
834,sKC,2020-03-20,22.857142857142858
835,sKC,2020-03-21,25.285714285714285
836,sKC,2020-03-22,26.928571428571427
837,sKC,2020-03-23,31.0
838,sKC,2020-03-24,35.214285714285715
839,sKC,2020-03-25,40.42857142857143
840,sKC,2020-03-26,45.142857142857146
841,sKC,2020-03-27,49.142857142857146
842,sKC,2020-03-28,51.42857142857143
843,sKC,2020-03-29,54.42857142857143
844,sKC,2020-03-30,62.214285714285715
845,sKC,2020-03-31,68.14285714285714
846,sKC,2020-04-01,71.57142857142857
847,sKC,2020-04-02,74.42857142857143
848,sKC,2020-04-03,79.07142857142857
849,sKC,2020-04-04,80.14285714285714
850,sKC,2020-04-05,81.35714285714286
851,sKC,2020-04-06,83.42857142857143
852,sKC,2020-04-07,85.0
853,sKC,2020-04-08,83.14285714285714
854,sKC,2020-04-09,83.35714285714286
855,sKC,2020-04-10,81.0
856,sKC,2020-04-11,80.42857142857143
857,sKC,2020-04-12,77.71428571428571
858,sKC,2020-04-13,74.42857142857143
859,sKC,2020-04-14,71.42857142857143
860,sKC,2020-04-15,70.85714285714286
861,sKC,2020-04-16,68.14285714285714
862,sKC,2020-04-17,66.07142857142857
863,sKC,2020-04-18,64.92857142857143
864,sKC,2020-04-19,63.214285714285715
865,sKC,2020-04-20,60.92857142857143
866,sKC,2020-04-21,58.0
867,sKC,2020-04-22,58.214285714285715
868,sKC,2020-04-23,55.857142857142854
869,sKC,2020-04-24,55.57142857142857
870,sKC,2020-04-25,54.642857142857146
871,sKC,2020-04-26,54.42857142857143
872,sKC,2020-04-27,53.714285714285715
873,sKC,2020-04-28,53.785714285714285
874,sKC,2020-04-29,52.714285714285715
875,sKC,2020-04-30,51.42857142857143
876,sKC,2020-05-01,51.0
877,sKC,2020-05-02,50.42857142857143
878,sKC,2020-05-03,50.07142857142857
879,sKC,2020-05-04,49.857142857142854
880,sKC,2020-05-05,50.07142857142857
881,sKC,2020-05-06,49.285714285714285
882,sKC,2020-05-07,49.5
883,sKC,2020-05-08,47.785714285714285
884,sKC,2020-05-09,47.714285714285715
885,sKC,2020-05-10,47.07142857142857
886,sKC,2020-05-11,45.642857142857146
887,sKC,2020-05-12,44.357142857142854
888,sKC,2020-05-13,43.357142857142854
889,sKC,2020-05-14,42.714285714285715
890,sKC,2020-05-15,41.857142857142854
891,sKC,2020-05-16,41.07142857142857
892,sKC,2020-05-17,40.857142857142854
893,sKC,2020-05-18,40.642857142857146
894,sKC,2020-05-19,39.285714285714285
895,sKC,2020-05-20,39.57142857142857
896,sKC,2020-05-21,38.142857142857146
897,sKC,2020-05-22,37.5
898,sKC,2020-05-23,36.57142857142857
899,sKC,2020-05-24,36.57142857142857
900,sKC,2020-05-25,33.42857142857143
901,sKC,2020-05-26,32.92857142857143
902,sKC,2020-05-27,31.285714285714285
903,sKC,2020-05-28,31.142857142857142
904,sKC,2020-05-29,31.642857142857142
905,sKC,2020-05-30,32.0
906,sKC,2020-05-31,31.428571428571427
907,sKC,2020-06-01,29.928571428571427
908,sKC,2020-06-02,30.5
909,sKC,2020-06-03,29.428571428571427
910,sKC,2020-06-04,29.357142857142858
911,sKC,2020-06-05,29.357142857142858
912,sKC,2020-06-06,29.142857142857142
913,sKC,2020-06-07,29.142857142857142
914,sKC,2020-06-08,30.571428571428573
915,sKC,2020-06-09,29.428571428571427
916,sKC,2020-06-10,29.214285714285715
917,sKC,2020-06-11,28.642857142857142
918,sKC,2020-06-12,27.428571428571427
919,sKC,2020-06-13,27.642857142857142
920,sKC,2020-06-14,28.071428571428573
921,sKC,2020-06-15,28.571428571428573
922,sKC,2020-06-16,28.0
923,sKC,2020-06-17,28.357142857142858
924,sKC,2020-06-18,29.571428571428573
925,sKC,2020-06-19,30.785714285714285
926,sKC,2020-06-20,32.857142857142854
927,sKC,2020-06-21,33.785714285714285
928,sKC,2020-06-22,37.07142857142857
929,sKC,2020-06-23,40.857142857142854
930,sKC,2020-06-24,43.92857142857143
931,sKC,2020-06-25,47.142857142857146
932,sKC,2020-06-26,46.642857142857146
933,sKC,2020-06-27,48.642857142857146
934,sKC,2020-06-28,49.642857142857146
935,sKC,2020-06-29,53.857142857142854
936,sKC,2020-06-30,57.5
937,sKC,2020-07-01,60.714285714285715
938,sKC,2020-07-02,65.35714285714286
939,sKC,2020-07-03,65.78571428571429
940,sKC,2020-07-04,65.07142857142857
941,sKC,2020-07-05,66.5
942,sKC,2020-07-06,69.21428571428571
943,sKC,2020-07-07,72.64285714285714
944,sKC,2020-07-08,75.42857142857143
945,sKC,2020-07-09,77.35714285714286
946,sKC,2020-07-10,82.5
947,sKC,2020-07-11,82.71428571428571
948,sKC,2020-07-12,83.85714285714286
949,sKC,2020-07-13,84.92857142857143
950,sKC,2020-07-14,88.42857142857143
951,sKC,2020-07-15,91.42857142857143
952,sKC,2020-07-16,90.42857142857143
953,sKC,2020-07-17,96.28571428571429
954,sKC,2020-07-18,97.42857142857143
955,sKC,2020-07-19,98.14285714285714
956,sKC,2020-07-20,99.07142857142857
957,sKC,2020-07-21,99.07142857142857
958,sKC,2020-07-22,100.5
959,sKC,2020-07-23,102.14285714285714
960,sKC,2020-07-24,100.14285714285714
961,sKC,2020-07-25,101.14285714285714
962,sKC,2020-07-26,100.64285714285714
963,sKC,2020-07-27,101.85714285714286
964,sKC,2020-07-28,102.71428571428571
965,sKC,2020-07-29,101.64285714285714
966,sKC,2020-07-30,101.85714285714286
967,sKC,2020-07-31,98.5
968,sKC,2020-08-01,98.28571428571429
969,sKC,2020-08-02,96.14285714285714
970,sKC,2020-08-03,93.35714285714286
971,sKC,2020-08-04,92.14285714285714
972,sKC,2020-08-05,89.35714285714286
973,sKC,2020-08-06,85.92857142857143
974,sKC,2020-08-07,85.57142857142857
975,sKC,2020-08-08,84.92857142857143
976,sKC,2020-08-09,84.78571428571429
977,sKC,2020-08-10,83.0
978,sKC,2020-08-11,79.85714285714286
979,sKC,2020-08-12,78.57142857142857
980,sKC,2020-08-13,77.28571428571429
981,sKC,2020-08-14,80.5
982,sKC,2020-08-15,83.35714285714286
983,sKC,2020-08-16,83.42857142857143
984,sKC,2020-08-17,85.07142857142857
985,sKC,2020-08-18,82.64285714285714
986,sKC,2020-08-19,84.14285714285714
987,sKC,2020-08-20,85.57142857142857
988,sKC,2020-08-21,86.35714285714286
989,sKC,2020-08-22,85.35714285714286
990,sKC,2020-08-23,85.71428571428571
991,sKC,2020-08-24,85.21428571428571
992,sKC,2020-08-25,84.64285714285714
993,sKC,2020-08-26,83.21428571428571
994,sKC,2020-08-27,82.92857142857143
995,sKC,2020-08-28,77.78571428571429
996,sKC,2020-08-29,74.78571428571429
997,sKC,2020-08-30,74.35714285714286
998,sKC,2020-08-31,71.71428571428571
999,sKC,2020-09-01,71.85714285714286
1000,sKC,2020-09-02,69.35714285714286
1001,sKC,2020-09-03,67.71428571428571
1002,sKC,2020-09-04,65.57142857142857
1003,sKC,2020-09-05,65.5
1004,sKC,2020-09-06,64.14285714285714
1005,sKC,2020-09-07,59.42857142857143
1006,sKC,2020-09-08,57.142857142857146
1007,sKC,2020-09-09,56.214285714285715
1008,sKC,2020-09-10,53.642857142857146
1009,sKC,2020-09-11,52.07142857142857
1010,sKC,2020-09-12,51.357142857142854
1011,sKC,2020-09-13,51.07142857142857
1012,sKC,2020-09-14,50.142857142857146
1013,sKC,2020-09-15,47.285714285714285
1014,sKC,2020-09-16,44.785714285714285
1015,sKC,2020-09-17,44.142857142857146
1016,sKC,2020-09-18,42.785714285714285
1017,sKC,2020-09-19,43.0
1018,sKC,2020-09-20,42.214285714285715
1019,sKC,2020-09-21,43.642857142857146
1020,sKC,2020-09-22,43.07142857142857
1021,sKC,2020-09-23,43.285714285714285
1022,sKC,2020-09-24,45.57142857142857
1023,sKC,2020-09-25,47.92857142857143
1024,sKC,2020-09-26,49.642857142857146
1025,sKC,2020-09-27,49.857142857142854
1026,sKC,2020-09-28,53.642857142857146
1027,sKC,2020-09-29,56.92857142857143
1028,sKC,2020-09-30,61.07142857142857
1029,sKC,2020-10-01,62.92857142857143
1030,sKC,2020-10-02,66.5
1031,sKC,2020-10-03,68.92857142857143
1032,sKC,2020-10-04,69.92857142857143
1033,sKC,2020-10-05,74.07142857142857
1034,sKC,2020-10-06,77.07142857142857
1035,sKC,2020-10-07,79.35714285714286
1036,sKC,2020-10-08,80.07142857142857
1037,sKC,2020-10-09,83.42857142857143
1038,sKC,2020-10-10,84.5
1039,sKC,2020-10-11,84.92857142857143
1040,sKC,2020-10-12,84.35714285714286
1041,sKC,2020-10-13,83.92857142857143
1042,sKC,2020-10-14,84.35714285714286
1043,sKC,2020-10-15,86.07142857142857
1044,sKC,2020-10-16,87.0
1045,sKC,2020-10-17,86.64285714285714
1046,sKC,2020-10-18,86.28571428571429
1047,sKC,2020-10-19,88.92857142857143
1048,sKC,2020-10-20,91.21428571428571
1049,sKC,2020-10-21,92.57142857142857
1050,sKC,2020-10-22,96.42857142857143
1051,sKC,2020-10-23,98.28571428571429
1052,sKC,2020-10-24,102.0
1053,sKC,2020-10-25,102.21428571428571
1054,sKC,2020-10-26,108.42857142857143
1055,sKC,2020-10-27,114.85714285714286
1056,sKC,2020-10-28,123.14285714285714
1057,sKC,2020-10-29,128.78571428571428
1058,sKC,2020-10-30,135.42857142857142
1059,sKC,2020-10-31,140.28571428571428
1060,sKC,2020-11-01,142.14285714285714
1061,sKC,2020-11-02,152.35714285714286
1062,sKC,2020-11-03,162.0
1063,sKC,2020-11-04,174.85714285714286
1064,sKC,2020-11-05,185.14285714285714
1065,sKC,2020-11-06,196.42857142857142
1066,sKC,2020-11-07,206.5
1067,sKC,2020-11-08,209.35714285714286
1068,sKC,2020-11-09,224.92857142857142
1069,sKC,2020-11-10,239.0
1070,sKC,2020-11-11,248.78571428571428
1071,sKC,2020-11-12,268.7142857142857
1072,sKC,2020-11-13,286.0
1073,sKC,2020-11-14,302.85714285714283
1074,sKC,2020-11-15,306.92857142857144
1075,sKC,2020-11-16,326.07142857142856
1076,sKC,2020-11-17,341.57142857142856
1077,sKC,2020-11-18,352.14285714285717
1078,sKC,2020-11-19,363.35714285714283
1079,sKC,2020-11-20,382.7857142857143
1080,sKC,2020-11-21,389.2857142857143
1081,sKC,2020-11-22,394.2857142857143
1082,sKC,2020-11-23,404.57142857142856
1083,sKC,2020-11-24,413.7857142857143
1084,sKC,2020-11-25,419.35714285714283
1085,sKC,2020-11-26,390.64285714285717
1086,sKC,2020-11-27,390.85714285714283
1087,sKC,2020-11-28,394.2857142857143
1088,sKC,2020-11-29,396.14285714285717
1089,sKC,2020-11-30,401.42857142857144
1090,sKC,2020-12-01,398.7142857142857
1091,sKC,2020-12-02,395.7857142857143
1092,sKC,2020-12-03,398.7142857142857
1093,sKC,2020-12-04,388.2142857142857
1094,sKC,2020-12-05,385.7857142857143
1095,sKC,2020-12-06,384.57142857142856
1096,sKC,2020-12-07,389.0
1097,sKC,2020-12-08,383.7857142857143
1098,sKC,2020-12-09,382.85714285714283
1099,sKC,2020-12-10,404.35714285714283
1100,sKC,2020-12-11,401.42857142857144
1101,sKC,2020-12-12,393.07142857142856
1102,sKC,2020-12-13,390.57142857142856
1103,sKC,2020-12-14,382.64285714285717
1104,sKC,2020-12-15,378.35714285714283
1105,sKC,2020-12-16,375.5
1106,sKC,2020-12-17,368.64285714285717
1107,sKC,2020-12-18,361.0
1108,sKC,2020-12-19,353.92857142857144
1109,sKC,2020-12-20,352.7142857142857
1110,sKC,2020-12-21,337.14285714285717
1111,sKC,2020-12-22,334.0
1112,sKC,2020-12-23,323.92857142857144
1113,sKC,2020-12-24,311.2857142857143
1114,sKC,2020-12-25,284.14285714285717
1115,sKC,2020-12-26,285.07142857142856
1116,sKC,2020-12-27,285.42857142857144
1117,sKC,2020-12-28,282.0
1118,sKC,2020-12-29,282.64285714285717
1119,sKC,2020-12-30,283.2142857142857
1120,sKC,2020-12-31,278.57142857142856
1121,sKC,2021-01-01,261.2142857142857
1122,sKC,2021-01-02,273.57142857142856
1123,sKC,2021-01-03,272.7142857142857
1124,sKC,2021-01-04,280.5
1125,sKC,2021-01-05,284.7142857142857
1126,sKC,2021-01-06,293.2857142857143
1127,sKC,2021-01-07,303.7142857142857
1128,sKC,2021-01-08,323.7142857142857
1129,sKC,2021-01-09,318.64285714285717
1130,sKC,2021-01-10,316.42857142857144
1131,sKC,2021-01-11,307.5
1132,sKC,2021-01-12,297.64285714285717
1133,sKC,2021-01-13,287.14285714285717
1134,sKC,2021-01-14,281.07142857142856
1135,sKC,2021-01-15,292.5
1136,sKC,2021-01-16,276.5
1137,sKC,2021-01-17,276.07142857142856
1138,sKC,2021-01-18,254.64285714285714
1139,sKC,2021-01-19,242.5
1140,sKC,2021-01-20,230.35714285714286
1141,sKC,2021-01-21,222.64285714285714
1142,sKC,2021-01-22,214.78571428571428
1143,sKC,2021-01-23,209.0
1144,sKC,2021-01-24,207.78571428571428
1145,sKC,2021-01-25,199.85714285714286
1146,sKC,2021-01-26,196.07142857142858
1147,sKC,2021-01-27,192.85714285714286
1148,sKC,2021-01-28,187.64285714285714
1149,sKC,2021-01-29,182.64285714285714
1150,sKC,2021-01-30,182.35714285714286
1151,sKC,2021-01-31,181.07142857142858
1152,sKC,2021-02-01,181.5
1153,sKC,2021-02-02,175.78571428571428
1154,sKC,2021-02-03,173.28571428571428
1155,sKC,2021-02-04,167.42857142857142
1156,sKC,2021-02-05,164.14285714285714
1157,sKC,2021-02-06,161.78571428571428
1158,sKC,2021-02-07,161.0
1159,sKC,2021-02-08,156.78571428571428
1160,sKC,2021-02-09,153.28571428571428
1161,sKC,2021-02-10,148.28571428571428
1162,sKC,2021-02-11,146.85714285714286
1163,sKC,2021-02-12,143.0
1164,sKC,2021-02-13,132.71428571428572
1165,sKC,2021-02-14,130.14285714285714
1166,sKC,2021-02-15,119.5
1167,sKC,2021-02-16,119.28571428571429
1168,sKC,2021-02-17,112.57142857142857
1169,sKC,2021-02-18,110.5
1170,sKC,2021-02-19,105.21428571428571
1171,sKC,2021-02-20,101.85714285714286
1172,sKC,2021-02-21,102.35714285714286
1173,sKC,2021-02-22,98.0
1174,sKC,2021-02-23,95.0
1175,sKC,2021-02-24,94.21428571428571
1176,sKC,2021-02-25,91.57142857142857
1177,sKC,2021-02-26,90.0
1178,sKC,2021-02-27,93.57142857142857
1179,sKC,2021-02-28,94.42857142857143
1180,sKC,2021-03-01,97.64285714285714
1181,sKC,2021-03-02,93.14285714285714
1182,sKC,2021-03-03,92.35714285714286
1183,sKC,2021-03-04,90.07142857142857
1184,sKC,2021-03-05,92.14285714285714
1185,sKC,2021-03-06,89.64285714285714
1186,sKC,2021-03-07,89.71428571428571
1187,sKC,2021-03-08,91.0
1188,sKC,2021-03-09,92.21428571428571
1189,sKC,2021-03-10,93.28571428571429
1190,sKC,2021-03-11,93.35714285714286
1191,sKC,2021-03-12,96.92857142857143
1192,sKC,2021-03-13,99.07142857142857
1193,sKC,2021-03-14,99.35714285714286
1194,sKC,2021-03-15,104.92857142857143
1195,sKC,2021-03-16,107.35714285714286
1196,sKC,2021-03-17,111.14285714285714
1197,sKC,2021-03-18,117.35714285714286
1198,sKC,2021-03-19,119.5
1199,sKC,2021-03-20,125.28571428571429
1200,sKC,2021-03-21,126.85714285714286
1201,sKC,2021-03-22,133.21428571428572
1202,sKC,2021-03-23,138.78571428571428
1203,sKC,2021-03-24,145.64285714285714
1204,sKC,2021-03-25,152.07142857142858
1205,sKC,2021-03-26,156.5
1206,sKC,2021-03-27,159.92857142857142
1207,sKC,2021-03-28,161.78571428571428
1208,sKC,2021-03-29,164.28571428571428
1209,sKC,2021-03-30,169.5
1210,sKC,2021-03-31,172.14285714285714
1211,sKC,2021-04-01,173.71428571428572
1212,sKC,2021-04-02,178.64285714285714
1213,sKC,2021-04-03,179.5
1214,sKC,2021-04-04,179.21428571428572
1215,sKC,2021-04-05,179.28571428571428
1216,sKC,2021-04-06,178.0
1217,sKC,2021-04-07,178.85714285714286
1218,sKC,2021-04-08,177.92857142857142
1219,sKC,2021-04-09,180.21428571428572
1220,sKC,2021-04-10,179.57142857142858
1221,sKC,2021-04-11,180.57142857142858
1222,sKC,2021-04-12,185.57142857142858
1223,sKC,2021-04-13,187.5
1224,sKC,2021-04-14,194.42857142857142
1225,sKC,2021-04-15,198.92857142857142
1226,sKC,2021-04-16,203.0
1227,sKC,2021-04-17,208.21428571428572
1228,sKC,2021-04-18,210.14285714285714
1229,sKC,2021-04-19,217.5
1230,sKC,2021-04-20,227.57142857142858
1231,sKC,2021-04-21,233.21428571428572
1232,sKC,2021-04-22,238.57142857142858
1233,sKC,2021-04-23,238.57142857142858
1234,sKC,2021-04-24,242.0
1235,sKC,2021-04-25,241.28571428571428
1236,sKC,2021-04-26,245.42857142857142
1237,sKC,2021-04-27,250.42857142857142
1238,sKC,2021-04-28,251.5
1239,sKC,2021-04-29,254.5
1240,sKC,2021-04-30,253.28571428571428
1241,sKC,2021-05-01,247.35714285714286
1242,sKC,2021-05-02,246.71428571428572
1243,sKC,2021-05-03,245.14285714285714
1244,sKC,2021-05-04,240.0
1245,sKC,2021-05-05,235.64285714285714
1246,sKC,2021-05-06,232.14285714285714
1247,sKC,2021-05-07,228.57142857142858
1248,sKC,2021-05-08,224.42857142857142
1249,sKC,2021-05-09,222.57142857142858
1250,sKC,2021-05-10,213.92857142857142
1251,sKC,2021-05-11,203.14285714285714
1252,sKC,2021-05-12,195.07142857142858
1253,sKC,2021-05-13,184.78571428571428
1254,sKC,2021-05-14,177.42857142857142
1255,sKC,2021-05-15,175.35714285714286
1256,sKC,2021-05-16,172.42857142857142
1257,sKC,2021-05-17,164.0
1258,sKC,2021-05-18,154.14285714285714
1259,sKC,2021-05-19,143.71428571428572
1260,sKC,2021-05-20,135.14285714285714
1261,sKC,2021-05-21,128.35714285714286
1262,sKC,2021-05-22,124.35714285714286
1263,sKC,2021-05-23,122.92857142857143
1264,sKC,2021-05-24,114.42857142857143
1265,sKC,2021-05-25,108.64285714285714
1266,sKC,2021-05-26,101.35714285714286
1267,sKC,2021-05-27,95.57142857142857
1268,sKC,2021-05-28,90.85714285714286
1269,sKC,2021-05-29,86.85714285714286
1270,sKC,2021-05-30,85.42857142857143
1271,sKC,2021-05-31,74.64285714285714
1272,sKC,2021-06-01,72.92857142857143
1273,sKC,2021-06-02,71.14285714285714
1274,sKC,2021-06-03,69.57142857142857
1275,sKC,2021-06-04,68.07142857142857
1276,sKC,2021-06-05,66.64285714285714
1277,sKC,2021-06-06,66.28571428571429
1278,sKC,2021-06-07,62.92857142857143
1279,sKC,2021-06-08,61.57142857142857
1280,sKC,2021-06-09,59.285714285714285
1281,sKC,2021-06-10,57.42857142857143
1282,sKC,2021-06-11,56.07142857142857
1283,sKC,2021-06-12,54.142857142857146
1284,sKC,2021-06-13,54.357142857142854
1285,sKC,2021-06-14,55.642857142857146
1286,sKC,2021-06-15,51.357142857142854
1287,sKC,2021-06-16,49.0
1288,sKC,2021-06-17,47.357142857142854
1289,sKC,2021-06-18,45.92857142857143
1290,sKC,2021-06-19,44.214285714285715
1291,sKC,2021-06-20,43.785714285714285
1292,sKC,2021-06-21,42.285714285714285
1293,sKC,2021-06-22,39.142857142857146
1294,sKC,2021-06-23,38.214285714285715
1295,sKC,2021-06-24,38.285714285714285
1296,sKC,2021-06-25,37.5
1297,sKC,2021-06-26,36.642857142857146
1298,sKC,2021-06-27,35.857142857142854
1299,sKC,2021-06-28,33.714285714285715
1300,sKC,2021-06-29,35.0
1301,sKC,2021-06-30,35.357142857142854
1302,sKC,2021-07-01,35.357142857142854
1303,sKC,2021-07-02,34.5
1304,sKC,2021-07-03,34.357142857142854
1305,sKC,2021-07-04,34.142857142857146
1306,sKC,2021-07-05,33.92857142857143
1307,sKC,2021-07-06,35.92857142857143
1308,sKC,2021-07-07,38.0
1309,sKC,2021-07-08,38.714285714285715
1310,sKC,2021-07-09,41.07142857142857
1311,sKC,2021-07-10,44.92857142857143
1312,sKC,2021-07-11,46.285714285714285
1313,sKC,2021-07-12,49.642857142857146
1314,sKC,2021-07-13,50.57142857142857
1315,sKC,2021-07-14,53.357142857142854
1316,sKC,2021-07-15,56.142857142857146
1317,sKC,2021-07-16,59.42857142857143
1318,sKC,2021-07-17,61.214285714285715
1319,sKC,2021-07-18,62.57142857142857
1320,sKC,2021-07-19,68.92857142857143
1321,sKC,2021-07-20,73.5
1322,sKC,2021-07-21,75.85714285714286
1323,sKC,2021-07-22,79.57142857142857
1324,sKC,2021-07-23,82.0
1325,sKC,2021-07-24,85.07142857142857
1326,sKC,2021-07-25,86.85714285714286
1327,sKC,2021-07-26,94.92857142857143
1328,sKC,2021-07-27,102.0
1329,sKC,2021-07-28,109.85714285714286
1330,sKC,2021-07-29,120.28571428571429
1331,sKC,2021-07-30,129.71428571428572
1332,sKC,2021-07-31,137.57142857142858
1333,sKC,2021-08-01,139.92857142857142
1334,sKC,2021-08-02,155.28571428571428
1335,sKC,2021-08-03,165.5
1336,sKC,2021-08-04,178.42857142857142
1337,sKC,2021-08-05,193.0
1338,sKC,2021-08-06,207.78571428571428
1339,sKC,2021-08-07,217.71428571428572
1340,sKC,2021-08-08,221.78571428571428
1341,sKC,2021-08-09,238.21428571428572
1342,sKC,2021-08-10,253.5
1343,sKC,2021-08-11,264.07142857142856
1344,sKC,2021-08-12,269.35714285714283
1345,sKC,2021-08-13,274.64285714285717
1346,sKC,2021-08-14,280.85714285714283
1347,sKC,2021-08-15,284.2857142857143
1348,sKC,2021-08-16,297.35714285714283
1349,sKC,2021-08-17,306.07142857142856
1350,sKC,2021-08-18,309.7142857142857
1351,sKC,2021-08-19,312.5
1352,sKC,2021-08-20,315.57142857142856
1353,sKC,2021-08-21,318.0
1354,sKC,2021-08-22,317.42857142857144
1355,sKC,2021-08-23,320.85714285714283
1356,sKC,2021-08-24,321.35714285714283
1357,sKC,2021-08-25,321.7857142857143
1358,sKC,2021-08-26,326.07142857142856
1359,sKC,2021-08-27,329.57142857142856
1360,sKC,2021-08-28,330.7857142857143
1361,sKC,2021-08-29,331.5
1362,sKC,2021-08-30,328.42857142857144
1363,sKC,2021-08-31,325.7857142857143
1364,sKC,2021-09-01,326.2142857142857
1365,sKC,2021-09-02,327.7142857142857
1366,sKC,2021-09-03,325.7142857142857
1367,sKC,2021-09-04,322.92857142857144
1368,sKC,2021-09-05,322.42857142857144
1369,sKC,2021-09-06,305.85714285714283
1370,sKC,2021-09-07,317.2142857142857
1371,sKC,2021-09-08,321.35714285714283
1372,sKC,2021-09-09,322.2142857142857
1373,sKC,2021-09-10,320.07142857142856
1374,sKC,2021-09-11,319.14285714285717
1375,sKC,2021-09-12,315.85714285714283
1376,sKC,2021-09-13,312.14285714285717
1377,sKC,2021-09-14,310.5
1378,sKC,2021-09-15,307.2857142857143
1379,sKC,2021-09-16,304.35714285714283
1380,sKC,2021-09-17,296.7142857142857
1381,sKC,2021-09-18,293.85714285714283
1382,sKC,2021-09-19,292.35714285714283
1383,sKC,2021-09-20,304.14285714285717
1384,sKC,2021-09-21,288.92857142857144
1385,sKC,2021-09-22,283.85714285714283
1386,sKC,2021-09-23,280.0
1387,sKC,2021-09-24,277.5
1388,sKC,2021-09-25,275.35714285714283
1389,sKC,2021-09-26,274.57142857142856
1390,sKC,2021-09-27,269.92857142857144
1391,sKC,2021-09-28,266.07142857142856
1392,sKC,2021-09-29,264.2142857142857
1393,sKC,2021-09-30,259.07142857142856
1394,sKC,2021-10-01,262.92857142857144
1395,sKC,2021-10-02,262.2142857142857
1396,sKC,2021-10-03,260.85714285714283
1397,sKC,2021-10-04,255.28571428571428
1398,sKC,2021-10-05,250.35714285714286
1399,sKC,2021-10-06,245.35714285714286
1400,sKC,2021-10-07,239.5
1401,sKC,2021-10-08,234.92857142857142
1402,sKC,2021-10-09,230.42857142857142
1403,sKC,2021-10-10,230.35714285714286
1404,sKC,2021-10-11,225.21428571428572
1405,sKC,2021-10-12,222.07142857142858
1406,sKC,2021-10-13,221.57142857142858
1407,sKC,2021-10-14,219.0
1408,sKC,2021-10-15,215.42857142857142
1409,sKC,2021-10-16,214.64285714285714
1410,sKC,2021-10-17,215.42857142857142
1411,sKC,2021-10-18,219.0
1412,sKC,2021-10-19,217.35714285714286
1413,sKC,2021-10-20,214.57142857142858
1414,sKC,2021-10-21,214.42857142857142
1415,sKC,2021-10-22,216.42857142857142
1416,sKC,2021-10-23,217.0
1417,sKC,2021-10-24,216.14285714285714
1418,sKC,2021-10-25,216.35714285714286
1419,sKC,2021-10-26,215.92857142857142
1420,sKC,2021-10-27,212.78571428571428
1421,sKC,2021-10-28,211.21428571428572
1422,sKC,2021-10-29,208.07142857142858
1423,sKC,2021-10-30,205.64285714285714
1424,sKC,2021-10-31,204.71428571428572
1425,sKC,2021-11-01,194.78571428571428
1426,sKC,2021-11-02,190.71428571428572
1427,sKC,2021-11-03,186.21428571428572
1428,sKC,2021-11-04,182.07142857142858
1429,sKC,2021-11-05,176.64285714285714
1430,sKC,2021-11-06,174.57142857142858
1431,sKC,2021-11-07,174.42857142857142
1432,sKC,2021-11-08,167.42857142857142
1433,sKC,2021-11-09,162.21428571428572
1434,sKC,2021-11-10,158.0
1435,sKC,2021-11-11,152.64285714285714
1436,sKC,2021-11-12,151.92857142857142
1437,sKC,2021-11-13,150.07142857142858
1438,sKC,2021-11-14,148.42857142857142
1439,sKC,2021-11-15,145.07142857142858
1440,sKC,2021-11-16,144.64285714285714
1441,sKC,2021-11-17,141.92857142857142
1442,sKC,2021-11-18,138.35714285714286
1443,sKC,2021-11-19,134.85714285714286
1444,sKC,2021-11-20,130.14285714285714
1445,sKC,2021-11-21,128.71428571428572
1446,sKC,2021-11-22,124.64285714285714
1447,sKC,2021-11-23,121.21428571428571
1448,sKC,2021-11-24,119.71428571428571
1449,sKC,2021-11-25,112.35714285714286
1450,sKC,2021-11-26,107.35714285714286
1451,sKC,2021-11-27,107.0
1452,sKC,2021-11-28,108.35714285714286
1453,sKC,2021-11-29,111.64285714285714
1454,sKC,2021-11-30,111.35714285714286
1455,sKC,2021-12-01,113.14285714285714
1456,sKC,2021-12-02,115.21428571428571
1457,sKC,2021-12-03,118.07142857142857
1458,sKC,2021-12-04,118.14285714285714
1459,sKC,2021-12-05,118.28571428571429
1460,sKC,2021-12-06,119.28571428571429
1461,sKC,2021-12-07,121.64285714285714
1462,sKC,2021-12-08,121.5
1463,sKC,2021-12-09,127.5
1464,sKC,2021-12-10,130.78571428571428
1465,sKC,2021-12-11,132.85714285714286
1466,sKC,2021-12-12,133.71428571428572
1467,sKC,2021-12-13,139.28571428571428
1468,sKC,2021-12-14,149.5
1469,sKC,2021-12-15,166.14285714285714
1470,sKC,2021-12-16,184.64285714285714
1471,sKC,2021-12-17,207.0
1472,sKC,2021-12-18,233.57142857142858
1473,sKC,2021-12-19,243.0
1474,sKC,2021-12-20,303.57142857142856
1475,sKC,2021-12-21,373.35714285714283
1476,sKC,2021-12-22,450.57142857142856
1477,sKC,2021-12-23,539.8571428571429
1478,sKC,2021-12-24,598.3571428571429
1479,sKC,2021-12-25,600.7857142857143
1480,sKC,2021-12-26,610.0
1481,sKC,2021-12-27,649.9285714285714
1482,sKC,2021-12-28,746.2857142857143
1483,sKC,2021-12-29,908.6428571428571
1484,sKC,2021-12-30,989.8571428571429
1485,sKC,2021-12-31,1077.2857142857142
1486,sKC,2022-01-01,1081.857142857143
1487,sKC,2022-01-02,1121.7142857142858
1488,sKC,2022-01-03,1298.142857142857
1489,sKC,2022-01-04,1508.2142857142858
1490,sKC,2022-01-05,1684.4285714285713
1491,sKC,2022-01-06,1833.7142857142858
1492,sKC,2022-01-07,2005.357142857143
1493,sKC,2022-01-08,2141.5
1494,sKC,2022-01-09,2183.214285714286
1495,sKC,2022-01-10,2384.1428571428573
1496,sKC,2022-01-11,2492.214285714286
1497,sKC,2022-01-12,2522.285714285714
1498,sKC,2022-01-13,2621.5714285714284
1499,sKC,2022-01-14,2698.1428571428573
1500,sKC,2022-01-15,2787.1428571428573
1501,sKC,2022-01-16,2767.714285714286
1502,sKC,2022-01-17,2675.3571428571427
1503,sKC,2022-01-18,2580.285714285714
1504,sKC,2022-01-19,2474.214285714286
1505,sKC,2022-01-20,2382.4285714285716
1506,sKC,2022-01-21,2266.9285714285716
1507,sKC,2022-01-22,2200.5714285714284
1508,sKC,2022-01-23,2174.214285714286
1509,sKC,2022-01-24,2041.142857142857
1510,sKC,2022-01-25,1917.5
1511,sKC,2022-01-26,1784.5714285714287
1512,sKC,2022-01-27,1647.0714285714287
1513,sKC,2022-01-28,1511.0714285714287
1514,sKC,2022-01-29,1424.0
1515,sKC,2022-01-30,1406.7857142857142
1516,sKC,2022-01-31,1327.5714285714287
1517,sKC,2022-02-01,1190.7857142857142
1518,sKC,2022-02-02,1078.2142857142858
1519,sKC,2022-02-03,962.7857142857143
1520,sKC,2022-02-04,872.9285714285714
1521,sKC,2022-02-05,813.9285714285714
1522,sKC,2022-02-06,795.2857142857143
1523,sKC,2022-02-07,707.0714285714286
1524,sKC,2022-02-08,631.6428571428571
1525,sKC,2022-02-09,571.5
1526,sKC,2022-02-10,519.9285714285714
1527,sKC,2022-02-11,478.7142857142857
1528,sKC,2022-02-12,453.0
1529,sKC,2022-02-13,442.7857142857143
1530,sKC,2022-02-14,388.7142857142857
1531,sKC,2022-02-15,346.57142857142856
1532,sKC,2022-02-16,315.7857142857143
1533,sKC,2022-02-17,291.2857142857143
1534,sKC,2022-02-18,264.57142857142856
1535,sKC,2022-02-19,248.07142857142858
1536,sKC,2022-02-20,241.42857142857142
1537,sKC,2022-02-21,209.71428571428572
1538,sKC,2022-02-22,192.35714285714286
1539,sKC,2022-02-23,174.57142857142858
1540,sKC,2022-02-24,160.64285714285714
1541,sKC,2022-02-25,148.92857142857142
1542,sKC,2022-02-26,142.0
1543,sKC,2022-02-27,139.21428571428572
1544,sKC,2022-02-28,124.35714285714286
1545,sKC,2022-03-01,115.35714285714286
1546,sKC,2022-03-02,109.07142857142857
1547,sKC,2022-03-03,99.07142857142857
1548,sKC,2022-03-04,94.57142857142857
1549,sKC,2022-03-05,90.28571428571429
1550,sKC,2022-03-06,87.71428571428571
1551,sKC,2022-03-07,83.92857142857143
1552,sKC,2022-03-08,78.0
1553,sKC,2022-03-09,73.78571428571429
1554,sKC,2022-03-10,70.28571428571429
1555,sKC,2022-03-11,64.5
1556,sKC,2022-03-12,61.285714285714285
1557,sKC,2022-03-13,60.92857142857143
1558,sKC,2022-03-14,56.57142857142857
1559,sKC,2022-03-15,54.42857142857143
1560,sKC,2022-03-16,51.642857142857146
1561,sKC,2022-03-17,50.714285714285715
1562,sKC,2022-03-18,50.07142857142857
1563,sKC,2022-03-19,50.07142857142857
1564,sKC,2022-03-20,49.857142857142854
1565,sKC,2022-03-21,49.0
1566,sKC,2022-03-22,49.785714285714285
1567,sKC,2022-03-23,50.07142857142857
1568,sKC,2022-03-24,49.57142857142857
1569,sKC,2022-03-25,51.285714285714285
1570,sKC,2022-03-26,51.642857142857146
1571,sKC,2022-03-27,50.285714285714285
