,region,Date,Positive_Rate
0,nKC,2020-02-01,0.0
1,nKC,2020-02-02,0.0
2,nKC,2020-02-03,0.0
3,nKC,2020-02-04,0.0
4,nKC,2020-02-05,0.0
5,nKC,2020-02-06,0.0
6,nKC,2020-02-07,0.0
7,nKC,2020-02-08,0.0
8,nKC,2020-02-09,0.0
9,nKC,2020-02-10,0.0
10,nKC,2020-02-11,0.0
11,nKC,2020-02-12,0.0
12,nKC,2020-02-13,0.0
13,nKC,2020-02-14,0.0
14,nKC,2020-02-15,0.0
15,nKC,2020-02-16,0.0
16,nKC,2020-02-17,0.0
17,nKC,2020-02-18,0.0
18,nKC,2020-02-19,0.0
19,nKC,2020-02-20,0.0
20,nKC,2020-02-21,0.16642857142857143
21,nKC,2020-02-22,0.30142857142857143
22,nKC,2020-02-23,0.5085714285714286
23,nKC,2020-02-24,0.7992857142857143
24,nKC,2020-02-25,1.0535714285714286
25,nKC,2020-02-26,1.3385714285714287
26,nKC,2020-02-27,1.730714285714286
27,nKC,2020-02-28,3.3685714285714288
28,nKC,2020-02-29,5.953571428571428
29,nKC,2020-03-01,8.150714285714285
30,nKC,2020-03-02,11.391428571428571
31,nKC,2020-03-03,13.129999999999999
32,nKC,2020-03-04,17.005714285714284
33,nKC,2020-03-05,23.314285714285713
34,nKC,2020-03-06,26.165714285714284
35,nKC,2020-03-07,29.447142857142858
36,nKC,2020-03-08,36.34214285714286
37,nKC,2020-03-09,41.76428571428571
38,nKC,2020-03-10,52.504999999999995
39,nKC,2020-03-11,61.46642857142857
40,nKC,2020-03-12,81.34642857142856
41,nKC,2020-03-13,104.84928571428568
42,nKC,2020-03-14,115.6185714285714
43,nKC,2020-03-15,120.19214285714283
44,nKC,2020-03-16,148.34571428571425
45,nKC,2020-03-17,173.76571428571424
46,nKC,2020-03-18,192.82714285714277
47,nKC,2020-03-19,209.64999999999992
48,nKC,2020-03-20,224.81428571428563
49,nKC,2020-03-21,231.08357142857133
50,nKC,2020-03-22,241.00999999999993
51,nKC,2020-03-23,265.3242857142856
52,nKC,2020-03-24,278.29999999999995
53,nKC,2020-03-25,289.7371428571428
54,nKC,2020-03-26,290.325
55,nKC,2020-03-27,291.19214285714287
56,nKC,2020-03-28,287.40000000000003
57,nKC,2020-03-29,293.3914285714286
58,nKC,2020-03-30,286.0128571428572
59,nKC,2020-03-31,286.5285714285715
60,nKC,2020-04-01,288.6285714285715
61,nKC,2020-04-02,281.6385714285715
62,nKC,2020-04-03,291.7514285714286
63,nKC,2020-04-04,294.6828571428572
64,nKC,2020-04-05,283.4657142857143
65,nKC,2020-04-06,269.40214285714285
66,nKC,2020-04-07,267.5807142857143
67,nKC,2020-04-08,266.9664285714286
68,nKC,2020-04-09,262.7314285714286
69,nKC,2020-04-10,251.09357142857147
70,nKC,2020-04-11,249.48571428571432
71,nKC,2020-04-12,240.0335714285715
72,nKC,2020-04-13,230.34928571428577
73,nKC,2020-04-14,216.38357142857149
74,nKC,2020-04-15,203.2835714285715
75,nKC,2020-04-16,204.0271428571429
76,nKC,2020-04-17,193.95000000000005
77,nKC,2020-04-18,186.7771428571429
78,nKC,2020-04-19,190.35571428571433
79,nKC,2020-04-20,188.55071428571432
80,nKC,2020-04-21,180.19928571428576
81,nKC,2020-04-22,172.3235714285715
82,nKC,2020-04-23,174.5028571428572
83,nKC,2020-04-24,167.31714285714293
84,nKC,2020-04-25,179.3942857142858
85,nKC,2020-04-26,184.2314285714286
86,nKC,2020-04-27,181.74000000000007
87,nKC,2020-04-28,174.20571428571435
88,nKC,2020-04-29,173.72714285714295
89,nKC,2020-04-30,171.13857142857154
90,nKC,2020-05-01,167.67142857142866
91,nKC,2020-05-02,167.1650000000001
92,nKC,2020-05-03,159.73071428571438
93,nKC,2020-05-04,158.19428571428583
94,nKC,2020-05-05,149.81428571428583
95,nKC,2020-05-06,146.80857142857153
96,nKC,2020-05-07,134.47071428571442
97,nKC,2020-05-08,134.3864285714287
98,nKC,2020-05-09,120.93785714285728
99,nKC,2020-05-10,114.96000000000014
100,nKC,2020-05-11,108.88500000000013
101,nKC,2020-05-12,107.30785714285727
102,nKC,2020-05-13,102.79500000000012
103,nKC,2020-05-14,96.2207142857144
104,nKC,2020-05-15,89.94428571428583
105,nKC,2020-05-16,87.90928571428583
106,nKC,2020-05-17,86.71142857142867
107,nKC,2020-05-18,78.82857142857152
108,nKC,2020-05-19,75.66642857142867
109,nKC,2020-05-20,73.24285714285725
110,nKC,2020-05-21,69.16142857142869
111,nKC,2020-05-22,66.95142857142869
112,nKC,2020-05-23,61.78000000000012
113,nKC,2020-05-24,61.51857142857155
114,nKC,2020-05-25,56.9007142857144
115,nKC,2020-05-26,59.34642857142869
116,nKC,2020-05-27,58.366428571428685
117,nKC,2020-05-28,57.382857142857254
118,nKC,2020-05-29,53.19785714285725
119,nKC,2020-05-30,52.73785714285726
120,nKC,2020-05-31,52.78428571428583
121,nKC,2020-06-01,52.0407142857144
122,nKC,2020-06-02,53.632857142857254
123,nKC,2020-06-03,50.79857142857154
124,nKC,2020-06-04,49.46285714285726
125,nKC,2020-06-05,47.80857142857154
126,nKC,2020-06-06,49.5107142857144
127,nKC,2020-06-07,48.68214285714297
128,nKC,2020-06-08,53.59928571428583
129,nKC,2020-06-09,50.273571428571536
130,nKC,2020-06-10,52.83214285714296
131,nKC,2020-06-11,52.129285714285814
132,nKC,2020-06-12,53.970714285714394
133,nKC,2020-06-13,54.98357142857153
134,nKC,2020-06-14,56.315000000000104
135,nKC,2020-06-15,59.2800000000001
136,nKC,2020-06-16,64.10785714285724
137,nKC,2020-06-17,68.70000000000012
138,nKC,2020-06-18,75.47928571428581
139,nKC,2020-06-19,81.45928571428581
140,nKC,2020-06-20,85.01357142857152
141,nKC,2020-06-21,89.34714285714297
142,nKC,2020-06-22,101.57000000000009
143,nKC,2020-06-23,113.1957142857144
144,nKC,2020-06-24,124.20928571428583
145,nKC,2020-06-25,135.92857142857153
146,nKC,2020-06-26,158.9800000000001
147,nKC,2020-06-27,172.9092857142858
148,nKC,2020-06-28,177.15571428571437
149,nKC,2020-06-29,211.0592857142858
150,nKC,2020-06-30,228.51142857142867
151,nKC,2020-07-01,248.89428571428581
152,nKC,2020-07-02,270.2164285714287
153,nKC,2020-07-03,283.15428571428583
154,nKC,2020-07-04,281.6407142857144
155,nKC,2020-07-05,282.44642857142867
156,nKC,2020-07-06,282.35857142857157
157,nKC,2020-07-07,288.10500000000013
158,nKC,2020-07-08,292.5528571428573
159,nKC,2020-07-09,301.7578571428573
160,nKC,2020-07-10,291.0364285714287
161,nKC,2020-07-11,283.83000000000015
162,nKC,2020-07-12,284.2042857142859
163,nKC,2020-07-13,266.96571428571445
164,nKC,2020-07-14,268.3735714285716
165,nKC,2020-07-15,264.01500000000016
166,nKC,2020-07-16,252.02642857142868
167,nKC,2020-07-17,246.91214285714298
168,nKC,2020-07-18,255.10785714285728
169,nKC,2020-07-19,257.7928571428573
170,nKC,2020-07-20,257.6742857142859
171,nKC,2020-07-21,262.14642857142877
172,nKC,2020-07-22,256.8242857142859
173,nKC,2020-07-23,247.56071428571448
174,nKC,2020-07-24,246.71571428571448
175,nKC,2020-07-25,245.8242857142859
176,nKC,2020-07-26,244.68142857142877
177,nKC,2020-07-27,240.88285714285732
178,nKC,2020-07-28,237.78785714285732
179,nKC,2020-07-29,231.74714285714302
180,nKC,2020-07-30,230.76142857142872
181,nKC,2020-07-31,233.26785714285728
182,nKC,2020-08-01,229.65285714285727
183,nKC,2020-08-02,226.48857142857153
184,nKC,2020-08-03,226.0085714285715
185,nKC,2020-08-04,217.3300000000001
186,nKC,2020-08-05,220.4107142857144
187,nKC,2020-08-06,222.0142857142858
188,nKC,2020-08-07,229.07785714285723
189,nKC,2020-08-08,231.4992857142858
190,nKC,2020-08-09,232.09214285714293
191,nKC,2020-08-10,241.85071428571433
192,nKC,2020-08-11,227.67571428571432
193,nKC,2020-08-12,223.42285714285717
194,nKC,2020-08-13,223.89428571428576
195,nKC,2020-08-14,219.33428571428576
196,nKC,2020-08-15,220.73642857142863
197,nKC,2020-08-16,219.91571428571436
198,nKC,2020-08-17,217.9300000000001
199,nKC,2020-08-18,207.98285714285723
200,nKC,2020-08-19,202.9585714285715
201,nKC,2020-08-20,195.99642857142865
202,nKC,2020-08-21,182.8392857142858
203,nKC,2020-08-22,177.07142857142867
204,nKC,2020-08-23,174.6500000000001
205,nKC,2020-08-24,160.66214285714295
206,nKC,2020-08-25,166.75714285714298
207,nKC,2020-08-26,167.18500000000014
208,nKC,2020-08-27,162.17000000000013
209,nKC,2020-08-28,159.5564285714287
210,nKC,2020-08-29,158.3500000000001
211,nKC,2020-08-30,155.57928571428582
212,nKC,2020-08-31,151.84500000000008
213,nKC,2020-09-01,156.8250000000001
214,nKC,2020-09-02,151.14357142857153
215,nKC,2020-09-03,153.81428571428583
216,nKC,2020-09-04,148.8807142857144
217,nKC,2020-09-05,151.9785714285715
218,nKC,2020-09-06,150.34428571428583
219,nKC,2020-09-07,140.67285714285723
220,nKC,2020-09-08,136.73428571428582
221,nKC,2020-09-09,138.5350000000001
222,nKC,2020-09-10,140.68428571428583
223,nKC,2020-09-11,142.7000000000001
224,nKC,2020-09-12,138.8600000000001
225,nKC,2020-09-13,145.03000000000011
226,nKC,2020-09-14,146.8957142857144
227,nKC,2020-09-15,145.2757142857144
228,nKC,2020-09-16,150.12714285714296
229,nKC,2020-09-17,163.73428571428582
230,nKC,2020-09-18,167.657142857143
231,nKC,2020-09-19,163.45357142857156
232,nKC,2020-09-20,164.0707142857144
233,nKC,2020-09-21,175.44428571428583
234,nKC,2020-09-22,174.0864285714287
235,nKC,2020-09-23,167.37642857142873
236,nKC,2020-09-24,165.73785714285734
237,nKC,2020-09-25,163.0842857142859
238,nKC,2020-09-26,166.60571428571447
239,nKC,2020-09-27,162.73785714285737
240,nKC,2020-09-28,173.43642857142882
241,nKC,2020-09-29,185.80000000000024
242,nKC,2020-09-30,183.56285714285738
243,nKC,2020-10-01,175.64071428571452
244,nKC,2020-10-02,184.48214285714312
245,nKC,2020-10-03,193.2078571428574
246,nKC,2020-10-04,196.08428571428595
247,nKC,2020-10-05,202.11142857142883
248,nKC,2020-10-06,204.73571428571452
249,nKC,2020-10-07,215.4278571428574
250,nKC,2020-10-08,226.33357142857167
251,nKC,2020-10-09,230.95500000000024
252,nKC,2020-10-10,229.58428571428595
253,nKC,2020-10-11,235.36428571428593
254,nKC,2020-10-12,230.11214285714306
255,nKC,2020-10-13,222.59714285714307
256,nKC,2020-10-14,234.0500000000002
257,nKC,2020-10-15,239.8757142857145
258,nKC,2020-10-16,235.70428571428593
259,nKC,2020-10-17,232.08428571428593
260,nKC,2020-10-18,231.01500000000024
261,nKC,2020-10-19,231.1078571428574
262,nKC,2020-10-20,252.6771428571431
263,nKC,2020-10-21,251.26571428571455
264,nKC,2020-10-22,248.43000000000026
265,nKC,2020-10-23,252.56000000000023
266,nKC,2020-10-24,262.76928571428596
267,nKC,2020-10-25,261.24285714285736
268,nKC,2020-10-26,280.27857142857164
269,nKC,2020-10-27,296.30785714285736
270,nKC,2020-10-28,305.4571428571431
271,nKC,2020-10-29,323.3778571428574
272,nKC,2020-10-30,337.88142857142884
273,nKC,2020-10-31,352.1457142857145
274,nKC,2020-11-01,354.1292857142859
275,nKC,2020-11-02,388.6500000000002
276,nKC,2020-11-03,411.55642857142885
277,nKC,2020-11-04,462.6664285714288
278,nKC,2020-11-05,497.6414285714289
279,nKC,2020-11-06,541.3200000000003
280,nKC,2020-11-07,578.9950000000002
281,nKC,2020-11-08,582.1507142857146
282,nKC,2020-11-09,623.8757142857146
283,nKC,2020-11-10,665.8507142857145
284,nKC,2020-11-11,701.4057142857146
285,nKC,2020-11-12,728.1678571428574
286,nKC,2020-11-13,789.7407142857146
287,nKC,2020-11-14,843.4214285714288
288,nKC,2020-11-15,857.1671428571432
289,nKC,2020-11-16,898.9900000000001
290,nKC,2020-11-17,938.1692857142859
291,nKC,2020-11-18,952.3878571428573
292,nKC,2020-11-19,991.3042857142858
293,nKC,2020-11-20,1015.1935714285717
294,nKC,2020-11-21,1030.909285714286
295,nKC,2020-11-22,1047.814285714286
296,nKC,2020-11-23,1065.1378571428575
297,nKC,2020-11-24,1075.049285714286
298,nKC,2020-11-25,1092.0578571428575
299,nKC,2020-11-26,1031.3200000000004
300,nKC,2020-11-27,1022.4414285714289
301,nKC,2020-11-28,1015.2507142857146
302,nKC,2020-11-29,1011.5692857142859
303,nKC,2020-11-30,1046.4107142857144
304,nKC,2020-12-01,1040.5657142857146
305,nKC,2020-12-02,1033.229285714286
306,nKC,2020-12-03,1020.9421428571432
307,nKC,2020-12-04,1024.1485714285716
308,nKC,2020-12-05,1009.4014285714287
309,nKC,2020-12-06,998.4707142857144
310,nKC,2020-12-07,1028.2914285714287
311,nKC,2020-12-08,1024.2035714285716
312,nKC,2020-12-09,998.4814285714286
313,nKC,2020-12-10,1048.7492857142859
314,nKC,2020-12-11,1039.5135714285716
315,nKC,2020-12-12,1012.0328571428573
316,nKC,2020-12-13,1011.0000000000002
317,nKC,2020-12-14,949.2628571428575
318,nKC,2020-12-15,930.8464285714289
319,nKC,2020-12-16,921.4664285714288
320,nKC,2020-12-17,900.1185714285717
321,nKC,2020-12-18,866.914285714286
322,nKC,2020-12-19,853.6928571428574
323,nKC,2020-12-20,854.2528571428575
324,nKC,2020-12-21,811.906428571429
325,nKC,2020-12-22,788.5842857142862
326,nKC,2020-12-23,784.0678571428577
327,nKC,2020-12-24,755.1821428571435
328,nKC,2020-12-25,688.198571428572
329,nKC,2020-12-26,704.0814285714292
330,nKC,2020-12-27,708.7742857142863
331,nKC,2020-12-28,721.8721428571434
332,nKC,2020-12-29,725.8692857142863
333,nKC,2020-12-30,736.0664285714292
334,nKC,2020-12-31,748.8942857142864
335,nKC,2021-01-01,706.8857142857149
336,nKC,2021-01-02,733.7485714285721
337,nKC,2021-01-03,737.6457142857149
338,nKC,2021-01-04,768.3521428571433
339,nKC,2021-01-05,803.498571428572
340,nKC,2021-01-06,833.5100000000003
341,nKC,2021-01-07,883.486428571429
342,nKC,2021-01-08,944.7871428571433
343,nKC,2021-01-09,930.2142857142861
344,nKC,2021-01-10,927.5642857142863
345,nKC,2021-01-11,932.5285714285719
346,nKC,2021-01-12,914.4757142857148
347,nKC,2021-01-13,893.5350000000005
348,nKC,2021-01-14,864.8842857142862
349,nKC,2021-01-15,905.1007142857148
350,nKC,2021-01-16,868.9278571428576
351,nKC,2021-01-17,858.6807142857149
352,nKC,2021-01-18,783.8771428571434
353,nKC,2021-01-19,740.2250000000006
354,nKC,2021-01-20,699.0585714285722
355,nKC,2021-01-21,658.1200000000007
356,nKC,2021-01-22,630.5628571428578
357,nKC,2021-01-23,620.8164285714291
358,nKC,2021-01-24,614.6871428571433
359,nKC,2021-01-25,571.5742857142862
360,nKC,2021-01-26,549.8750000000006
361,nKC,2021-01-27,532.8757142857149
362,nKC,2021-01-28,521.5821428571435
363,nKC,2021-01-29,502.77785714285784
364,nKC,2021-01-30,501.72785714285783
365,nKC,2021-01-31,504.12500000000074
366,nKC,2021-02-01,503.7414285714293
367,nKC,2021-02-02,491.51500000000067
368,nKC,2021-02-03,478.7428571428578
369,nKC,2021-02-04,469.0492857142864
370,nKC,2021-02-05,451.145714285715
371,nKC,2021-02-06,435.390714285715
372,nKC,2021-02-07,430.25642857142924
373,nKC,2021-02-08,409.40071428571497
374,nKC,2021-02-09,396.2328571428579
375,nKC,2021-02-10,379.0435714285722
376,nKC,2021-02-11,364.6185714285722
377,nKC,2021-02-12,349.1114285714293
378,nKC,2021-02-13,318.8192857142864
379,nKC,2021-02-14,305.8192857142864
380,nKC,2021-02-15,287.4828571428579
381,nKC,2021-02-16,277.50642857142935
382,nKC,2021-02-17,264.41285714285794
383,nKC,2021-02-18,251.61214285714365
384,nKC,2021-02-19,244.49357142857224
385,nKC,2021-02-20,236.8507142857151
386,nKC,2021-02-21,238.6292857142865
387,nKC,2021-02-22,234.92785714285793
388,nKC,2021-02-23,228.12785714285795
389,nKC,2021-02-24,219.84714285714367
390,nKC,2021-02-25,219.90428571428654
391,nKC,2021-02-26,212.072857142858
392,nKC,2021-02-27,221.37000000000083
393,nKC,2021-02-28,226.29714285714368
394,nKC,2021-03-01,228.79857142857227
395,nKC,2021-03-02,224.79357142857228
396,nKC,2021-03-03,225.352857142858
397,nKC,2021-03-04,225.582857142858
398,nKC,2021-03-05,233.87857142857226
399,nKC,2021-03-06,236.1064285714294
400,nKC,2021-03-07,235.7314285714294
401,nKC,2021-03-08,236.89642857142942
402,nKC,2021-03-09,238.0792857142866
403,nKC,2021-03-10,252.387857142858
404,nKC,2021-03-11,251.15142857142948
405,nKC,2021-03-12,250.367857142858
406,nKC,2021-03-13,249.90500000000088
407,nKC,2021-03-14,248.4585714285723
408,nKC,2021-03-15,247.4642857142866
409,nKC,2021-03-16,242.69571428571516
410,nKC,2021-03-17,243.81500000000088
411,nKC,2021-03-18,247.75714285714372
412,nKC,2021-03-19,247.11428571428658
413,nKC,2021-03-20,246.51000000000087
414,nKC,2021-03-21,250.09000000000086
415,nKC,2021-03-22,264.3314285714294
416,nKC,2021-03-23,280.6800000000008
417,nKC,2021-03-24,292.0300000000008
418,nKC,2021-03-25,314.0864285714294
419,nKC,2021-03-26,342.4357142857151
420,nKC,2021-03-27,350.53428571428645
421,nKC,2021-03-28,358.2585714285722
422,nKC,2021-03-29,386.03000000000077
423,nKC,2021-03-30,409.58071428571503
424,nKC,2021-03-31,434.6535714285722
425,nKC,2021-04-01,451.4221428571436
426,nKC,2021-04-02,468.9935714285722
427,nKC,2021-04-03,486.8871428571436
428,nKC,2021-04-04,493.1764285714293
429,nKC,2021-04-05,509.0428571428579
430,nKC,2021-04-06,533.4700000000007
431,nKC,2021-04-07,536.6521428571435
432,nKC,2021-04-08,540.8335714285721
433,nKC,2021-04-09,541.3885714285722
434,nKC,2021-04-10,552.8242857142865
435,nKC,2021-04-11,556.6878571428579
436,nKC,2021-04-12,576.415714285715
437,nKC,2021-04-13,586.0371428571435
438,nKC,2021-04-14,589.7578571428578
439,nKC,2021-04-15,602.0642857142865
440,nKC,2021-04-16,596.8535714285723
441,nKC,2021-04-17,600.7571428571437
442,nKC,2021-04-18,594.9992857142864
443,nKC,2021-04-19,602.6485714285722
444,nKC,2021-04-20,592.8514285714292
445,nKC,2021-04-21,612.4314285714291
446,nKC,2021-04-22,615.3628571428578
447,nKC,2021-04-23,624.2778571428579
448,nKC,2021-04-24,618.6264285714293
449,nKC,2021-04-25,616.1557142857151
450,nKC,2021-04-26,602.9300000000009
451,nKC,2021-04-27,600.5442857142865
452,nKC,2021-04-28,595.5521428571436
453,nKC,2021-04-29,585.715714285715
454,nKC,2021-04-30,598.1078571428578
455,nKC,2021-05-01,595.7785714285721
456,nKC,2021-05-02,598.1778571428579
457,nKC,2021-05-03,588.0692857142866
458,nKC,2021-05-04,578.3821428571438
459,nKC,2021-05-05,545.5864285714295
460,nKC,2021-05-06,527.1414285714295
461,nKC,2021-05-07,507.69571428571527
462,nKC,2021-05-08,501.1821428571438
463,nKC,2021-05-09,495.3928571428581
464,nKC,2021-05-10,468.360000000001
465,nKC,2021-05-11,448.52071428571526
466,nKC,2021-05-12,428.83714285714376
467,nKC,2021-05-13,405.207857142858
468,nKC,2021-05-14,377.7971428571438
469,nKC,2021-05-15,358.92428571428667
470,nKC,2021-05-16,352.0421428571438
471,nKC,2021-05-17,322.1414285714295
472,nKC,2021-05-18,302.36071428571523
473,nKC,2021-05-19,290.79285714285805
474,nKC,2021-05-20,279.29000000000093
475,nKC,2021-05-21,259.60928571428667
476,nKC,2021-05-22,254.63071428571521
477,nKC,2021-05-23,253.3721428571438
478,nKC,2021-05-24,238.6764285714295
479,nKC,2021-05-25,226.92000000000093
480,nKC,2021-05-26,213.64642857142948
481,nKC,2021-05-27,206.96785714285807
482,nKC,2021-05-28,198.03071428571522
483,nKC,2021-05-29,189.36571428571523
484,nKC,2021-05-30,185.0457142857152
485,nKC,2021-05-31,166.79928571428664
486,nKC,2021-06-01,170.79357142857233
487,nKC,2021-06-02,164.45857142857236
488,nKC,2021-06-03,156.0207142857152
489,nKC,2021-06-04,150.9407142857152
490,nKC,2021-06-05,141.46214285714376
491,nKC,2021-06-06,136.32357142857236
492,nKC,2021-06-07,128.68714285714378
493,nKC,2021-06-08,121.73000000000093
494,nKC,2021-06-09,119.96357142857235
495,nKC,2021-06-10,116.46928571428664
496,nKC,2021-06-11,114.62428571428663
497,nKC,2021-06-12,113.58714285714377
498,nKC,2021-06-13,114.91714285714376
499,nKC,2021-06-14,124.08285714285805
500,nKC,2021-06-15,107.89000000000091
501,nKC,2021-06-16,100.82428571428662
502,nKC,2021-06-17,98.69428571428662
503,nKC,2021-06-18,98.88357142857235
504,nKC,2021-06-19,102.47785714285806
505,nKC,2021-06-20,104.06285714285805
506,nKC,2021-06-21,109.32857142857233
507,nKC,2021-06-22,105.4914285714295
508,nKC,2021-06-23,103.01500000000091
509,nKC,2021-06-24,106.82928571428663
510,nKC,2021-06-25,105.33857142857235
511,nKC,2021-06-26,105.53000000000092
512,nKC,2021-06-27,103.2514285714295
513,nKC,2021-06-28,96.84357142857235
514,nKC,2021-06-29,95.64214285714378
515,nKC,2021-06-30,99.38785714285807
516,nKC,2021-07-01,104.17785714285807
517,nKC,2021-07-02,109.15071428571521
518,nKC,2021-07-03,110.8864285714295
519,nKC,2021-07-04,110.37428571428664
520,nKC,2021-07-05,105.11500000000092
521,nKC,2021-07-06,121.05928571428662
522,nKC,2021-07-07,128.96285714285804
523,nKC,2021-07-08,134.25857142857234
524,nKC,2021-07-09,145.33071428571517
525,nKC,2021-07-10,152.20285714285802
526,nKC,2021-07-11,157.98142857142943
527,nKC,2021-07-12,170.68428571428657
528,nKC,2021-07-13,182.90357142857232
529,nKC,2021-07-14,200.69785714285803
530,nKC,2021-07-15,211.97214285714375
531,nKC,2021-07-16,217.55071428571517
532,nKC,2021-07-17,221.25000000000088
533,nKC,2021-07-18,225.77214285714373
534,nKC,2021-07-19,260.69857142857234
535,nKC,2021-07-20,269.9814285714295
536,nKC,2021-07-21,292.5821428571438
537,nKC,2021-07-22,316.7185714285724
538,nKC,2021-07-23,336.88142857142947
539,nKC,2021-07-24,363.35785714285805
540,nKC,2021-07-25,368.82642857142946
541,nKC,2021-07-26,404.0864285714294
542,nKC,2021-07-27,441.39642857142945
543,nKC,2021-07-28,460.0785714285723
544,nKC,2021-07-29,495.8214285714294
545,nKC,2021-07-30,534.0857142857151
546,nKC,2021-07-31,562.392857142858
547,nKC,2021-08-01,568.1985714285722
548,nKC,2021-08-02,612.3257142857152
549,nKC,2021-08-03,659.0671428571437
550,nKC,2021-08-04,721.4414285714295
551,nKC,2021-08-05,767.6442857142866
552,nKC,2021-08-06,811.390000000001
553,nKC,2021-08-07,838.2664285714294
554,nKC,2021-08-08,847.895000000001
555,nKC,2021-08-09,898.3764285714296
556,nKC,2021-08-10,938.5235714285726
557,nKC,2021-08-11,1001.8292857142868
558,nKC,2021-08-12,1024.6785714285725
559,nKC,2021-08-13,1030.6357142857153
560,nKC,2021-08-14,1040.0542857142868
561,nKC,2021-08-15,1046.9942857142867
562,nKC,2021-08-16,1061.290000000001
563,nKC,2021-08-17,1073.6971428571437
564,nKC,2021-08-18,1046.9842857142867
565,nKC,2021-08-19,1036.7464285714295
566,nKC,2021-08-20,1027.3871428571438
567,nKC,2021-08-21,1014.8571428571438
568,nKC,2021-08-22,1011.892857142858
569,nKC,2021-08-23,999.0914285714294
570,nKC,2021-08-24,999.4235714285722
571,nKC,2021-08-25,977.7492857142867
572,nKC,2021-08-26,979.9100000000009
573,nKC,2021-08-27,996.3450000000009
574,nKC,2021-08-28,998.4335714285723
575,nKC,2021-08-29,1002.3407142857151
576,nKC,2021-08-30,978.8000000000009
577,nKC,2021-08-31,971.7114285714295
578,nKC,2021-09-01,965.8457142857152
579,nKC,2021-09-02,956.4235714285724
580,nKC,2021-09-03,940.705000000001
581,nKC,2021-09-04,944.2271428571439
582,nKC,2021-09-05,950.0378571428581
583,nKC,2021-09-06,891.7057142857153
584,nKC,2021-09-07,891.9107142857152
585,nKC,2021-09-08,885.1378571428579
586,nKC,2021-09-09,906.4021428571438
587,nKC,2021-09-10,905.0421428571436
588,nKC,2021-09-11,890.0971428571437
589,nKC,2021-09-12,886.9292857142865
590,nKC,2021-09-13,905.4878571428579
591,nKC,2021-09-14,897.2364285714293
592,nKC,2021-09-15,887.1121428571435
593,nKC,2021-09-16,880.2657142857149
594,nKC,2021-09-17,877.7807142857148
595,nKC,2021-09-18,857.7521428571434
596,nKC,2021-09-19,849.4285714285721
597,nKC,2021-09-20,881.1735714285721
598,nKC,2021-09-21,849.2971428571436
599,nKC,2021-09-22,827.2264285714293
600,nKC,2021-09-23,781.1928571428579
601,nKC,2021-09-24,758.5178571428579
602,nKC,2021-09-25,765.5035714285722
603,nKC,2021-09-26,762.1350000000008
604,nKC,2021-09-27,753.8985714285722
605,nKC,2021-09-28,742.455714285715
606,nKC,2021-09-29,747.1807142857151
607,nKC,2021-09-30,744.4750000000007
608,nKC,2021-10-01,755.657857142858
609,nKC,2021-10-02,769.4914285714293
610,nKC,2021-10-03,776.150714285715
611,nKC,2021-10-04,785.528571428572
612,nKC,2021-10-05,767.3071428571435
613,nKC,2021-10-06,776.6250000000007
614,nKC,2021-10-07,773.4592857142864
615,nKC,2021-10-08,773.7192857142865
616,nKC,2021-10-09,772.6035714285721
617,nKC,2021-10-10,763.090714285715
618,nKC,2021-10-11,737.680714285715
619,nKC,2021-10-12,728.2921428571436
620,nKC,2021-10-13,807.2850000000008
621,nKC,2021-10-14,799.7157142857151
622,nKC,2021-10-15,791.5485714285722
623,nKC,2021-10-16,783.1342857142865
624,nKC,2021-10-17,772.0957142857151
625,nKC,2021-10-18,756.1935714285722
626,nKC,2021-10-19,761.8142857142865
627,nKC,2021-10-20,747.2114285714293
628,nKC,2021-10-21,746.3521428571436
629,nKC,2021-10-22,751.7050000000006
630,nKC,2021-10-23,737.8528571428578
631,nKC,2021-10-24,743.1050000000007
632,nKC,2021-10-25,762.9735714285722
633,nKC,2021-10-26,766.2714285714293
634,nKC,2021-10-27,693.7864285714293
635,nKC,2021-10-28,729.9314285714293
636,nKC,2021-10-29,716.4971428571436
637,nKC,2021-10-30,709.0092857142864
638,nKC,2021-10-31,707.5235714285722
639,nKC,2021-11-01,709.2100000000007
640,nKC,2021-11-02,724.9850000000007
641,nKC,2021-11-03,736.8792857142864
642,nKC,2021-11-04,744.2385714285722
643,nKC,2021-11-05,729.0707142857152
644,nKC,2021-11-06,732.9335714285723
645,nKC,2021-11-07,732.4157142857151
646,nKC,2021-11-08,707.645000000001
647,nKC,2021-11-09,685.9407142857152
648,nKC,2021-11-10,656.9857142857153
649,nKC,2021-11-11,603.855000000001
650,nKC,2021-11-12,608.6121428571438
651,nKC,2021-11-13,615.4621428571437
652,nKC,2021-11-14,615.1200000000009
653,nKC,2021-11-15,631.8550000000008
654,nKC,2021-11-16,609.107857142858
655,nKC,2021-11-17,582.6892857142866
656,nKC,2021-11-18,563.6264285714295
657,nKC,2021-11-19,560.8071428571437
658,nKC,2021-11-20,555.9300000000009
659,nKC,2021-11-21,553.6257142857152
660,nKC,2021-11-22,537.657857142858
661,nKC,2021-11-23,544.6592857142866
662,nKC,2021-11-24,542.005000000001
663,nKC,2021-11-25,514.4992857142868
664,nKC,2021-11-26,505.1578571428582
665,nKC,2021-11-27,510.9435714285725
666,nKC,2021-11-28,515.1542857142869
667,nKC,2021-11-29,497.43785714285826
668,nKC,2021-11-30,510.2778571428582
669,nKC,2021-12-01,526.3278571428582
670,nKC,2021-12-02,533.4500000000011
671,nKC,2021-12-03,526.5121428571439
672,nKC,2021-12-04,523.9600000000011
673,nKC,2021-12-05,530.2178571428582
674,nKC,2021-12-06,546.4092857142869
675,nKC,2021-12-07,546.0807142857154
676,nKC,2021-12-08,568.1800000000011
677,nKC,2021-12-09,606.5914285714296
678,nKC,2021-12-10,613.4321428571438
679,nKC,2021-12-11,599.3685714285724
680,nKC,2021-12-12,600.2721428571439
681,nKC,2021-12-13,613.7478571428582
682,nKC,2021-12-14,647.9978571428582
683,nKC,2021-12-15,714.5735714285723
684,nKC,2021-12-16,773.7492857142868
685,nKC,2021-12-17,877.1864285714297
686,nKC,2021-12-18,974.6992857142868
687,nKC,2021-12-19,1045.2807142857152
688,nKC,2021-12-20,1285.8907142857154
689,nKC,2021-12-21,1629.2792857142867
690,nKC,2021-12-22,1981.510000000001
691,nKC,2021-12-23,2355.7342857142867
692,nKC,2021-12-24,2658.2714285714296
693,nKC,2021-12-25,2677.2671428571443
694,nKC,2021-12-26,2754.2207142857155
695,nKC,2021-12-27,3017.8757142857153
696,nKC,2021-12-28,3446.539285714287
697,nKC,2021-12-29,3981.7685714285726
698,nKC,2021-12-30,4325.84142857143
699,nKC,2021-12-31,4600.580714285715
700,nKC,2022-01-01,4638.834285714287
701,nKC,2022-01-02,4802.390714285715
702,nKC,2022-01-03,5453.499285714287
703,nKC,2022-01-04,6196.957857142858
704,nKC,2022-01-05,6896.02642857143
705,nKC,2022-01-06,7497.73142857143
706,nKC,2022-01-07,8023.582142857144
707,nKC,2022-01-08,8597.220714285717
708,nKC,2022-01-09,8864.61142857143
709,nKC,2022-01-10,9600.71642857143
710,nKC,2022-01-11,10059.288571428571
711,nKC,2022-01-12,10237.937142857143
712,nKC,2022-01-13,10636.787857142857
713,nKC,2022-01-14,11024.855
714,nKC,2022-01-15,11333.274285714286
715,nKC,2022-01-16,11272.163571428571
716,nKC,2022-01-17,10938.273571428572
717,nKC,2022-01-18,10617.557142857144
718,nKC,2022-01-19,10148.972142857145
719,nKC,2022-01-20,9787.27142857143
720,nKC,2022-01-21,9436.41642857143
721,nKC,2022-01-22,9161.219285714287
722,nKC,2022-01-23,8960.66142857143
723,nKC,2022-01-24,8381.375
724,nKC,2022-01-25,7826.018571428572
725,nKC,2022-01-26,7354.820714285715
726,nKC,2022-01-27,6849.597142857144
727,nKC,2022-01-28,6343.280714285715
728,nKC,2022-01-29,6060.272857142858
729,nKC,2022-01-30,5965.706428571429
730,nKC,2022-01-31,5678.917142857143
731,nKC,2022-02-01,5109.4292857142855
732,nKC,2022-02-02,4679.426428571428
733,nKC,2022-02-03,4211.139285714285
734,nKC,2022-02-04,3899.409999999999
735,nKC,2022-02-05,3698.632142857142
736,nKC,2022-02-06,3612.886428571427
737,nKC,2022-02-07,3325.0814285714273
738,nKC,2022-02-08,3052.057857142856
739,nKC,2022-02-09,2815.9864285714275
740,nKC,2022-02-10,2594.784999999999
741,nKC,2022-02-11,2405.8292857142847
742,nKC,2022-02-12,2297.939999999999
743,nKC,2022-02-13,2236.747857142856
744,nKC,2022-02-14,2029.3714285714275
745,nKC,2022-02-15,1881.864999999999
746,nKC,2022-02-16,1756.1828571428562
747,nKC,2022-02-17,1640.657142857142
748,nKC,2022-02-18,1499.697857142856
749,nKC,2022-02-19,1404.2114285714274
750,nKC,2022-02-20,1358.0014285714276
751,nKC,2022-02-21,1211.2557142857133
752,nKC,2022-02-22,1119.8071428571418
753,nKC,2022-02-23,1050.2407142857132
754,nKC,2022-02-24,978.1949999999989
755,nKC,2022-02-25,923.5821428571418
756,nKC,2022-02-26,879.4492857142848
757,nKC,2022-02-27,864.7342857142847
758,nKC,2022-02-28,805.0335714285703
759,nKC,2022-03-01,766.9792857142846
760,nKC,2022-03-02,725.7142857142846
761,nKC,2022-03-03,693.7185714285704
762,nKC,2022-03-04,659.504999999999
763,nKC,2022-03-05,637.3521428571419
764,nKC,2022-03-06,620.6678571428562
765,nKC,2022-03-07,602.2507142857132
766,nKC,2022-03-08,582.4021428571418
767,nKC,2022-03-09,574.4092857142847
768,nKC,2022-03-10,553.5242857142846
769,nKC,2022-03-11,528.5342857142847
770,nKC,2022-03-12,512.3521428571418
771,nKC,2022-03-13,501.36785714285605
772,nKC,2022-03-14,491.12999999999886
773,nKC,2022-03-15,474.6099999999989
774,nKC,2022-03-16,460.6699999999989
775,nKC,2022-03-17,453.4099999999989
776,nKC,2022-03-18,446.63071428571317
777,nKC,2022-03-19,435.79785714285606
778,nKC,2022-03-20,440.54785714285606
779,nKC,2022-03-21,452.25428571428455
780,nKC,2022-03-22,461.6871428571417
781,nKC,2022-03-23,467.8107142857131
782,nKC,2022-03-24,475.36714285714163
783,nKC,2022-03-25,490.79285714285595
784,nKC,2022-03-26,497.69928571428454
785,nKC,2022-03-27,495.3607142857131
786,sKC,2020-02-01,443.23785714285594
787,sKC,2020-02-02,407.64071428571316
788,sKC,2020-02-03,376.0785714285703
789,sKC,2020-02-04,340.3321428571417
790,sKC,2020-02-05,309.62142857142743
791,sKC,2020-02-06,289.6542857142846
792,sKC,2020-02-07,273.3192857142846
793,sKC,2020-02-08,220.71071428571318
794,sKC,2020-02-09,171.21214285714174
795,sKC,2020-02-10,115.10499999999888
796,sKC,2020-02-11,74.96071428571317
797,sKC,2020-02-12,33.16642857142745
798,sKC,2020-02-13,5.969285714284589
799,sKC,2020-02-14,0.0
800,sKC,2020-02-15,0.0
801,sKC,2020-02-16,0.0
802,sKC,2020-02-17,0.0
803,sKC,2020-02-18,0.0
804,sKC,2020-02-19,0.0
805,sKC,2020-02-20,0.0
806,sKC,2020-02-21,0.0
807,sKC,2020-02-22,0.0
808,sKC,2020-02-23,0.0
809,sKC,2020-02-24,0.0
810,sKC,2020-02-25,0.0
811,sKC,2020-02-26,0.19071428571316001
812,sKC,2020-02-27,0.33499999999887425
813,sKC,2020-02-28,0.33499999999887425
814,sKC,2020-02-29,0.7164285714274456
815,sKC,2020-03-01,0.9071428571417314
816,sKC,2020-03-02,1.237857142856017
817,sKC,2020-03-03,2.2135714285703028
818,sKC,2020-03-04,2.2135714285703028
819,sKC,2020-03-05,2.961428571427445
820,sKC,2020-03-06,5.679285714284588
821,sKC,2020-03-07,5.679285714284588
822,sKC,2020-03-08,7.423571428570303
823,sKC,2020-03-09,9.139285714284588
824,sKC,2020-03-10,11.691428571427446
825,sKC,2020-03-11,14.051428571427447
826,sKC,2020-03-12,16.776428571427445
827,sKC,2020-03-13,27.059285714284588
828,sKC,2020-03-14,30.338571428570305
829,sKC,2020-03-15,34.892857142856016
830,sKC,2020-03-16,38.92857142857031
831,sKC,2020-03-17,45.42357142857031
832,sKC,2020-03-18,53.7242857142846
833,sKC,2020-03-19,68.74071428571317
834,sKC,2020-03-20,74.80357142857032
835,sKC,2020-03-21,82.56785714285604
836,sKC,2020-03-22,87.69142857142747
837,sKC,2020-03-23,101.54285714285605
838,sKC,2020-03-24,115.82857142857033
839,sKC,2020-03-25,138.6149999999989
840,sKC,2020-03-26,155.8457142857132
841,sKC,2020-03-27,171.46857142857036
842,sKC,2020-03-28,180.43999999999892
843,sKC,2020-03-29,189.2707142857132
844,sKC,2020-03-30,216.70357142857034
845,sKC,2020-03-31,233.8614285714275
846,sKC,2020-04-01,246.1957142857132
847,sKC,2020-04-02,252.85857142857034
848,sKC,2020-04-03,267.0428571428561
849,sKC,2020-04-04,268.8335714285704
850,sKC,2020-04-05,273.56928571428466
851,sKC,2020-04-06,280.1228571428561
852,sKC,2020-04-07,287.3157142857132
853,sKC,2020-04-08,276.3757142857132
854,sKC,2020-04-09,275.3807142857132
855,sKC,2020-04-10,268.16428571428463
856,sKC,2020-04-11,265.0064285714275
857,sKC,2020-04-12,255.75785714285604
858,sKC,2020-04-13,243.07142857142748
859,sKC,2020-04-14,234.05214285714177
860,sKC,2020-04-15,236.96285714285608
861,sKC,2020-04-16,229.87357142857036
862,sKC,2020-04-17,223.0071428571418
863,sKC,2020-04-18,221.62285714285605
864,sKC,2020-04-19,215.60642857142747
865,sKC,2020-04-20,208.09928571428463
866,sKC,2020-04-21,195.69428571428466
867,sKC,2020-04-22,195.73142857142753
868,sKC,2020-04-23,186.769999999999
869,sKC,2020-04-24,183.20214285714184
870,sKC,2020-04-25,181.0842857142847
871,sKC,2020-04-26,180.6035714285704
872,sKC,2020-04-27,182.504999999999
873,sKC,2020-04-28,182.81642857142756
874,sKC,2020-04-29,174.56499999999897
875,sKC,2020-04-30,170.52428571428467
876,sKC,2020-05-01,167.88642857142753
877,sKC,2020-05-02,165.43499999999898
878,sKC,2020-05-03,163.46357142857042
879,sKC,2020-05-04,163.89285714285612
880,sKC,2020-05-05,165.1435714285704
881,sKC,2020-05-06,161.98142857142756
882,sKC,2020-05-07,162.88642857142753
883,sKC,2020-05-08,157.23928571428465
884,sKC,2020-05-09,156.55142857142752
885,sKC,2020-05-10,155.00142857142754
886,sKC,2020-05-11,144.77357142857036
887,sKC,2020-05-12,139.30071428571324
888,sKC,2020-05-13,135.6778571428561
889,sKC,2020-05-14,131.11928571428467
890,sKC,2020-05-15,128.52071428571324
891,sKC,2020-05-16,125.51928571428466
892,sKC,2020-05-17,124.93642857142751
893,sKC,2020-05-18,124.74428571428464
894,sKC,2020-05-19,119.56071428571322
895,sKC,2020-05-20,118.1521428571418
896,sKC,2020-05-21,113.81071428571322
897,sKC,2020-05-22,110.30857142857035
898,sKC,2020-05-23,106.18785714285607
899,sKC,2020-05-24,105.24499999999894
900,sKC,2020-05-25,96.42785714285607
901,sKC,2020-05-26,94.41428571428465
902,sKC,2020-05-27,88.84214285714178
903,sKC,2020-05-28,88.29928571428465
904,sKC,2020-05-29,92.15428571428465
905,sKC,2020-05-30,94.05642857142752
906,sKC,2020-05-31,92.15857142857037
907,sKC,2020-06-01,84.60857142857037
908,sKC,2020-06-02,86.75142857142751
909,sKC,2020-06-03,85.19857142857038
910,sKC,2020-06-04,85.17428571428465
911,sKC,2020-06-05,86.37857142857037
912,sKC,2020-06-06,86.71214285714179
913,sKC,2020-06-07,87.03785714285607
914,sKC,2020-06-08,91.38571428571322
915,sKC,2020-06-09,88.59928571428465
916,sKC,2020-06-10,88.75571428571321
917,sKC,2020-06-11,89.74214285714177
918,sKC,2020-06-12,86.18785714285606
919,sKC,2020-06-13,86.08857142857035
920,sKC,2020-06-14,87.84357142857034
921,sKC,2020-06-15,97.14642857142748
922,sKC,2020-06-16,99.93785714285605
923,sKC,2020-06-17,101.69857142857033
924,sKC,2020-06-18,105.46214285714177
925,sKC,2020-06-19,108.93428571428463
926,sKC,2020-06-20,114.62285714285606
927,sKC,2020-06-21,117.98285714285605
928,sKC,2020-06-22,130.25142857142748
929,sKC,2020-06-23,141.90642857142748
930,sKC,2020-06-24,152.7564285714275
931,sKC,2020-06-25,162.52142857142752
932,sKC,2020-06-26,161.87785714285607
933,sKC,2020-06-27,167.8014285714275
934,sKC,2020-06-28,169.82999999999893
935,sKC,2020-06-29,176.74499999999895
936,sKC,2020-06-30,183.2235714285704
937,sKC,2020-07-01,195.38142857142753
938,sKC,2020-07-02,207.82857142857043
939,sKC,2020-07-03,210.789999999999
940,sKC,2020-07-04,208.14857142857042
941,sKC,2020-07-05,210.94285714285613
942,sKC,2020-07-06,219.319999999999
943,sKC,2020-07-07,229.60428571428474
944,sKC,2020-07-08,234.59071428571332
945,sKC,2020-07-09,243.51785714285617
946,sKC,2020-07-10,258.51928571428476
947,sKC,2020-07-11,259.54428571428474
948,sKC,2020-07-12,263.9785714285705
949,sKC,2020-07-13,267.96928571428475
950,sKC,2020-07-14,275.7592857142848
951,sKC,2020-07-15,279.6385714285705
952,sKC,2020-07-16,279.0128571428562
953,sKC,2020-07-17,295.1035714285705
954,sKC,2020-07-18,300.3464285714276
955,sKC,2020-07-19,302.20642857142764
956,sKC,2020-07-20,303.7764285714276
957,sKC,2020-07-21,306.4707142857133
958,sKC,2020-07-22,311.6085714285705
959,sKC,2020-07-23,310.37285714285616
960,sKC,2020-07-24,301.76857142857045
961,sKC,2020-07-25,305.84857142857044
962,sKC,2020-07-26,304.0964285714276
963,sKC,2020-07-27,303.8592857142848
964,sKC,2020-07-28,306.1635714285705
965,sKC,2020-07-29,306.6242857142848
966,sKC,2020-07-30,309.99571428571335
967,sKC,2020-07-31,298.71428571428476
968,sKC,2020-08-01,296.3821428571419
969,sKC,2020-08-02,292.95071428571333
970,sKC,2020-08-03,284.16928571428474
971,sKC,2020-08-04,278.12285714285616
972,sKC,2020-08-05,268.98499999999905
973,sKC,2020-08-06,263.4392857142847
974,sKC,2020-08-07,264.6864285714276
975,sKC,2020-08-08,261.48928571428473
976,sKC,2020-08-09,261.82571428571333
977,sKC,2020-08-10,256.80785714285616
978,sKC,2020-08-11,253.38428571428472
979,sKC,2020-08-12,249.05571428571326
980,sKC,2020-08-13,240.8342857142847
981,sKC,2020-08-14,252.10642857142756
982,sKC,2020-08-15,260.40571428571326
983,sKC,2020-08-16,259.04142857142756
984,sKC,2020-08-17,264.32714285714184
985,sKC,2020-08-18,258.47571428571325
986,sKC,2020-08-19,264.47642857142756
987,sKC,2020-08-20,265.75142857142754
988,sKC,2020-08-21,269.9792857142847
989,sKC,2020-08-22,265.99714285714185
990,sKC,2020-08-23,265.4607142857133
991,sKC,2020-08-24,264.3421428571419
992,sKC,2020-08-25,258.01928571428476
993,sKC,2020-08-26,253.0121428571419
994,sKC,2020-08-27,253.09071428571332
995,sKC,2020-08-28,236.89499999999904
996,sKC,2020-08-29,229.9678571428562
997,sKC,2020-08-30,231.47785714285618
998,sKC,2020-08-31,223.40142857142763
999,sKC,2020-09-01,223.0621428571419
1000,sKC,2020-09-02,215.85857142857046
1001,sKC,2020-09-03,213.5464285714276
1002,sKC,2020-09-04,205.26928571428473
1003,sKC,2020-09-05,208.7207142857133
1004,sKC,2020-09-06,205.4464285714276
1005,sKC,2020-09-07,191.25857142857043
1006,sKC,2020-09-08,186.4364285714276
1007,sKC,2020-09-09,186.60071428571334
1008,sKC,2020-09-10,177.89785714285622
1009,sKC,2020-09-11,172.5078571428562
1010,sKC,2020-09-12,168.63142857142765
1011,sKC,2020-09-13,164.57499999999908
1012,sKC,2020-09-14,161.5871428571419
1013,sKC,2020-09-15,151.0614285714276
1014,sKC,2020-09-16,142.91999999999902
1015,sKC,2020-09-17,136.68999999999903
1016,sKC,2020-09-18,131.44357142857046
1017,sKC,2020-09-19,128.91428571428474
1018,sKC,2020-09-20,127.25785714285617
1019,sKC,2020-09-21,132.24785714285616
1020,sKC,2020-09-22,128.30428571428473
1021,sKC,2020-09-23,126.68428571428474
1022,sKC,2020-09-24,133.58928571428473
1023,sKC,2020-09-25,140.14785714285617
1024,sKC,2020-09-26,145.07071428571334
1025,sKC,2020-09-27,145.98642857142758
1026,sKC,2020-09-28,152.82785714285617
1027,sKC,2020-09-29,163.06285714285622
1028,sKC,2020-09-30,175.77214285714194
1029,sKC,2020-10-01,183.9492857142848
1030,sKC,2020-10-02,194.95214285714195
1031,sKC,2020-10-03,203.32214285714193
1032,sKC,2020-10-04,206.3935714285705
1033,sKC,2020-10-05,218.91714285714193
1034,sKC,2020-10-06,234.08499999999907
1035,sKC,2020-10-07,244.38499999999908
1036,sKC,2020-10-08,250.11499999999907
1037,sKC,2020-10-09,264.8164285714276
1038,sKC,2020-10-10,267.6185714285705
1039,sKC,2020-10-11,267.8614285714276
1040,sKC,2020-10-12,273.2528571428562
1041,sKC,2020-10-13,272.2385714285705
1042,sKC,2020-10-14,273.8528571428562
1043,sKC,2020-10-15,275.5942857142847
1044,sKC,2020-10-16,276.8192857142847
1045,sKC,2020-10-17,273.72428571428475
1046,sKC,2020-10-18,271.90357142857044
1047,sKC,2020-10-19,281.0664285714276
1048,sKC,2020-10-20,285.10928571428474
1049,sKC,2020-10-21,285.1992857142847
1050,sKC,2020-10-22,294.4764285714276
1051,sKC,2020-10-23,299.43857142857047
1052,sKC,2020-10-24,314.4628571428562
1053,sKC,2020-10-25,317.8207142857133
1054,sKC,2020-10-26,338.1785714285705
1055,sKC,2020-10-27,359.56999999999897
1056,sKC,2020-10-28,396.90428571428475
1057,sKC,2020-10-29,422.93857142857047
1058,sKC,2020-10-30,453.01642857142764
1059,sKC,2020-10-31,473.62357142857053
1060,sKC,2020-11-01,478.42642857142766
1061,sKC,2020-11-02,508.9314285714277
1062,sKC,2020-11-03,534.7428571428563
1063,sKC,2020-11-04,573.5192857142848
1064,sKC,2020-11-05,610.1071428571421
1065,sKC,2020-11-06,642.5435714285707
1066,sKC,2020-11-07,672.0899999999992
1067,sKC,2020-11-08,678.7657142857136
1068,sKC,2020-11-09,718.3271428571422
1069,sKC,2020-11-10,775.9192857142851
1070,sKC,2020-11-11,795.4164285714279
1071,sKC,2020-11-12,852.3214285714279
1072,sKC,2020-11-13,904.4671428571421
1073,sKC,2020-11-14,950.1964285714278
1074,sKC,2020-11-15,965.8214285714278
1075,sKC,2020-11-16,1040.1985714285706
1076,sKC,2020-11-17,1100.5328571428565
1077,sKC,2020-11-18,1149.0407142857136
1078,sKC,2020-11-19,1182.1942857142851
1079,sKC,2020-11-20,1251.1699999999994
1080,sKC,2020-11-21,1273.336428571428
1081,sKC,2020-11-22,1290.6949999999995
1082,sKC,2020-11-23,1340.6728571428564
1083,sKC,2020-11-24,1359.5578571428564
1084,sKC,2020-11-25,1386.9078571428565
1085,sKC,2020-11-26,1295.1135714285708
1086,sKC,2020-11-27,1301.419285714285
1087,sKC,2020-11-28,1318.9621428571422
1088,sKC,2020-11-29,1321.6507142857135
1089,sKC,2020-11-30,1322.8549999999993
1090,sKC,2020-12-01,1308.7807142857134
1091,sKC,2020-12-02,1290.1528571428564
1092,sKC,2020-12-03,1301.5907142857136
1093,sKC,2020-12-04,1262.0707142857136
1094,sKC,2020-12-05,1254.716428571428
1095,sKC,2020-12-06,1249.081428571428
1096,sKC,2020-12-07,1259.2578571428567
1097,sKC,2020-12-08,1235.535714285714
1098,sKC,2020-12-09,1224.0992857142853
1099,sKC,2020-12-10,1302.1685714285709
1100,sKC,2020-12-11,1279.9621428571425
1101,sKC,2020-12-12,1251.5578571428566
1102,sKC,2020-12-13,1244.0778571428566
1103,sKC,2020-12-14,1221.6378571428565
1104,sKC,2020-12-15,1204.7071428571423
1105,sKC,2020-12-16,1194.493571428571
1106,sKC,2020-12-17,1173.108571428571
1107,sKC,2020-12-18,1151.0471428571425
1108,sKC,2020-12-19,1131.5257142857138
1109,sKC,2020-12-20,1128.8064285714281
1110,sKC,2020-12-21,1075.4492857142852
1111,sKC,2020-12-22,1072.7599999999995
1112,sKC,2020-12-23,1042.501428571428
1113,sKC,2020-12-24,994.7921428571423
1114,sKC,2020-12-25,912.3614285714278
1115,sKC,2020-12-26,914.3749999999992
1116,sKC,2020-12-27,913.4257142857134
1117,sKC,2020-12-28,905.672142857142
1118,sKC,2020-12-29,909.7007142857136
1119,sKC,2020-12-30,901.8114285714279
1120,sKC,2020-12-31,890.5328571428564
1121,sKC,2021-01-01,831.4092857142849
1122,sKC,2021-01-02,875.0364285714278
1123,sKC,2021-01-03,872.6857142857135
1124,sKC,2021-01-04,894.9764285714278
1125,sKC,2021-01-05,905.7157142857135
1126,sKC,2021-01-06,936.5078571428564
1127,sKC,2021-01-07,978.316428571428
1128,sKC,2021-01-08,1045.6035714285708
1129,sKC,2021-01-09,1034.3442857142852
1130,sKC,2021-01-10,1031.028571428571
1131,sKC,2021-01-11,1002.1399999999995
1132,sKC,2021-01-12,975.3892857142853
1133,sKC,2021-01-13,947.333571428571
1134,sKC,2021-01-14,923.8871428571423
1135,sKC,2021-01-15,960.2428571428566
1136,sKC,2021-01-16,901.5407142857138
1137,sKC,2021-01-17,899.3671428571423
1138,sKC,2021-01-18,831.8635714285709
1139,sKC,2021-01-19,796.0157142857137
1140,sKC,2021-01-20,754.6807142857139
1141,sKC,2021-01-21,720.0049999999994
1142,sKC,2021-01-22,696.2221428571422
1143,sKC,2021-01-23,672.3285714285709
1144,sKC,2021-01-24,669.2957142857136
1145,sKC,2021-01-25,641.7078571428565
1146,sKC,2021-01-26,621.5421428571423
1147,sKC,2021-01-27,612.0407142857136
1148,sKC,2021-01-28,591.6785714285708
1149,sKC,2021-01-29,578.0378571428565
1150,sKC,2021-01-30,575.1428571428565
1151,sKC,2021-01-31,573.3764285714279
1152,sKC,2021-02-01,577.2707142857137
1153,sKC,2021-02-02,561.226428571428
1154,sKC,2021-02-03,553.0221428571423
1155,sKC,2021-02-04,538.9221428571421
1156,sKC,2021-02-05,520.2764285714279
1157,sKC,2021-02-06,510.15428571428504
1158,sKC,2021-02-07,505.5242857142851
1159,sKC,2021-02-08,493.6957142857137
1160,sKC,2021-02-09,489.5192857142851
1161,sKC,2021-02-10,475.8864285714279
1162,sKC,2021-02-11,474.03142857142797
1163,sKC,2021-02-12,463.41642857142796
1164,sKC,2021-02-13,431.99571428571375
1165,sKC,2021-02-14,421.7171428571423
1166,sKC,2021-02-15,388.3235714285708
1167,sKC,2021-02-16,382.28857142857083
1168,sKC,2021-02-17,358.59857142857084
1169,sKC,2021-02-18,350.2157142857137
1170,sKC,2021-02-19,335.856428571428
1171,sKC,2021-02-20,330.7728571428566
1172,sKC,2021-02-21,333.4499999999994
1173,sKC,2021-02-22,320.34928571428514
1174,sKC,2021-02-23,307.71142857142803
1175,sKC,2021-02-24,303.2842857142852
1176,sKC,2021-02-25,297.6071428571423
1177,sKC,2021-02-26,290.6792857142852
1178,sKC,2021-02-27,310.226428571428
1179,sKC,2021-02-28,317.43857142857087
1180,sKC,2021-03-01,323.81142857142805
1181,sKC,2021-03-02,310.486428571428
1182,sKC,2021-03-03,307.64142857142804
1183,sKC,2021-03-04,298.26928571428516
1184,sKC,2021-03-05,302.76357142857086
1185,sKC,2021-03-06,295.4785714285709
1186,sKC,2021-03-07,298.42571428571375
1187,sKC,2021-03-08,303.32071428571373
1188,sKC,2021-03-09,308.231428571428
1189,sKC,2021-03-10,320.12142857142805
1190,sKC,2021-03-11,325.8028571428566
1191,sKC,2021-03-12,342.00571428571374
1192,sKC,2021-03-13,342.90499999999946
1193,sKC,2021-03-14,338.01714285714235
1194,sKC,2021-03-15,356.4378571428566
1195,sKC,2021-03-16,367.1935714285709
1196,sKC,2021-03-17,381.6364285714281
1197,sKC,2021-03-18,403.7892857142852
1198,sKC,2021-03-19,415.4585714285709
1199,sKC,2021-03-20,432.3371428571423
1200,sKC,2021-03-21,433.08142857142803
1201,sKC,2021-03-22,457.7878571428565
1202,sKC,2021-03-23,482.79357142857083
1203,sKC,2021-03-24,496.8314285714279
1204,sKC,2021-03-25,515.8707142857137
1205,sKC,2021-03-26,526.801428571428
1206,sKC,2021-03-27,550.8971428571423
1207,sKC,2021-03-28,557.9992857142852
1208,sKC,2021-03-29,569.8421428571423
1209,sKC,2021-03-30,583.9264285714281
1210,sKC,2021-03-31,596.9899999999997
1211,sKC,2021-04-01,607.5949999999996
1212,sKC,2021-04-02,623.871428571428
1213,sKC,2021-04-03,628.3078571428567
1214,sKC,2021-04-04,630.3749999999997
1215,sKC,2021-04-05,630.0692857142855
1216,sKC,2021-04-06,617.2757142857141
1217,sKC,2021-04-07,619.5642857142855
1218,sKC,2021-04-08,612.2992857142855
1219,sKC,2021-04-09,619.6792857142855
1220,sKC,2021-04-10,604.1714285714282
1221,sKC,2021-04-11,604.9328571428568
1222,sKC,2021-04-12,619.9092857142854
1223,sKC,2021-04-13,622.085714285714
1224,sKC,2021-04-14,637.7299999999996
1225,sKC,2021-04-15,642.9899999999996
1226,sKC,2021-04-16,651.6142857142852
1227,sKC,2021-04-17,664.2542857142852
1228,sKC,2021-04-18,668.5678571428565
1229,sKC,2021-04-19,685.9049999999994
1230,sKC,2021-04-20,718.7364285714278
1231,sKC,2021-04-21,736.1057142857136
1232,sKC,2021-04-22,746.9349999999993
1233,sKC,2021-04-23,745.4771428571421
1234,sKC,2021-04-24,754.709285714285
1235,sKC,2021-04-25,755.2792857142849
1236,sKC,2021-04-26,758.9685714285706
1237,sKC,2021-04-27,781.6521428571422
1238,sKC,2021-04-28,786.4249999999994
1239,sKC,2021-04-29,800.2128571428566
1240,sKC,2021-04-30,796.9742857142852
1241,sKC,2021-05-01,779.1907142857137
1242,sKC,2021-05-02,780.9171428571424
1243,sKC,2021-05-03,779.7621428571423
1244,sKC,2021-05-04,760.2292857142853
1245,sKC,2021-05-05,743.9428571428567
1246,sKC,2021-05-06,737.7507142857138
1247,sKC,2021-05-07,725.4335714285709
1248,sKC,2021-05-08,709.5892857142852
1249,sKC,2021-05-09,703.2714285714281
1250,sKC,2021-05-10,680.9064285714281
1251,sKC,2021-05-11,649.8142857142853
1252,sKC,2021-05-12,619.9407142857137
1253,sKC,2021-05-13,585.1692857142853
1254,sKC,2021-05-14,561.7142857142852
1255,sKC,2021-05-15,553.6235714285709
1256,sKC,2021-05-16,541.1321428571424
1257,sKC,2021-05-17,516.753571428571
1258,sKC,2021-05-18,486.63571428571385
1259,sKC,2021-05-19,457.04714285714243
1260,sKC,2021-05-20,427.4628571428567
1261,sKC,2021-05-21,405.68285714285673
1262,sKC,2021-05-22,395.14571428571384
1263,sKC,2021-05-23,390.5092857142853
1264,sKC,2021-05-24,361.0264285714281
1265,sKC,2021-05-25,334.4599999999995
1266,sKC,2021-05-26,313.82142857142804
1267,sKC,2021-05-27,299.52785714285665
1268,sKC,2021-05-28,287.0457142857138
1269,sKC,2021-05-29,276.25285714285667
1270,sKC,2021-05-30,271.6107142857138
1271,sKC,2021-05-31,235.19142857142808
1272,sKC,2021-06-01,230.84499999999952
1273,sKC,2021-06-02,226.8507142857138
1274,sKC,2021-06-03,220.64285714285666
1275,sKC,2021-06-04,215.54714285714235
1276,sKC,2021-06-05,210.3442857142852
1277,sKC,2021-06-06,209.07357142857092
1278,sKC,2021-06-07,201.29571428571376
1279,sKC,2021-06-08,196.01214285714232
1280,sKC,2021-06-09,188.89642857142803
1281,sKC,2021-06-10,177.00214285714233
1282,sKC,2021-06-11,170.89999999999944
1283,sKC,2021-06-12,165.45785714285657
1284,sKC,2021-06-13,165.28714285714227
1285,sKC,2021-06-14,164.27357142857085
1286,sKC,2021-06-15,150.04714285714226
1287,sKC,2021-06-16,141.4999999999994
1288,sKC,2021-06-17,136.0542857142851
1289,sKC,2021-06-18,134.17285714285654
1290,sKC,2021-06-19,132.8192857142851
1291,sKC,2021-06-20,131.49571428571366
1292,sKC,2021-06-21,128.85428571428508
1293,sKC,2021-06-22,121.38928571428508
1294,sKC,2021-06-23,118.67928571428509
1295,sKC,2021-06-24,120.69357142857079
1296,sKC,2021-06-25,120.04714285714223
1297,sKC,2021-06-26,116.73571428571366
1298,sKC,2021-06-27,114.5478571428565
1299,sKC,2021-06-28,109.78571428571364
1300,sKC,2021-06-29,114.85642857142793
1301,sKC,2021-06-30,115.5321428571422
1302,sKC,2021-07-01,118.86714285714221
1303,sKC,2021-07-02,116.30642857142792
1304,sKC,2021-07-03,112.5678571428565
1305,sKC,2021-07-04,113.0928571428565
1306,sKC,2021-07-05,109.99357142857079
1307,sKC,2021-07-06,117.71642857142793
1308,sKC,2021-07-07,127.48071428571363
1309,sKC,2021-07-08,131.4335714285708
1310,sKC,2021-07-09,136.58499999999933
1311,sKC,2021-07-10,151.72714285714218
1312,sKC,2021-07-11,158.41642857142787
1313,sKC,2021-07-12,171.11785714285648
1314,sKC,2021-07-13,170.81785714285644
1315,sKC,2021-07-14,181.06142857142785
1316,sKC,2021-07-15,185.80642857142786
1317,sKC,2021-07-16,199.72785714285644
1318,sKC,2021-07-17,209.01785714285643
1319,sKC,2021-07-18,213.64214285714212
1320,sKC,2021-07-19,235.7235714285707
1321,sKC,2021-07-20,250.06571428571354
1322,sKC,2021-07-21,258.2821428571421
1323,sKC,2021-07-22,269.9907142857135
1324,sKC,2021-07-23,277.77285714285637
1325,sKC,2021-07-24,285.87999999999926
1326,sKC,2021-07-25,290.24142857142783
1327,sKC,2021-07-26,311.5285714285707
1328,sKC,2021-07-27,337.20642857142786
1329,sKC,2021-07-28,361.96214285714217
1330,sKC,2021-07-29,398.9057142857136
1331,sKC,2021-07-30,420.29857142857065
1332,sKC,2021-07-31,438.94285714285644
1333,sKC,2021-08-01,445.26499999999925
1334,sKC,2021-08-02,494.4807142857135
1335,sKC,2021-08-03,525.562142857142
1336,sKC,2021-08-04,565.7185714285707
1337,sKC,2021-08-05,615.7328571428563
1338,sKC,2021-08-06,663.9785714285707
1339,sKC,2021-08-07,699.1885714285708
1340,sKC,2021-08-08,720.7964285714279
1341,sKC,2021-08-09,788.3735714285707
1342,sKC,2021-08-10,840.1414285714279
1343,sKC,2021-08-11,871.9314285714279
1344,sKC,2021-08-12,888.3792857142851
1345,sKC,2021-08-13,917.9778571428564
1346,sKC,2021-08-14,944.6485714285707
1347,sKC,2021-08-15,961.2999999999993
1348,sKC,2021-08-16,1019.9371428571422
1349,sKC,2021-08-17,1047.0085714285708
1350,sKC,2021-08-18,1059.474285714285
1351,sKC,2021-08-19,1074.8378571428566
1352,sKC,2021-08-20,1095.1507142857138
1353,sKC,2021-08-21,1097.0771428571422
1354,sKC,2021-08-22,1086.101428571428
1355,sKC,2021-08-23,1098.4914285714278
1356,sKC,2021-08-24,1111.8457142857135
1357,sKC,2021-08-25,1115.2264285714277
1358,sKC,2021-08-26,1133.5885714285707
1359,sKC,2021-08-27,1140.3871428571422
1360,sKC,2021-08-28,1144.5357142857138
1361,sKC,2021-08-29,1141.7892857142854
1362,sKC,2021-08-30,1114.1128571428567
1363,sKC,2021-08-31,1123.3864285714283
1364,sKC,2021-09-01,1124.9528571428566
1365,sKC,2021-09-02,1118.9757142857138
1366,sKC,2021-09-03,1106.6549999999995
1367,sKC,2021-09-04,1103.5914285714282
1368,sKC,2021-09-05,1101.1192857142853
1369,sKC,2021-09-06,1039.2978571428566
1370,sKC,2021-09-07,1074.1442857142852
1371,sKC,2021-09-08,1086.0449999999994
1372,sKC,2021-09-09,1084.8642857142852
1373,sKC,2021-09-10,1073.018571428571
1374,sKC,2021-09-11,1068.450714285714
1375,sKC,2021-09-12,1055.5228571428568
1376,sKC,2021-09-13,1043.258571428571
1377,sKC,2021-09-14,1026.981428571428
1378,sKC,2021-09-15,1013.7971428571425
1379,sKC,2021-09-16,1003.8792857142853
1380,sKC,2021-09-17,978.943571428571
1381,sKC,2021-09-18,961.9942857142852
1382,sKC,2021-09-19,960.7407142857138
1383,sKC,2021-09-20,998.6571428571424
1384,sKC,2021-09-21,944.7007142857138
1385,sKC,2021-09-22,929.3792857142853
1386,sKC,2021-09-23,916.4814285714281
1387,sKC,2021-09-24,916.0635714285709
1388,sKC,2021-09-25,904.8642857142851
1389,sKC,2021-09-26,904.3342857142851
1390,sKC,2021-09-27,909.5371428571422
1391,sKC,2021-09-28,891.2357142857136
1392,sKC,2021-09-29,890.4035714285707
1393,sKC,2021-09-30,873.4821428571421
1394,sKC,2021-10-01,892.3235714285707
1395,sKC,2021-10-02,896.9692857142851
1396,sKC,2021-10-03,891.8285714285709
1397,sKC,2021-10-04,875.3392857142851
1398,sKC,2021-10-05,851.1085714285708
1399,sKC,2021-10-06,836.8292857142851
1400,sKC,2021-10-07,827.0271428571422
1401,sKC,2021-10-08,804.8107142857136
1402,sKC,2021-10-09,792.6199999999993
1403,sKC,2021-10-10,793.3521428571422
1404,sKC,2021-10-11,757.3328571428566
1405,sKC,2021-10-12,754.2792857142852
1406,sKC,2021-10-13,749.336428571428
1407,sKC,2021-10-14,749.9007142857138
1408,sKC,2021-10-15,729.0807142857138
1409,sKC,2021-10-16,723.9242857142852
1410,sKC,2021-10-17,723.1821428571423
1411,sKC,2021-10-18,732.9735714285708
1412,sKC,2021-10-19,726.3928571428565
1413,sKC,2021-10-20,716.8135714285708
1414,sKC,2021-10-21,710.8999999999994
1415,sKC,2021-10-22,716.6357142857136
1416,sKC,2021-10-23,719.6835714285708
1417,sKC,2021-10-24,716.5071428571422
1418,sKC,2021-10-25,731.5771428571422
1419,sKC,2021-10-26,724.1707142857138
1420,sKC,2021-10-27,712.3978571428567
1421,sKC,2021-10-28,701.4392857142851
1422,sKC,2021-10-29,692.9007142857138
1423,sKC,2021-10-30,687.0421428571424
1424,sKC,2021-10-31,684.0649999999995
1425,sKC,2021-11-01,647.1542857142852
1426,sKC,2021-11-02,644.871428571428
1427,sKC,2021-11-03,628.408571428571
1428,sKC,2021-11-04,616.0749999999996
1429,sKC,2021-11-05,602.0878571428567
1430,sKC,2021-11-06,593.2692857142854
1431,sKC,2021-11-07,592.5242857142854
1432,sKC,2021-11-08,566.8807142857139
1433,sKC,2021-11-09,553.8235714285711
1434,sKC,2021-11-10,537.7692857142854
1435,sKC,2021-11-11,522.8421428571426
1436,sKC,2021-11-12,518.7535714285711
1437,sKC,2021-11-13,514.7521428571425
1438,sKC,2021-11-14,512.783571428571
1439,sKC,2021-11-15,500.3507142857139
1440,sKC,2021-11-16,493.7214285714282
1441,sKC,2021-11-17,493.87785714285684
1442,sKC,2021-11-18,480.2435714285711
1443,sKC,2021-11-19,471.7221428571425
1444,sKC,2021-11-20,462.5064285714283
1445,sKC,2021-11-21,457.4964285714282
1446,sKC,2021-11-22,439.2178571428568
1447,sKC,2021-11-23,427.9471428571425
1448,sKC,2021-11-24,431.49142857142823
1449,sKC,2021-11-25,402.20357142857114
1450,sKC,2021-11-26,385.68214285714254
1451,sKC,2021-11-27,379.7649999999997
1452,sKC,2021-11-28,383.365714285714
1453,sKC,2021-11-29,403.99285714285685
1454,sKC,2021-11-30,402.3014285714283
1455,sKC,2021-12-01,405.52857142857107
1456,sKC,2021-12-02,410.1178571428568
1457,sKC,2021-12-03,421.0164285714282
1458,sKC,2021-12-04,417.30285714285674
1459,sKC,2021-12-05,417.0207142857139
1460,sKC,2021-12-06,416.2035714285711
1461,sKC,2021-12-07,421.7728571428568
1462,sKC,2021-12-08,412.58785714285676
1463,sKC,2021-12-09,434.7549999999996
1464,sKC,2021-12-10,445.28214285714245
1465,sKC,2021-12-11,450.97285714285675
1466,sKC,2021-12-12,451.2478571428568
1467,sKC,2021-12-13,461.27499999999964
1468,sKC,2021-12-14,492.1042857142853
1469,sKC,2021-12-15,533.608571428571
1470,sKC,2021-12-16,588.0621428571425
1471,sKC,2021-12-17,651.8771428571425
1472,sKC,2021-12-18,731.835714285714
1473,sKC,2021-12-19,764.4942857142853
1474,sKC,2021-12-20,960.868571428571
1475,sKC,2021-12-21,1199.3178571428568
1476,sKC,2021-12-22,1459.9028571428569
1477,sKC,2021-12-23,1745.3878571428565
1478,sKC,2021-12-24,1941.233571428571
1479,sKC,2021-12-25,1954.6764285714282
1480,sKC,2021-12-26,1987.7399999999996
1481,sKC,2021-12-27,2137.3214285714284
1482,sKC,2021-12-28,2452.075714285714
1483,sKC,2021-12-29,2999.195
1484,sKC,2021-12-30,3276.0450000000005
1485,sKC,2021-12-31,3565.365714285715
1486,sKC,2022-01-01,3588.727142857144
1487,sKC,2022-01-02,3714.82142857143
1488,sKC,2022-01-03,4298.405000000001
1489,sKC,2022-01-04,4988.6900000000005
1490,sKC,2022-01-05,5535.088571428571
1491,sKC,2022-01-06,6039.3378571428575
1492,sKC,2022-01-07,6598.6
1493,sKC,2022-01-08,7031.3778571428575
1494,sKC,2022-01-09,7176.314285714287
1495,sKC,2022-01-10,7839.860714285715
1496,sKC,2022-01-11,8204.12785714286
1497,sKC,2022-01-12,8290.605714285715
1498,sKC,2022-01-13,8627.105714285715
1499,sKC,2022-01-14,8889.058571428573
1500,sKC,2022-01-15,9162.635714285716
1501,sKC,2022-01-16,9098.214285714288
1502,sKC,2022-01-17,8787.140714285717
1503,sKC,2022-01-18,8473.822142857145
1504,sKC,2022-01-19,8142.58642857143
1505,sKC,2022-01-20,7840.623571428573
1506,sKC,2022-01-21,7473.260000000002
1507,sKC,2022-01-22,7268.036428571431
1508,sKC,2022-01-23,7166.315714285717
1509,sKC,2022-01-24,6715.350000000003
1510,sKC,2022-01-25,6311.290714285717
1511,sKC,2022-01-26,5873.320714285716
1512,sKC,2022-01-27,5411.245000000003
1513,sKC,2022-01-28,4963.420714285718
1514,sKC,2022-01-29,4684.708571428574
1515,sKC,2022-01-30,4631.930000000003
1516,sKC,2022-01-31,4375.048571428575
1517,sKC,2022-02-01,3931.217857142861
1518,sKC,2022-02-02,3572.325000000004
1519,sKC,2022-02-03,3189.922142857147
1520,sKC,2022-02-04,2894.3500000000035
1521,sKC,2022-02-05,2698.110714285718
1522,sKC,2022-02-06,2642.7057142857184
1523,sKC,2022-02-07,2341.0935714285756
1524,sKC,2022-02-08,2085.4585714285754
1525,sKC,2022-02-09,1892.572857142861
1526,sKC,2022-02-10,1733.5614285714323
1527,sKC,2022-02-11,1591.5657142857178
1528,sKC,2022-02-12,1514.9321428571463
1529,sKC,2022-02-13,1481.9678571428608
1530,sKC,2022-02-14,1313.4300000000037
1531,sKC,2022-02-15,1158.0342857142894
1532,sKC,2022-02-16,1061.8571428571465
1533,sKC,2022-02-17,983.6121428571466
1534,sKC,2022-02-18,885.1364285714324
1535,sKC,2022-02-19,835.8564285714323
1536,sKC,2022-02-20,814.5407142857181
1537,sKC,2022-02-21,716.4371428571467
1538,sKC,2022-02-22,662.2471428571467
1539,sKC,2022-02-23,608.5521428571467
1540,sKC,2022-02-24,548.627857142861
1541,sKC,2022-02-25,509.1378571428609
1542,sKC,2022-02-26,490.62357142857525
1543,sKC,2022-02-27,483.9892857142895
1544,sKC,2022-02-28,429.85357142857526
1545,sKC,2022-03-01,401.7185714285752
1546,sKC,2022-03-02,376.7428571428609
1547,sKC,2022-03-03,340.2271428571466
1548,sKC,2022-03-04,329.35000000000366
1549,sKC,2022-03-05,309.99642857143226
1550,sKC,2022-03-06,302.580714285718
1551,sKC,2022-03-07,287.68214285714663
1552,sKC,2022-03-08,262.6650000000037
1553,sKC,2022-03-09,247.0071428571466
1554,sKC,2022-03-10,234.57928571428945
1555,sKC,2022-03-11,216.74928571428947
1556,sKC,2022-03-12,204.21142857143232
1557,sKC,2022-03-13,200.62071428571804
1558,sKC,2022-03-14,187.4521428571466
1559,sKC,2022-03-15,181.7828571428609
1560,sKC,2022-03-16,171.8078571428609
1561,sKC,2022-03-17,166.9885714285752
1562,sKC,2022-03-18,160.49785714286094
1563,sKC,2022-03-19,161.66714285714664
1564,sKC,2022-03-20,159.77500000000376
1565,sKC,2022-03-21,158.40000000000376
1566,sKC,2022-03-22,164.2771428571466
1567,sKC,2022-03-23,167.23357142857517
1568,sKC,2022-03-24,165.67785714286086
1569,sKC,2022-03-25,170.18214285714657
1570,sKC,2022-03-26,170.500714285718
1571,sKC,2022-03-27,166.70214285714655
