region,Date,Confirmed_Case_Rate
nKC,2020-02-01,0.0
nKC,2020-02-02,0.0
nKC,2020-02-03,0.0
nKC,2020-02-04,0.0
nKC,2020-02-05,0.0
nKC,2020-02-06,0.0
nKC,2020-02-07,0.0
nKC,2020-02-08,0.0
nKC,2020-02-09,0.0
nKC,2020-02-10,0.0
nKC,2020-02-11,0.0
nKC,2020-02-12,0.0
nKC,2020-02-13,0.0
nKC,2020-02-14,0.0
nKC,2020-02-15,0.0
nKC,2020-02-16,0.0
nKC,2020-02-17,0.0
nKC,2020-02-18,0.0
nKC,2020-02-19,0.0
nKC,2020-02-20,0.0
nKC,2020-02-21,0.16642857142857143
nKC,2020-02-22,0.30142857142857143
nKC,2020-02-23,0.5085714285714286
nKC,2020-02-24,0.5085714285714286
nKC,2020-02-25,0.7628571428571428
nKC,2020-02-26,1.0478571428571428
nKC,2020-02-27,1.1942857142857142
nKC,2020-02-28,2.5414285714285714
nKC,2020-02-29,5.126428571428571
nKC,2020-03-01,6.756428571428572
nKC,2020-03-02,9.675714285714287
nKC,2020-03-03,11.414285714285715
nKC,2020-03-04,15.290000000000001
nKC,2020-03-05,20.986428571428572
nKC,2020-03-06,23.54714285714286
nKC,2020-03-07,26.82857142857143
nKC,2020-03-08,31.775000000000002
nKC,2020-03-09,36.84428571428572
nKC,2020-03-10,46.38928571428572
nKC,2020-03-11,53.276428571428575
nKC,2020-03-12,70.24357142857143
nKC,2020-03-13,86.11857142857143
nKC,2020-03-14,93.86285714285714
nKC,2020-03-15,97.97428571428573
nKC,2020-03-16,117.42500000000003
nKC,2020-03-17,140.78214285714287
nKC,2020-03-18,154.645
nKC,2020-03-19,166.88642857142858
nKC,2020-03-20,178.77214285714288
nKC,2020-03-21,183.5778571428572
nKC,2020-03-22,194.11285714285717
nKC,2020-03-23,212.8171428571429
nKC,2020-03-24,221.76428571428573
nKC,2020-03-25,232.70714285714288
nKC,2020-03-26,234.205
nKC,2020-03-27,238.6807142857143
nKC,2020-03-28,235.115
nKC,2020-03-29,240.90857142857143
nKC,2020-03-30,240.14285714285717
nKC,2020-03-31,239.18285714285716
nKC,2020-04-01,244.50357142857143
nKC,2020-04-02,240.89357142857145
nKC,2020-04-03,250.06285714285715
nKC,2020-04-04,253.63714285714286
nKC,2020-04-05,243.30214285714285
nKC,2020-04-06,233.335
nKC,2020-04-07,235.69214285714287
nKC,2020-04-08,235.74214285714285
nKC,2020-04-09,232.47214285714284
nKC,2020-04-10,225.14428571428567
nKC,2020-04-11,226.33499999999998
nKC,2020-04-12,218.10999999999999
nKC,2020-04-13,210.83714285714285
nKC,2020-04-14,199.65642857142853
nKC,2020-04-15,188.5342857142857
nKC,2020-04-16,185.84857142857138
nKC,2020-04-17,177.88642857142852
nKC,2020-04-18,171.21285714285708
nKC,2020-04-19,175.01142857142852
nKC,2020-04-20,174.1971428571428
nKC,2020-04-21,166.07071428571425
nKC,2020-04-22,158.52285714285708
nKC,2020-04-23,160.25357142857138
nKC,2020-04-24,152.8221428571428
nKC,2020-04-25,164.04785714285708
nKC,2020-04-26,168.88499999999993
nKC,2020-04-27,164.23571428571424
nKC,2020-04-28,157.16428571428565
nKC,2020-04-29,155.56714285714284
nKC,2020-04-30,157.45285714285708
nKC,2020-05-01,155.61499999999995
nKC,2020-05-02,153.9664285714285
nKC,2020-05-03,146.76999999999995
nKC,2020-05-04,144.35642857142852
nKC,2020-05-05,135.96999999999994
nKC,2020-05-06,132.52428571428567
nKC,2020-05-07,121.46071428571425
nKC,2020-05-08,121.6221428571428
nKC,2020-05-09,108.49642857142852
nKC,2020-05-10,102.51857142857138
nKC,2020-05-11,98.31071428571424
nKC,2020-05-12,96.4428571428571
nKC,2020-05-13,91.29714285714282
nKC,2020-05-14,83.4285714285714
nKC,2020-05-15,76.38785714285711
nKC,2020-05-16,75.52571428571424
nKC,2020-05-17,74.32785714285708
nKC,2020-05-18,68.48857142857136
nKC,2020-05-19,65.11428571428566
nKC,2020-05-20,64.46928571428565
nKC,2020-05-21,60.60785714285708
nKC,2020-05-22,56.98928571428565
nKC,2020-05-23,52.34642857142851
nKC,2020-05-24,52.08499999999994
nKC,2020-05-25,47.75785714285708
nKC,2020-05-26,50.2564285714285
nKC,2020-05-27,50.73571428571422
nKC,2020-05-28,51.52285714285707
nKC,2020-05-29,48.04999999999992
nKC,2020-05-30,47.88071428571421
nKC,2020-05-31,47.92714285714278
nKC,2020-06-01,46.707142857142784
nKC,2020-06-02,49.338571428571356
nKC,2020-06-03,46.74214285714278
nKC,2020-06-04,45.64428571428565
nKC,2020-06-05,45.10785714285708
nKC,2020-06-06,46.517857142857075
nKC,2020-06-07,45.689285714285646
nKC,2020-06-08,49.83071428571422
nKC,2020-06-09,46.570714285714224
nKC,2020-06-10,47.040714285714216
nKC,2020-06-11,45.2814285714285
nKC,2020-06-12,46.66142857142851
nKC,2020-06-13,47.42857142857137
nKC,2020-06-14,48.522142857142796
nKC,2020-06-15,50.91785714285709
nKC,2020-06-16,55.49999999999994
nKC,2020-06-17,59.80142857142852
nKC,2020-06-18,64.24499999999993
nKC,2020-06-19,69.40571428571423
nKC,2020-06-20,71.99499999999993
nKC,2020-06-21,75.25428571428566
nKC,2020-06-22,86.00999999999996
nKC,2020-06-23,94.99142857142853
nKC,2020-06-24,105.44499999999995
nKC,2020-06-25,116.5671428571428
nKC,2020-06-26,135.8935714285714
nKC,2020-06-27,148.81928571428566
nKC,2020-06-28,152.2064285714285
nKC,2020-06-29,181.4764285714285
nKC,2020-06-30,194.65785714285707
nKC,2020-07-01,212.00357142857138
nKC,2020-07-02,231.54285714285706
nKC,2020-07-03,243.61357142857133
nKC,2020-07-04,242.74499999999992
nKC,2020-07-05,243.3464285714285
nKC,2020-07-06,242.7721428571428
nKC,2020-07-07,248.3857142857142
nKC,2020-07-08,250.36785714285705
nKC,2020-07-09,255.87857142857135
nKC,2020-07-10,246.66071428571422
nKC,2020-07-11,240.12071428571423
nKC,2020-07-12,240.80999999999995
nKC,2020-07-13,224.29785714285708
nKC,2020-07-14,224.99357142857139
nKC,2020-07-15,219.59857142857138
nKC,2020-07-16,209.6278571428571
nKC,2020-07-17,202.61999999999998
nKC,2020-07-18,210.02714285714282
nKC,2020-07-19,212.8278571428571
nKC,2020-07-20,211.9992857142857
nKC,2020-07-21,216.0885714285714
nKC,2020-07-22,213.93785714285713
nKC,2020-07-23,207.74499999999998
nKC,2020-07-24,206.90214285714282
nKC,2020-07-25,205.47571428571425
nKC,2020-07-26,205.11499999999998
nKC,2020-07-27,204.80642857142854
nKC,2020-07-28,201.83071428571424
nKC,2020-07-29,196.84357142857138
nKC,2020-07-30,194.12857142857138
nKC,2020-07-31,196.64857142857136
nKC,2020-08-01,192.99285714285708
nKC,2020-08-02,190.24285714285708
nKC,2020-08-03,188.7621428571428
nKC,2020-08-04,178.6971428571428
nKC,2020-08-05,176.4871428571428
nKC,2020-08-06,174.9821428571428
nKC,2020-08-07,180.29642857142852
nKC,2020-08-08,179.85928571428568
nKC,2020-08-09,176.52499999999992
nKC,2020-08-10,182.55499999999992
nKC,2020-08-11,170.95357142857137
nKC,2020-08-12,167.28999999999994
nKC,2020-08-13,165.9821428571428
nKC,2020-08-14,163.53214285714282
nKC,2020-08-15,163.91142857142853
nKC,2020-08-16,161.77999999999997
nKC,2020-08-17,161.32214285714284
nKC,2020-08-18,154.03214285714284
nKC,2020-08-19,151.01714285714283
nKC,2020-08-20,143.7192857142857
nKC,2020-08-21,133.315
nKC,2020-08-22,129.7142857142857
nKC,2020-08-23,129.2042857142857
nKC,2020-08-24,118.23571428571427
nKC,2020-08-25,122.72714285714282
nKC,2020-08-26,123.93428571428568
nKC,2020-08-27,120.94428571428568
nKC,2020-08-28,117.01714285714283
nKC,2020-08-29,115.10214285714281
nKC,2020-08-30,113.42857142857137
nKC,2020-08-31,110.00714285714282
nKC,2020-09-01,114.80285714285709
nKC,2020-09-02,112.82999999999996
nKC,2020-09-03,115.59928571428567
nKC,2020-09-04,111.78428571428569
nKC,2020-09-05,114.97499999999998
nKC,2020-09-06,114.07785714285713
nKC,2020-09-07,104.42642857142854
nKC,2020-09-08,101.12214285714283
nKC,2020-09-09,100.52285714285712
nKC,2020-09-10,103.32999999999997
nKC,2020-09-11,106.53142857142856
nKC,2020-09-12,103.90785714285714
nKC,2020-09-13,110.58214285714287
nKC,2020-09-14,109.77499999999999
nKC,2020-09-15,108.75928571428571
nKC,2020-09-16,113.98928571428571
nKC,2020-09-17,131.28285714285715
nKC,2020-09-18,133.62714285714284
nKC,2020-09-19,130.43642857142856
nKC,2020-09-20,131.12071428571429
nKC,2020-09-21,141.16571428571427
nKC,2020-09-22,139.7357142857143
nKC,2020-09-23,133.81214285714285
nKC,2020-09-24,132.46571428571428
nKC,2020-09-25,127.84642857142856
nKC,2020-09-26,131.9892857142857
nKC,2020-09-27,127.45285714285714
nKC,2020-09-28,139.56
nKC,2020-09-29,152.1542857142857
nKC,2020-09-30,149.78857142857143
nKC,2020-10-01,139.73642857142858
nKC,2020-10-02,147.4385714285714
nKC,2020-10-03,154.37642857142853
nKC,2020-10-04,158.1735714285714
nKC,2020-10-05,159.09285714285713
nKC,2020-10-06,162.93642857142854
nKC,2020-10-07,171.29857142857142
nKC,2020-10-08,179.62214285714282
nKC,2020-10-09,183.2371428571428
nKC,2020-10-10,181.4614285714285
nKC,2020-10-11,187.72428571428563
nKC,2020-10-12,181.20428571428565
nKC,2020-10-13,174.36142857142855
nKC,2020-10-14,179.54928571428567
nKC,2020-10-15,180.59285714285713
nKC,2020-10-16,176.61214285714283
nKC,2020-10-17,173.3492857142857
nKC,2020-10-18,171.86999999999998
nKC,2020-10-19,174.34285714285713
nKC,2020-10-20,188.13928571428568
nKC,2020-10-21,189.4221428571428
nKC,2020-10-22,189.20714285714283
nKC,2020-10-23,193.74999999999997
nKC,2020-10-24,202.79642857142855
nKC,2020-10-25,199.41499999999996
nKC,2020-10-26,213.56428571428566
nKC,2020-10-27,226.15071428571423
nKC,2020-10-28,236.94428571428566
nKC,2020-10-29,254.89785714285705
nKC,2020-10-30,268.6864285714285
nKC,2020-10-31,282.7799999999999
nKC,2020-11-01,283.38285714285706
nKC,2020-11-02,313.2835714285713
nKC,2020-11-03,335.4292857142856
nKC,2020-11-04,373.77999999999986
nKC,2020-11-05,403.93999999999994
nKC,2020-11-06,436.3114285714285
nKC,2020-11-07,468.6749999999999
nKC,2020-11-08,470.9985714285713
nKC,2020-11-09,509.73499999999996
nKC,2020-11-10,541.0092857142856
nKC,2020-11-11,568.2557142857142
nKC,2020-11-12,586.6542857142857
nKC,2020-11-13,636.6042857142858
nKC,2020-11-14,677.3864285714286
nKC,2020-11-15,688.3271428571428
nKC,2020-11-16,720.8314285714285
nKC,2020-11-17,750.6478571428571
nKC,2020-11-18,761.4300000000001
nKC,2020-11-19,787.5328571428572
nKC,2020-11-20,803.865
nKC,2020-11-21,810.2178571428573
nKC,2020-11-22,822.3364285714287
nKC,2020-11-23,830.12
nKC,2020-11-24,842.1857142857143
nKC,2020-11-25,858.1071428571429
nKC,2020-11-26,813.4764285714285
nKC,2020-11-27,804.6464285714285
nKC,2020-11-28,792.9878571428571
nKC,2020-11-29,788.6778571428571
nKC,2020-11-30,810.9935714285715
nKC,2020-12-01,809.4785714285715
nKC,2020-12-02,806.8378571428573
nKC,2020-12-03,796.3885714285715
nKC,2020-12-04,800.2135714285715
nKC,2020-12-05,791.9250000000001
nKC,2020-12-06,782.0885714285715
nKC,2020-12-07,803.0107142857144
nKC,2020-12-08,796.5642857142858
nKC,2020-12-09,774.8242857142858
nKC,2020-12-10,810.652142857143
nKC,2020-12-11,798.6664285714287
nKC,2020-12-12,781.2764285714287
nKC,2020-12-13,783.1528571428573
nKC,2020-12-14,738.4257142857144
nKC,2020-12-15,716.4035714285716
nKC,2020-12-16,703.1300000000001
nKC,2020-12-17,683.6735714285714
nKC,2020-12-18,660.125
nKC,2020-12-19,649.3535714285715
nKC,2020-12-20,652.6321428571429
nKC,2020-12-21,627.9114285714286
nKC,2020-12-22,608.6428571428571
nKC,2020-12-23,597.3521428571429
nKC,2020-12-24,572.6192857142858
nKC,2020-12-25,522.4707142857143
nKC,2020-12-26,534.5292857142857
nKC,2020-12-27,537.5557142857143
nKC,2020-12-28,547.4735714285714
nKC,2020-12-29,550.3014285714286
nKC,2020-12-30,555.5057142857144
nKC,2020-12-31,561.3750000000001
nKC,2021-01-01,525.2142857142859
nKC,2021-01-02,542.8714285714287
nKC,2021-01-03,545.5500000000002
nKC,2021-01-04,568.0792857142858
nKC,2021-01-05,590.2692857142858
nKC,2021-01-06,612.8628571428573
nKC,2021-01-07,651.4042857142858
nKC,2021-01-08,700.5021428571429
nKC,2021-01-09,687.9414285714286
nKC,2021-01-10,682.7257142857143
nKC,2021-01-11,678.8735714285715
nKC,2021-01-12,670.0357142857144
nKC,2021-01-13,663.3042857142858
nKC,2021-01-14,647.047142857143
nKC,2021-01-15,686.3628571428573
nKC,2021-01-16,654.8971428571431
nKC,2021-01-17,645.6578571428573
nKC,2021-01-18,583.649285714286
nKC,2021-01-19,552.5200000000002
nKC,2021-01-20,525.1242857142859
nKC,2021-01-21,497.90500000000014
nKC,2021-01-22,475.0135714285716
nKC,2021-01-23,465.0342857142859
nKC,2021-01-24,459.76000000000016
nKC,2021-01-25,437.1278571428573
nKC,2021-01-26,416.55928571428586
nKC,2021-01-27,400.67357142857156
nKC,2021-01-28,389.2100000000001
nKC,2021-01-29,363.05142857142874
nKC,2021-01-30,365.1235714285716
nKC,2021-01-31,364.48142857142875
nKC,2021-02-01,360.81142857142873
nKC,2021-02-02,346.0557142857145
nKC,2021-02-03,335.9550000000002
nKC,2021-02-04,321.6342857142859
nKC,2021-02-05,308.07714285714303
nKC,2021-02-06,297.2828571428573
nKC,2021-02-07,296.20928571428595
nKC,2021-02-08,274.75357142857166
nKC,2021-02-09,266.0514285714288
nKC,2021-02-10,250.40785714285738
nKC,2021-02-11,241.46357142857167
nKC,2021-02-12,234.2121428571431
nKC,2021-02-13,212.90428571428598
nKC,2021-02-14,207.16642857142884
nKC,2021-02-15,197.39357142857168
nKC,2021-02-16,192.53500000000025
nKC,2021-02-17,184.27357142857167
nKC,2021-02-18,179.45142857142883
nKC,2021-02-19,172.57285714285743
nKC,2021-02-20,167.564285714286
nKC,2021-02-21,167.99642857142885
nKC,2021-02-22,163.02142857142886
nKC,2021-02-23,158.7100000000003
nKC,2021-02-24,155.66500000000028
nKC,2021-02-25,156.66642857142887
nKC,2021-02-26,154.37357142857172
nKC,2021-02-27,161.94928571428605
nKC,2021-02-28,164.6364285714289
nKC,2021-03-01,161.4264285714289
nKC,2021-03-02,161.3207142857146
nKC,2021-03-03,158.02928571428603
nKC,2021-03-04,160.42785714285745
nKC,2021-03-05,164.5857142857146
nKC,2021-03-06,164.94857142857174
nKC,2021-03-07,163.32785714285745
nKC,2021-03-08,168.75785714285743
nKC,2021-03-09,166.28000000000029
nKC,2021-03-10,175.53857142857171
nKC,2021-03-11,175.39928571428598
nKC,2021-03-12,171.3285714285717
nKC,2021-03-13,170.70642857142886
nKC,2021-03-14,169.80785714285744
nKC,2021-03-15,173.2107142857146
nKC,2021-03-16,171.09000000000032
nKC,2021-03-17,174.72857142857174
nKC,2021-03-18,176.46142857142885
nKC,2021-03-19,177.24642857142885
nKC,2021-03-20,180.84857142857172
nKC,2021-03-21,184.28142857142888
nKC,2021-03-22,193.79285714285746
nKC,2021-03-23,208.19357142857174
nKC,2021-03-24,213.45928571428607
nKC,2021-03-25,223.63071428571465
nKC,2021-03-26,242.93285714285747
nKC,2021-03-27,249.92857142857176
nKC,2021-03-28,252.44857142857177
nKC,2021-03-29,268.71357142857175
nKC,2021-03-30,280.144285714286
nKC,2021-03-31,294.8914285714289
nKC,2021-04-01,304.324285714286
nKC,2021-04-02,314.7535714285718
nKC,2021-04-03,323.2571428571432
nKC,2021-04-04,327.1892857142861
nKC,2021-04-05,338.7828571428575
nKC,2021-04-06,356.4478571428575
nKC,2021-04-07,362.4871428571432
nKC,2021-04-08,368.0071428571432
nKC,2021-04-09,367.529285714286
nKC,2021-04-10,372.9078571428575
nKC,2021-04-11,377.37071428571466
nKC,2021-04-12,396.0278571428575
nKC,2021-04-13,404.98714285714317
nKC,2021-04-14,411.8464285714289
nKC,2021-04-15,425.69714285714315
nKC,2021-04-16,427.049285714286
nKC,2021-04-17,431.9957142857146
nKC,2021-04-18,426.82642857142883
nKC,2021-04-19,433.87642857142885
nKC,2021-04-20,422.25571428571453
nKC,2021-04-21,437.6114285714288
nKC,2021-04-22,440.3292857142859
nKC,2021-04-23,448.73285714285737
nKC,2021-04-24,446.2778571428574
nKC,2021-04-25,447.46928571428595
nKC,2021-04-26,433.5271428571431
nKC,2021-04-27,431.02142857142877
nKC,2021-04-28,427.87357142857167
nKC,2021-04-29,414.5407142857145
nKC,2021-04-30,421.1678571428574
nKC,2021-05-01,419.9421428571431
nKC,2021-05-02,423.7314285714288
nKC,2021-05-03,412.96500000000026
nKC,2021-05-04,405.174285714286
nKC,2021-05-05,374.5521428571432
nKC,2021-05-06,363.2442857142861
nKC,2021-05-07,349.1735714285718
nKC,2021-05-08,342.0714285714289
nKC,2021-05-09,335.6650000000003
nKC,2021-05-10,314.0564285714289
nKC,2021-05-11,301.64214285714314
nKC,2021-05-12,284.2528571428575
nKC,2021-05-13,272.39071428571464
nKC,2021-05-14,252.03500000000037
nKC,2021-05-15,237.58500000000035
nKC,2021-05-16,232.28571428571465
nKC,2021-05-17,211.60642857142895
nKC,2021-05-18,198.0235714285718
nKC,2021-05-19,193.76500000000038
nKC,2021-05-20,182.51857142857185
nKC,2021-05-21,167.71571428571468
nKC,2021-05-22,166.3550000000004
nKC,2021-05-23,166.2200000000004
nKC,2021-05-24,159.90642857142896
nKC,2021-05-25,149.72071428571468
nKC,2021-05-26,142.24428571428612
nKC,2021-05-27,133.92642857142897
nKC,2021-05-28,129.4142857142861
nKC,2021-05-29,123.88500000000037
nKC,2021-05-30,122.60357142857181
nKC,2021-05-31,108.76642857142896
nKC,2021-06-01,113.18214285714325
nKC,2021-06-02,107.7142857142861
nKC,2021-06-03,104.1092857142861
nKC,2021-06-04,102.35857142857182
nKC,2021-06-05,95.62500000000038
nKC,2021-06-06,92.45857142857183
nKC,2021-06-07,88.04785714285754
nKC,2021-06-08,83.78071428571468
nKC,2021-06-09,83.51214285714325
nKC,2021-06-10,84.36214285714324
nKC,2021-06-11,83.10142857142897
nKC,2021-06-12,81.33071428571468
nKC,2021-06-13,81.96714285714326
nKC,2021-06-14,89.25214285714324
nKC,2021-06-15,79.75714285714325
nKC,2021-06-16,75.17357142857182
nKC,2021-06-17,72.02785714285753
nKC,2021-06-18,71.42785714285753
nKC,2021-06-19,74.88357142857181
nKC,2021-06-20,75.16785714285753
nKC,2021-06-21,78.66500000000039
nKC,2021-06-22,77.98214285714323
nKC,2021-06-23,74.90642857142895
nKC,2021-06-24,75.06500000000038
nKC,2021-06-25,73.92714285714325
nKC,2021-06-26,75.35500000000039
nKC,2021-06-27,73.69714285714325
nKC,2021-06-28,67.89285714285752
nKC,2021-06-29,67.5185714285718
nKC,2021-06-30,70.31071428571467
nKC,2021-07-01,74.91214285714325
nKC,2021-07-02,78.76785714285754
nKC,2021-07-03,77.64357142857182
nKC,2021-07-04,77.83928571428609
nKC,2021-07-05,72.06571428571466
nKC,2021-07-06,82.73714285714324
nKC,2021-07-07,88.38214285714324
nKC,2021-07-08,93.89571428571467
nKC,2021-07-09,100.70142857142896
nKC,2021-07-10,105.03571428571468
nKC,2021-07-11,108.08285714285753
nKC,2021-07-12,119.37428571428612
nKC,2021-07-13,129.58857142857184
nKC,2021-07-14,140.23142857142898
nKC,2021-07-15,148.3007142857147
nKC,2021-07-16,152.64000000000038
nKC,2021-07-17,157.2850000000004
nKC,2021-07-18,160.18214285714325
nKC,2021-07-19,188.57214285714323
nKC,2021-07-20,199.45357142857182
nKC,2021-07-21,215.00642857142893
nKC,2021-07-22,228.62142857142894
nKC,2021-07-23,241.58571428571466
nKC,2021-07-24,255.19285714285752
nKC,2021-07-25,257.26214285714326
nKC,2021-07-26,286.2107142857147
nKC,2021-07-27,308.22500000000036
nKC,2021-07-28,325.5407142857146
nKC,2021-07-29,349.90000000000026
nKC,2021-07-30,377.0807142857146
nKC,2021-07-31,398.9150000000003
nKC,2021-08-01,401.6871428571431
nKC,2021-08-02,437.3628571428574
nKC,2021-08-03,468.3535714285717
nKC,2021-08-04,520.0207142857146
nKC,2021-08-05,562.4978571428575
nKC,2021-08-06,596.4235714285717
nKC,2021-08-07,622.5978571428575
nKC,2021-08-08,628.1400000000003
nKC,2021-08-09,668.1514285714289
nKC,2021-08-10,705.2164285714289
nKC,2021-08-11,743.0135714285717
nKC,2021-08-12,760.8600000000004
nKC,2021-08-13,762.1385714285717
nKC,2021-08-14,764.1085714285717
nKC,2021-08-15,769.9507142857146
nKC,2021-08-16,769.5014285714288
nKC,2021-08-17,779.4335714285717
nKC,2021-08-18,747.5535714285717
nKC,2021-08-19,736.5657142857145
nKC,2021-08-20,734.337142857143
nKC,2021-08-21,720.5435714285717
nKC,2021-08-22,718.5785714285718
nKC,2021-08-23,703.1392857142861
nKC,2021-08-24,703.6821428571432
nKC,2021-08-25,692.9828571428574
nKC,2021-08-26,691.0600000000003
nKC,2021-08-27,708.7714285714289
nKC,2021-08-28,713.4264285714289
nKC,2021-08-29,712.094285714286
nKC,2021-08-30,699.212142857143
nKC,2021-08-31,687.182142857143
nKC,2021-09-01,687.097142857143
nKC,2021-09-02,675.6335714285716
nKC,2021-09-03,658.3978571428573
nKC,2021-09-04,666.3164285714287
nKC,2021-09-05,668.3342857142859
nKC,2021-09-06,618.9785714285716
nKC,2021-09-07,614.5842857142859
nKC,2021-09-08,608.0385714285716
nKC,2021-09-09,623.6892857142859
nKC,2021-09-10,615.3478571428574
nKC,2021-09-11,605.2207142857145
nKC,2021-09-12,604.1457142857146
nKC,2021-09-13,612.0671428571433
nKC,2021-09-14,607.5700000000005
nKC,2021-09-15,603.0657142857148
nKC,2021-09-16,593.1835714285719
nKC,2021-09-17,592.896428571429
nKC,2021-09-18,573.6842857142863
nKC,2021-09-19,571.0957142857148
nKC,2021-09-20,595.4028571428577
nKC,2021-09-21,572.6000000000005
nKC,2021-09-22,555.9600000000004
nKC,2021-09-23,526.191428571429
nKC,2021-09-24,515.3221428571433
nKC,2021-09-25,517.4907142857147
nKC,2021-09-26,513.4942857142862
nKC,2021-09-27,518.3621428571433
nKC,2021-09-28,512.5771428571433
nKC,2021-09-29,520.1507142857147
nKC,2021-09-30,522.4650000000004
nKC,2021-10-01,534.6085714285717
nKC,2021-10-02,547.3471428571432
nKC,2021-10-03,552.7178571428575
nKC,2021-10-04,564.6300000000005
nKC,2021-10-05,552.7257142857146
nKC,2021-10-06,564.9464285714289
nKC,2021-10-07,561.6664285714289
nKC,2021-10-08,561.5564285714289
nKC,2021-10-09,562.2150000000004
nKC,2021-10-10,560.9385714285718
nKC,2021-10-11,542.5185714285718
nKC,2021-10-12,536.5378571428575
nKC,2021-10-13,593.6757142857147
nKC,2021-10-14,589.432142857143
nKC,2021-10-15,582.0464285714288
nKC,2021-10-16,573.087142857143
nKC,2021-10-17,565.8442857142859
nKC,2021-10-18,552.982142857143
nKC,2021-10-19,547.9985714285716
nKC,2021-10-20,537.1035714285715
nKC,2021-10-21,534.9864285714287
nKC,2021-10-22,529.1150000000001
nKC,2021-10-23,519.687142857143
nKC,2021-10-24,522.0200000000002
nKC,2021-10-25,536.5264285714287
nKC,2021-10-26,544.0578571428574
nKC,2021-10-27,489.2164285714288
nKC,2021-10-28,501.6357142857145
nKC,2021-10-29,489.33357142857164
nKC,2021-10-30,484.70214285714303
nKC,2021-10-31,483.1542857142859
nKC,2021-11-01,479.7342857142859
nKC,2021-11-02,494.0814285714287
nKC,2021-11-03,505.36071428571444
nKC,2021-11-04,511.92785714285725
nKC,2021-11-05,510.0885714285715
nKC,2021-11-06,513.1557142857145
nKC,2021-11-07,512.5328571428573
nKC,2021-11-08,493.1000000000001
nKC,2021-11-09,474.55142857142863
nKC,2021-11-10,453.1571428571429
nKC,2021-11-11,432.21285714285716
nKC,2021-11-12,439.09714285714296
nKC,2021-11-13,439.13357142857154
nKC,2021-11-14,440.5357142857144
nKC,2021-11-15,462.2292857142858
nKC,2021-11-16,452.57500000000016
nKC,2021-11-17,430.17642857142874
nKC,2021-11-18,416.602142857143
nKC,2021-11-19,416.3885714285716
nKC,2021-11-20,411.9178571428573
nKC,2021-11-21,410.54857142857156
nKC,2021-11-22,399.66000000000014
nKC,2021-11-23,400.8128571428573
nKC,2021-11-24,394.23142857142875
nKC,2021-11-25,372.37214285714305
nKC,2021-11-26,363.0128571428573
nKC,2021-11-27,376.75857142857154
nKC,2021-11-28,381.4992857142858
nKC,2021-11-29,358.1357142857144
nKC,2021-11-30,367.6800000000001
nKC,2021-12-01,378.7142857142858
nKC,2021-12-02,385.2328571428572
nKC,2021-12-03,379.3742857142858
nKC,2021-12-04,376.3500000000001
nKC,2021-12-05,380.4992857142858
nKC,2021-12-06,394.2907142857144
nKC,2021-12-07,396.2685714285716
nKC,2021-12-08,417.6814285714287
nKC,2021-12-09,446.6100000000001
nKC,2021-12-10,453.11785714285725
nKC,2021-12-11,443.4457142857144
nKC,2021-12-12,441.8564285714287
nKC,2021-12-13,457.9864285714287
nKC,2021-12-14,484.80785714285724
nKC,2021-12-15,535.6728571428573
nKC,2021-12-16,583.5521428571429
nKC,2021-12-17,667.2292857142858
nKC,2021-12-18,747.3885714285716
nKC,2021-12-19,800.922142857143
nKC,2021-12-20,996.7485714285716
nKC,2021-12-21,1285.3678571428572
nKC,2021-12-22,1563.154285714286
nKC,2021-12-23,1866.4492857142861
nKC,2021-12-24,2102.8271428571434
nKC,2021-12-25,2109.121428571429
nKC,2021-12-26,2167.5778571428573
nKC,2021-12-27,2376.277142857143
nKC,2021-12-28,2731.0164285714286
nKC,2021-12-29,3165.2207142857146
nKC,2021-12-30,3445.3642857142854
nKC,2021-12-31,3669.033571428571
nKC,2022-01-01,3690.665714285714
nKC,2022-01-02,3802.8778571428566
nKC,2022-01-03,4320.302857142857
nKC,2022-01-04,4911.791428571428
nKC,2022-01-05,5468.612142857141
nKC,2022-01-06,5917.886428571428
nKC,2022-01-07,6324.0428571428565
nKC,2022-01-08,6780.610714285714
nKC,2022-01-09,6960.805714285713
nKC,2022-01-10,7521.761428571428
nKC,2022-01-11,7813.3385714285705
nKC,2022-01-12,7928.679999999999
nKC,2022-01-13,8213.696428571428
nKC,2022-01-14,8455.81714285714
nKC,2022-01-15,8685.055714285712
nKC,2022-01-16,8644.349285714283
nKC,2022-01-17,8349.08857142857
nKC,2022-01-18,8029.597857142856
nKC,2022-01-19,7635.697142857141
nKC,2022-01-20,7341.595714285712
nKC,2022-01-21,7049.793571428569
nKC,2022-01-22,6816.03214285714
nKC,2022-01-23,6667.108571428567
nKC,2022-01-24,6201.811428571425
nKC,2022-01-25,5793.694285714281
nKC,2022-01-26,5426.177857142852
nKC,2022-01-27,5023.417857142852
nKC,2022-01-28,4662.678571428567
nKC,2022-01-29,4451.262142857137
nKC,2022-01-30,4382.747142857138
nKC,2022-01-31,4157.753571428566
nKC,2022-02-01,3731.1178571428513
nKC,2022-02-02,3405.856428571423
nKC,2022-02-03,3048.5099999999943
nKC,2022-02-04,2819.63428571428
nKC,2022-02-05,2670.556428571423
nKC,2022-02-06,2618.497142857137
nKC,2022-02-07,2398.3957142857084
nKC,2022-02-08,2196.94428571428
nKC,2022-02-09,2023.3264285714229
nKC,2022-02-10,1865.8185714285657
nKC,2022-02-11,1721.8871428571372
nKC,2022-02-12,1642.8449999999943
nKC,2022-02-13,1594.3307142857086
nKC,2022-02-14,1444.0499999999943
nKC,2022-02-15,1348.3649999999943
nKC,2022-02-16,1250.818571428566
nKC,2022-02-17,1174.5307142857087
nKC,2022-02-18,1071.0928571428515
nKC,2022-02-19,1008.197142857137
nKC,2022-02-20,979.7349999999941
nKC,2022-02-21,881.6807142857084
nKC,2022-02-22,822.6778571428512
nKC,2022-02-23,769.6264285714225
nKC,2022-02-24,717.2107142857083
nKC,2022-02-25,685.6392857142797
nKC,2022-02-26,654.9257142857083
nKC,2022-02-27,649.099999999994
nKC,2022-02-28,605.6135714285655
nKC,2022-03-01,581.2578571428511
nKC,2022-03-02,556.7235714285655
nKC,2022-03-03,529.5357142857083
nKC,2022-03-04,500.8971428571368
nKC,2022-03-05,484.1942857142797
nKC,2022-03-06,471.4821428571368
sKC,2020-02-01,364.5235714285656
sKC,2020-02-02,335.08214285713706
sKC,2020-02-03,310.2399999999942
sKC,2020-02-04,280.18357142856564
sKC,2020-02-05,256.2807142857085
sKC,2020-02-06,238.2557142857085
sKC,2020-02-07,225.99428571427993
sKC,2020-02-08,181.93357142856567
sKC,2020-02-09,139.17357142856568
sKC,2020-02-10,93.41642857142281
sKC,2020-02-11,60.44642857142282
sKC,2020-02-12,25.54214285713711
sKC,2020-02-13,5.371428571422825
sKC,2020-02-14,0.0
sKC,2020-02-15,0.0
sKC,2020-02-16,0.0
sKC,2020-02-17,0.0
sKC,2020-02-18,0.0
sKC,2020-02-19,0.0
sKC,2020-02-20,0.0
sKC,2020-02-21,0.0
sKC,2020-02-22,0.0
sKC,2020-02-23,0.0
sKC,2020-02-24,0.29071428570853947
sKC,2020-02-25,0.29071428570853947
sKC,2020-02-26,0.4814285714228252
sKC,2020-02-27,0.8714285714228251
sKC,2020-02-28,1.1621428571371109
sKC,2020-02-29,1.5435714285656823
sKC,2020-03-01,2.301428571422825
sKC,2020-03-02,2.9535714285656818
sKC,2020-03-03,3.9292857142799673
sKC,2020-03-04,3.9292857142799673
sKC,2020-03-05,5.289285714279968
sKC,2020-03-06,8.297857142851397
sKC,2020-03-07,8.297857142851397
sKC,2020-03-08,11.990714285708538
sKC,2020-03-09,14.059285714279968
sKC,2020-03-10,17.807142857137112
sKC,2020-03-11,22.241428571422826
sKC,2020-03-12,27.87928571427997
sKC,2020-03-13,45.789999999994244
sKC,2020-03-14,52.09428571427996
sKC,2020-03-15,57.11071428570853
sKC,2020-03-16,69.84928571427996
sKC,2020-03-17,78.40714285713709
sKC,2020-03-18,91.90642857142281
sKC,2020-03-19,111.50428571427996
sKC,2020-03-20,120.84571428570855
sKC,2020-03-21,130.07357142856569
sKC,2020-03-22,134.5885714285657
sKC,2020-03-23,154.04999999999424
sKC,2020-03-24,172.36428571427996
sKC,2020-03-25,195.64499999999424
sKC,2020-03-26,211.96571428570854
sKC,2020-03-27,223.97999999999428
sKC,2020-03-28,232.72499999999428
sKC,2020-03-29,241.75357142856572
sKC,2020-03-30,262.57357142856574
sKC,2020-03-31,281.20714285713717
sKC,2020-04-01,290.3207142857086
sKC,2020-04-02,293.6035714285658
sKC,2020-04-03,308.73142857142295
sKC,2020-04-04,309.8792857142802
sKC,2020-04-05,313.73285714285157
sKC,2020-04-06,316.1899999999945
sKC,2020-04-07,319.20428571428016
sKC,2020-04-08,307.59999999999445
sKC,2020-04-09,305.6399999999944
sKC,2020-04-10,294.11357142856576
sKC,2020-04-11,288.1571428571372
sKC,2020-04-12,277.68142857142294
sKC,2020-04-13,262.5835714285658
sKC,2020-04-14,250.77928571428006
sKC,2020-04-15,251.7121428571372
sKC,2020-04-16,248.0521428571372
sKC,2020-04-17,239.07071428570865
sKC,2020-04-18,237.1871428571372
sKC,2020-04-19,230.95071428570864
sKC,2020-04-20,222.4528571428515
sKC,2020-04-21,209.8228571428515
sKC,2020-04-22,209.53214285713722
sKC,2020-04-23,201.0192857142801
sKC,2020-04-24,197.6971428571372
sKC,2020-04-25,196.43071428570866
sKC,2020-04-26,195.94999999999436
sKC,2020-04-27,200.00928571428008
sKC,2020-04-28,199.85785714285151
sKC,2020-04-29,192.7249999999944
sKC,2020-04-30,184.20999999999438
sKC,2020-05-01,179.94285714285155
sKC,2020-05-02,178.63357142856583
sKC,2020-05-03,176.4242857142801
sKC,2020-05-04,177.73071428570867
sKC,2020-05-05,178.9878571428515
sKC,2020-05-06,176.26571428570864
sKC,2020-05-07,175.89642857142294
sKC,2020-05-08,170.00357142856578
sKC,2020-05-09,168.99285714285153
sKC,2020-05-10,167.44285714285155
sKC,2020-05-11,155.34785714285155
sKC,2020-05-12,150.16571428570867
sKC,2020-05-13,147.17571428570866
sKC,2020-05-14,143.91142857142293
sKC,2020-05-15,142.07714285713723
sKC,2020-05-16,137.9028571428515
sKC,2020-05-17,137.3199999999944
sKC,2020-05-18,135.08428571428007
sKC,2020-05-19,130.1128571428515
sKC,2020-05-20,126.92571428570866
sKC,2020-05-21,122.3642857142801
sKC,2020-05-22,120.27071428570866
sKC,2020-05-23,115.62142857142295
sKC,2020-05-24,114.6785714285658
sKC,2020-05-25,105.57071428570866
sKC,2020-05-26,103.50428571428009
sKC,2020-05-27,96.47285714285151
sKC,2020-05-28,94.15928571428007
sKC,2020-05-29,97.30214285713723
sKC,2020-05-30,98.9135714285658
sKC,2020-05-31,97.01571428570867
sKC,2020-06-01,89.94214285713723
sKC,2020-06-02,91.04571428570866
sKC,2020-06-03,89.25499999999435
sKC,2020-06-04,88.99285714285149
sKC,2020-06-05,89.07928571428008
sKC,2020-06-06,89.70499999999436
sKC,2020-06-07,90.03071428570864
sKC,2020-06-08,95.15428571428006
sKC,2020-06-09,92.30214285713721
sKC,2020-06-10,94.54714285713722
sKC,2020-06-11,96.58999999999436
sKC,2020-06-12,93.49714285713722
sKC,2020-06-13,93.64357142856579
sKC,2020-06-14,95.63642857142293
sKC,2020-06-15,105.50857142856579
sKC,2020-06-16,108.54571428570864
sKC,2020-06-17,110.59714285713721
sKC,2020-06-18,116.69642857142294
sKC,2020-06-19,120.9878571428515
sKC,2020-06-20,127.64142857142292
sKC,2020-06-21,132.07571428570864
sKC,2020-06-22,145.8114285714229
sKC,2020-06-23,160.1107142857086
sKC,2020-06-24,171.52071428570864
sKC,2020-06-25,181.8828571428515
sKC,2020-06-26,184.96428571428007
sKC,2020-06-27,191.89142857142292
sKC,2020-06-28,194.77928571428006
sKC,2020-06-29,206.32785714285146
sKC,2020-06-30,217.0771428571372
sKC,2020-07-01,232.2721428571372
sKC,2020-07-02,246.50214285713722
sKC,2020-07-03,250.33071428570864
sKC,2020-07-04,247.04428571428008
sKC,2020-07-05,250.04285714285152
sKC,2020-07-06,258.90642857142296
sKC,2020-07-07,269.3235714285658
sKC,2020-07-08,276.7757142857087
sKC,2020-07-09,288.83857142856584
sKC,2020-07-10,302.33642857142297
sKC,2020-07-11,302.69499999999437
sKC,2020-07-12,306.8142857142801
sKC,2020-07-13,309.80428571428007
sKC,2020-07-14,318.30642857142294
sKC,2020-07-15,319.8099999999944
sKC,2020-07-16,316.6899999999943
sKC,2020-07-17,332.62428571428006
sKC,2020-07-18,338.65571428570865
sKC,2020-07-19,340.39999999999435
sKC,2020-07-20,342.4771428571372
sKC,2020-07-21,345.55428571428007
sKC,2020-07-22,346.3771428571372
sKC,2020-07-23,339.42428571428
sKC,2020-07-24,330.8178571428515
sKC,2020-07-25,335.4328571428515
sKC,2020-07-26,332.8985714285658
sKC,2020-07-27,328.86357142856576
sKC,2020-07-28,330.8542857142801
sKC,2020-07-29,331.16999999999433
sKC,2020-07-30,336.7471428571372
sKC,2020-07-31,324.4799999999943
sKC,2020-08-01,322.18857142856575
sKC,2020-08-02,318.3428571428514
sKC,2020-08-03,310.35214285713715
sKC,2020-08-04,305.6921428571372
sKC,2020-08-05,301.99857142856575
sKC,2020-08-06,302.76642857142286
sKC,2020-08-07,304.8828571428514
sKC,2020-08-08,304.54428571427997
sKC,2020-08-09,308.80785714285145
sKC,2020-08-10,307.9078571428514
sKC,2020-08-11,301.70642857142286
sKC,2020-08-12,297.8164285714229
sKC,2020-08-13,290.6914285714228
sKC,2020-08-14,300.9414285714229
sKC,2020-08-15,310.26357142856574
sKC,2020-08-16,310.2099999999943
sKC,2020-08-17,314.0992857142801
sKC,2020-08-18,305.3964285714229
sKC,2020-08-19,308.0657142857086
sKC,2020-08-20,309.0814285714229
sKC,2020-08-21,310.1628571428515
sKC,2020-08-22,304.0135714285658
sKC,2020-08-23,301.5657142857086
sKC,2020-08-24,296.9464285714229
sKC,2020-08-25,292.07285714285155
sKC,2020-08-26,286.0507142857087
sKC,2020-08-27,282.4692857142801
sKC,2020-08-28,268.98071428570864
sKC,2020-08-29,262.76214285713723
sKC,2020-08-30,263.1749999999943
sKC,2020-08-31,254.4321428571372
sKC,2020-09-01,253.81428571428003
sKC,2020-09-02,242.2421428571372
sKC,2020-09-03,240.13571428570862
sKC,2020-09-04,230.59071428570863
sKC,2020-09-05,233.94928571428005
sKC,2020-09-06,229.9378571428515
sKC,2020-09-07,216.4042857142801
sKC,2020-09-08,211.09071428570866
sKC,2020-09-09,214.68285714285153
sKC,2020-09-10,207.42142857142295
sKC,2020-09-11,201.18142857142297
sKC,2020-09-12,196.0885714285658
sKC,2020-09-13,191.52785714285156
sKC,2020-09-14,191.656428571423
sKC,2020-09-15,181.1835714285658
sKC,2020-09-16,175.41714285713724
sKC,2020-09-17,165.02071428570866
sKC,2020-09-18,162.53642857142293
sKC,2020-09-19,158.99428571428007
sKC,2020-09-20,157.27071428570864
sKC,2020-09-21,163.58928571428007
sKC,2020-09-22,160.1278571428515
sKC,2020-09-23,157.3907142857086
sKC,2020-09-24,164.2221428571372
sKC,2020-09-25,172.9514285714229
sKC,2020-09-26,177.2528571428515
sKC,2020-09-27,178.83714285713722
sKC,2020-09-28,183.98571428570864
sKC,2020-09-29,193.98999999999435
sKC,2020-09-30,205.11928571428007
sKC,2020-10-01,215.13785714285152
sKC,2020-10-02,226.93642857142297
sKC,2020-10-03,237.09428571428012
sKC,2020-10-04,239.2449999999944
sKC,2020-10-05,254.54642857142295
sKC,2020-10-06,267.7871428571372
sKC,2020-10-07,281.1278571428515
sKC,2020-10-08,288.66999999999433
sKC,2020-10-09,303.2835714285658
sKC,2020-10-10,306.49071428570863
sKC,2020-10-11,306.25071428570857
sKC,2020-10-12,312.78928571428
sKC,2020-10-13,310.95857142856573
sKC,2020-10-14,319.6735714285657
sKC,2020-10-15,326.5914285714229
sKC,2020-10-16,326.4157142857086
sKC,2020-10-17,322.9635714285658
sKC,2020-10-18,321.55285714285145
sKC,2020-10-19,330.05928571428007
sKC,2020-10-20,341.0985714285658
sKC,2020-10-21,337.15428571428004
sKC,2020-10-22,344.18571428570857
sKC,2020-10-23,347.56928571428
sKC,2020-10-24,363.41285714285146
sKC,2020-10-25,368.6257142857086
sKC,2020-10-26,394.0792857142801
sKC,2020-10-27,418.1471428571372
sKC,2020-10-28,452.3942857142801
sKC,2020-10-29,477.851428571423
sKC,2020-10-30,507.23714285713726
sKC,2020-10-31,528.0149999999944
sKC,2020-11-01,534.1985714285659
sKC,2020-11-02,568.0778571428516
sKC,2020-11-03,595.6807142857087
sKC,2020-11-04,643.786428571423
sKC,2020-11-05,682.4399999999944
sKC,2020-11-06,727.881428571423
sKC,2020-11-07,763.0828571428516
sKC,2020-11-08,770.5907142857087
sKC,2020-11-09,812.151428571423
sKC,2020-11-10,879.7971428571373
sKC,2020-11-11,907.6764285714229
sKC,2020-11-12,972.6242857142801
sKC,2020-11-13,1033.74428571428
sKC,2020-11-14,1092.3721428571373
sKC,2020-11-15,1110.8021428571374
sKC,2020-11-16,1194.4407142857087
sKC,2020-11-17,1263.6107142857088
sKC,2020-11-18,1315.173571428566
sKC,2020-11-19,1360.845714285709
sKC,2020-11-20,1434.7192857142802
sKC,2020-11-21,1465.4821428571372
sKC,2020-11-22,1487.627142857137
sKC,2020-11-23,1547.3885714285657
sKC,2020-11-24,1562.6885714285656
sKC,2020-11-25,1592.023571428566
sKC,2020-11-26,1485.6521428571373
sKC,2020-11-27,1496.27928571428
sKC,2020-11-28,1518.2899999999943
sKC,2020-11-29,1521.6071428571372
sKC,2020-11-30,1532.2178571428517
sKC,2020-12-01,1514.0278571428516
sKC,2020-12-02,1492.6649999999943
sKC,2020-12-03,1504.1435714285658
sKC,2020-12-04,1465.8199999999945
sKC,2020-12-05,1450.365714285709
sKC,2020-12-06,1443.1614285714234
sKC,2020-12-07,1455.0671428571375
sKC,2020-12-08,1433.6514285714234
sKC,2020-12-09,1417.2071428571376
sKC,2020-12-10,1506.556428571423
sKC,2020-12-11,1483.9999999999945
sKC,2020-12-12,1443.361428571423
sKC,2020-12-13,1432.2292857142802
sKC,2020-12-14,1392.2585714285658
sKC,2020-12-15,1373.8571428571372
sKC,2020-12-16,1363.4328571428516
sKC,2020-12-17,1338.4171428571372
sKC,2020-12-18,1303.7035714285655
sKC,2020-12-19,1283.1699999999942
sKC,2020-12-20,1275.439999999994
sKC,2020-12-21,1205.9278571428513
sKC,2020-12-22,1198.827142857137
sKC,2020-12-23,1172.4921428571372
sKC,2020-12-24,1119.1335714285658
sKC,2020-12-25,1024.243571428566
sKC,2020-12-26,1028.6271428571374
sKC,2020-12-27,1027.9521428571375
sKC,2020-12-28,1026.376428571423
sKC,2020-12-29,1034.3449999999946
sKC,2020-12-30,1034.1742857142801
sKC,2020-12-31,1031.0528571428517
sKC,2021-01-01,964.2828571428516
sKC,2021-01-02,1014.2807142857088
sKC,2021-01-03,1014.4664285714231
sKC,2021-01-04,1049.416428571423
sKC,2021-01-05,1059.9471428571374
sKC,2021-01-06,1091.0778571428516
sKC,2021-01-07,1142.9399999999946
sKC,2021-01-08,1216.5292857142801
sKC,2021-01-09,1204.1535714285658
sKC,2021-01-10,1201.8221428571374
sKC,2021-01-11,1177.6228571428514
sKC,2021-01-12,1139.5085714285658
sKC,2021-01-13,1098.4235714285658
sKC,2021-01-14,1063.23428571428
sKC,2021-01-15,1103.57928571428
sKC,2021-01-16,1043.2049999999942
sKC,2021-01-17,1040.4228571428514
sKC,2021-01-18,959.9749999999942
sKC,2021-01-19,922.9942857142798
sKC,2021-01-20,876.4242857142798
sKC,2021-01-21,831.1249999999942
sKC,2021-01-22,804.6942857142798
sKC,2021-01-23,781.679999999994
sKC,2021-01-24,778.0099999999941
sKC,2021-01-25,730.8607142857084
sKC,2021-01-26,708.5985714285655
sKC,2021-01-27,698.2378571428511
sKC,2021-01-28,675.6264285714226
sKC,2021-01-29,663.8121428571369
sKC,2021-01-30,655.209999999994
sKC,2021-01-31,651.4171428571369
sKC,2021-02-01,655.699999999994
sKC,2021-02-02,640.304999999994
sKC,2021-02-03,626.1257142857085
sKC,2021-02-04,612.7778571428513
sKC,2021-02-05,590.2199999999941
sKC,2021-02-06,574.457142857137
sKC,2021-02-07,568.2042857142799
sKC,2021-02-08,559.0292857142798
sKC,2021-02-09,553.697142857137
sKC,2021-02-10,539.3649999999941
sKC,2021-02-11,529.3042857142798
sKC,2021-02-12,513.7814285714227
sKC,2021-02-13,475.7935714285655
sKC,2021-02-14,461.68142857142266
sKC,2021-02-15,417.68714285713696
sKC,2021-02-16,407.8178571428512
sKC,2021-02-17,383.19642857142264
sKC,2021-02-18,371.14285714285126
sKC,2021-02-19,358.2592857142798
sKC,2021-02-20,350.23357142856554
sKC,2021-02-21,351.1057142857084
sKC,2021-02-22,336.38142857142276
sKC,2021-02-23,321.1835714285656
sKC,2021-02-24,310.6857142857084
sKC,2021-02-25,306.7735714285655
sKC,2021-02-26,297.4842857142798
sKC,2021-02-27,318.3957142857084
sKC,2021-02-28,321.6299999999941
sKC,2021-03-01,337.23214285713686
sKC,2021-03-02,322.75857142856546
sKC,2021-03-03,317.8314285714226
sKC,2021-03-04,305.1149999999939
sKC,2021-03-05,311.51999999999396
sKC,2021-03-06,304.2342857142797
sKC,2021-03-07,302.899999999994
sKC,2021-03-08,304.84785714285107
sKC,2021-03-09,311.0164285714225
sKC,2021-03-10,324.4664285714225
sKC,2021-03-11,329.75428571427966
sKC,2021-03-12,343.54285714285106
sKC,2021-03-13,343.01928571427965
sKC,2021-03-14,344.01357142856534
sKC,2021-03-15,357.3335714285654
sKC,2021-03-16,363.03714285713687
sKC,2021-03-17,378.139999999994
sKC,2021-03-18,397.93499999999403
sKC,2021-03-19,407.40428571427975
sKC,2021-03-20,420.3257142857083
sKC,2021-03-21,424.01357142856534
sKC,2021-03-22,448.8721428571368
sKC,2021-03-23,473.43214285713685
sKC,2021-03-24,490.04714285713686
sKC,2021-03-25,514.6721428571369
sKC,2021-03-26,531.8271428571369
sKC,2021-03-27,552.9221428571369
sKC,2021-03-28,558.2028571428511
sKC,2021-03-29,574.8099999999939
sKC,2021-03-30,598.2964285714226
sKC,2021-03-31,619.2749999999941
sKC,2021-04-01,636.5028571428511
sKC,2021-04-02,652.3028571428512
sKC,2021-04-03,663.2399999999941
sKC,2021-04-04,669.4242857142798
sKC,2021-04-05,670.3992857142797
sKC,2021-04-06,656.7921428571369
sKC,2021-04-07,657.2271428571369
sKC,2021-04-08,648.4935714285655
sKC,2021-04-09,651.074999999994
sKC,2021-04-10,641.2035714285654
sKC,2021-04-11,643.1371428571368
sKC,2021-04-12,655.6292857142798
sKC,2021-04-13,653.6014285714227
sKC,2021-04-14,663.7278571428513
sKC,2021-04-15,667.0235714285656
sKC,2021-04-16,672.967142857137
sKC,2021-04-17,681.8014285714227
sKC,2021-04-18,682.0135714285656
sKC,2021-04-19,701.7928571428513
sKC,2021-04-20,732.9464285714228
sKC,2021-04-21,750.1885714285655
sKC,2021-04-22,761.8449999999941
sKC,2021-04-23,767.6435714285656
sKC,2021-04-24,775.4728571428514
sKC,2021-04-25,776.1528571428513
sKC,2021-04-26,788.2864285714226
sKC,2021-04-27,815.1449999999941
sKC,2021-04-28,818.3914285714226
sKC,2021-04-29,835.7914285714224
sKC,2021-04-30,839.8257142857082
sKC,2021-05-01,823.672857142851
sKC,2021-05-02,825.5249999999936
sKC,2021-05-03,830.5235714285651
sKC,2021-05-04,814.4599999999937
sKC,2021-05-05,801.5742857142794
sKC,2021-05-06,790.2971428571366
sKC,2021-05-07,778.247857142851
sKC,2021-05-08,762.8321428571368
sKC,2021-05-09,757.5549999999939
sKC,2021-05-10,729.1235714285655
sKC,2021-05-11,691.7214285714225
sKC,2021-05-12,665.4185714285653
sKC,2021-05-13,623.7392857142796
sKC,2021-05-14,594.3235714285654
sKC,2021-05-15,586.259999999994
sKC,2021-05-16,576.8964285714226
sKC,2021-05-17,540.4214285714226
sKC,2021-05-18,512.4985714285655
sKC,2021-05-19,480.2771428571368
sKC,2021-05-20,452.54571428570824
sKC,2021-05-21,427.82285714285115
sKC,2021-05-22,418.56999999999397
sKC,2021-05-23,414.55285714285117
sKC,2021-05-24,382.6814285714226
sKC,2021-05-25,360.2914285714226
sKC,2021-05-26,335.4321428571369
sKC,2021-05-27,326.47499999999405
sKC,2021-05-28,313.35714285713686
sKC,2021-05-29,300.2557142857083
sKC,2021-05-30,294.42285714285117
sKC,2021-05-31,260.42928571427973
sKC,2021-06-01,251.83857142856547
sKC,2021-06-02,248.35357142856546
sKC,2021-06-03,240.52571428570835
sKC,2021-06-04,232.11071428570835
sKC,2021-06-05,223.8578571428512
sKC,2021-06-06,220.2228571428512
sKC,2021-06-07,208.70999999999407
sKC,2021-06-08,200.18928571427978
sKC,2021-06-09,193.20714285713692
sKC,2021-06-10,175.63499999999408
sKC,2021-06-11,169.9292857142798
sKC,2021-06-12,167.23071428570842
sKC,2021-06-13,167.48857142856556
sKC,2021-06-14,167.57857142856557
sKC,2021-06-15,154.36499999999415
sKC,2021-06-16,144.54928571427988
sKC,2021-06-17,138.45499999999416
sKC,2021-06-18,137.51428571427988
sKC,2021-06-19,137.06357142856558
sKC,2021-06-20,138.047142857137
sKC,2021-06-21,138.27142857142272
sKC,2021-06-22,129.752142857137
sKC,2021-06-23,127.832142857137
sKC,2021-06-24,132.13357142856557
sKC,2021-06-25,129.93928571427983
sKC,2021-06-26,125.02071428570842
sKC,2021-06-27,122.94857142856556
sKC,2021-06-28,117.99357142856556
sKC,2021-06-29,121.27999999999413
sKC,2021-06-30,122.22999999999413
sKC,2021-07-01,125.96071428570842
sKC,2021-07-02,124.71785714285127
sKC,2021-07-03,122.48428571427985
sKC,2021-07-04,122.62071428570842
sKC,2021-07-05,117.72714285713698
sKC,2021-07-06,127.99214285713698
sKC,2021-07-07,138.4478571428513
sKC,2021-07-08,144.43071428570843
sKC,2021-07-09,153.9328571428513
sKC,2021-07-10,169.34214285713702
sKC,2021-07-11,176.7828571428513
sKC,2021-07-12,190.5335714285656
sKC,2021-07-13,193.0228571428513
sKC,2021-07-14,209.71714285713702
sKC,2021-07-15,217.81714285713701
sKC,2021-07-16,231.72642857142273
sKC,2021-07-17,239.91285714285127
sKC,2021-07-18,243.8414285714227
sKC,2021-07-19,268.7107142857084
sKC,2021-07-20,280.3707142857084
sKC,2021-07-21,292.7978571428513
sKC,2021-07-22,308.99499999999415
sKC,2021-07-23,317.4592857142799
sKC,2021-07-24,333.72214285713704
sKC,2021-07-25,337.2571428571371
sKC,2021-07-26,359.96714285713705
sKC,2021-07-27,391.807142857137
sKC,2021-07-28,409.7014285714227
sKC,2021-07-29,449.56428571427983
sKC,2021-07-30,475.1199999999941
sKC,2021-07-31,495.1064285714227
sKC,2021-08-01,498.252142857137
sKC,2021-08-02,549.4899999999941
sKC,2021-08-03,587.2178571428512
sKC,2021-08-04,628.8678571428512
sKC,2021-08-05,675.747142857137
sKC,2021-08-06,724.6149999999941
sKC,2021-08-07,753.459999999994
sKC,2021-08-08,776.0778571428513
sKC,2021-08-09,840.2457142857083
sKC,2021-08-10,887.0428571428512
sKC,2021-08-11,933.122142857137
sKC,2021-08-12,950.4778571428512
sKC,2021-08-13,976.1228571428512
sKC,2021-08-14,1001.6821428571369
sKC,2021-08-15,1017.1199999999941
sKC,2021-08-16,1062.9621428571368
sKC,2021-08-17,1089.9321428571368
sKC,2021-08-18,1103.0492857142794
sKC,2021-08-19,1111.0128571428509
sKC,2021-08-20,1128.4164285714226
sKC,2021-08-21,1132.5299999999938
sKC,2021-08-22,1118.3521428571366
sKC,2021-08-23,1131.0764285714224
sKC,2021-08-24,1143.4335714285653
sKC,2021-08-25,1141.1064285714224
sKC,2021-08-26,1157.8228571428508
sKC,2021-08-27,1171.651428571422
sKC,2021-08-28,1171.7842857142791
sKC,2021-08-29,1175.2499999999934
sKC,2021-08-30,1161.016428571422
sKC,2021-08-31,1175.103571428565
sKC,2021-09-01,1177.6014285714223
sKC,2021-09-02,1181.0771428571363
sKC,2021-09-03,1171.837142857136
sKC,2021-09-04,1168.399285714279
sKC,2021-09-05,1168.3707142857077
sKC,2021-09-06,1104.6099999999933
sKC,2021-09-07,1141.1185714285648
sKC,2021-09-08,1156.212142857136
sKC,2021-09-09,1160.546428571422
sKC,2021-09-10,1154.7807142857075
sKC,2021-09-11,1158.964285714279
sKC,2021-09-12,1144.9399999999932
sKC,2021-09-13,1141.1649999999931
sKC,2021-09-14,1123.1878571428504
sKC,2021-09-15,1105.8878571428504
sKC,2021-09-16,1101.4221428571361
sKC,2021-09-17,1078.9378571428504
sKC,2021-09-18,1064.2399999999934
sKC,2021-09-19,1059.091428571422
sKC,2021-09-20,1107.8992857142791
sKC,2021-09-21,1055.8221428571362
sKC,2021-09-22,1034.5107142857075
sKC,2021-09-23,1014.5899999999934
sKC,2021-09-24,1005.626428571422
sKC,2021-09-25,994.7228571428506
sKC,2021-09-26,995.2957142857077
sKC,2021-09-27,993.0207142857078
sKC,2021-09-28,970.2285714285647
sKC,2021-09-29,970.3357142857076
sKC,2021-09-30,949.8149999999932
sKC,2021-10-01,966.3964285714218
sKC,2021-10-02,971.5735714285646
sKC,2021-10-03,968.9414285714217
sKC,2021-10-04,954.282142857136
sKC,2021-10-05,928.6457142857074
sKC,2021-10-06,918.4099999999933
sKC,2021-10-07,907.8671428571361
sKC,2021-10-08,887.2699999999933
sKC,2021-10-09,874.8885714285647
sKC,2021-10-10,871.2528571428504
sKC,2021-10-11,836.1242857142789
sKC,2021-10-12,836.2414285714219
sKC,2021-10-13,826.7699999999933
sKC,2021-10-14,823.6064285714218
sKC,2021-10-15,804.3192857142791
sKC,2021-10-16,796.249285714279
sKC,2021-10-17,797.0835714285648
sKC,2021-10-18,803.1542857142791
sKC,2021-10-19,795.8935714285648
sKC,2021-10-20,782.6178571428505
sKC,2021-10-21,780.7314285714219
sKC,2021-10-22,795.1235714285648
sKC,2021-10-23,796.9099999999934
sKC,2021-10-24,798.2307142857077
sKC,2021-10-25,812.6028571428506
sKC,2021-10-26,798.4299999999934
sKC,2021-10-27,794.1135714285648
sKC,2021-10-28,784.3728571428506
sKC,2021-10-29,773.1028571428506
sKC,2021-10-30,772.0142857142791
sKC,2021-10-31,767.2342857142792
sKC,2021-11-01,736.4285714285649
sKC,2021-11-02,737.531428571422
sKC,2021-11-03,721.5307142857076
sKC,2021-11-04,710.7242857142791
sKC,2021-11-05,685.3928571428504
sKC,2021-11-06,676.9485714285646
sKC,2021-11-07,676.9578571428502
sKC,2021-11-08,648.2149999999931
sKC,2021-11-09,634.2435714285646
sKC,2021-11-10,614.737142857136
sKC,2021-11-11,597.8749999999931
sKC,2021-11-12,590.6749999999931
sKC,2021-11-13,592.1185714285647
sKC,2021-11-14,590.7657142857076
sKC,2021-11-15,574.9828571428504
sKC,2021-11-16,568.3707142857077
sKC,2021-11-17,569.3628571428504
sKC,2021-11-18,556.6278571428504
sKC,2021-11-19,549.2185714285647
sKC,2021-11-20,540.7407142857076
sKC,2021-11-21,534.2607142857076
sKC,2021-11-22,517.6471428571363
sKC,2021-11-23,513.826428571422
sKC,2021-11-24,518.9257142857077
sKC,2021-11-25,486.2121428571363
sKC,2021-11-26,476.086428571422
sKC,2021-11-27,464.1928571428506
sKC,2021-11-28,468.0071428571363
sKC,2021-11-29,492.4728571428505
sKC,2021-11-30,491.60499999999337
sKC,2021-12-01,496.1792857142791
sKC,2021-12-02,496.93357142856485
sKC,2021-12-03,504.9514285714219
sKC,2021-12-04,499.6264285714219
sKC,2021-12-05,502.50428571427904
sKC,2021-12-06,503.1857142857076
sKC,2021-12-07,506.86999999999335
sKC,2021-12-08,501.07785714285046
sKC,2021-12-09,529.7149999999933
sKC,2021-12-10,537.2449999999933
sKC,2021-12-11,539.9699999999933
sKC,2021-12-12,544.6699999999934
sKC,2021-12-13,555.6092857142792
sKC,2021-12-14,591.156428571422
sKC,2021-12-15,640.1021428571363
sKC,2021-12-16,699.8385714285648
sKC,2021-12-17,774.2221428571363
sKC,2021-12-18,866.7842857142792
sKC,2021-12-19,903.0835714285649
sKC,2021-12-20,1133.638571428565
sKC,2021-12-21,1412.573571428565
sKC,2021-12-22,1719.1907142857078
sKC,2021-12-23,2045.8864285714221
sKC,2021-12-24,2304.807857142851
sKC,2021-12-25,2326.6278571428506
sKC,2021-12-26,2369.6971428571364
sKC,2021-12-27,2550.324285714279
sKC,2021-12-28,2902.6128571428503
sKC,2021-12-29,3509.1385714285652
sKC,2021-12-30,3820.633571428566
sKC,2021-12-31,4156.152142857138
sKC,2022-01-01,4196.438571428566
sKC,2022-01-02,4365.538571428566
sKC,2022-01-03,5022.19928571428
sKC,2022-01-04,5778.966428571423
sKC,2022-01-05,6391.771428571424
sKC,2022-01-06,6973.647857142852
sKC,2022-01-07,7564.956428571424
sKC,2022-01-08,8097.796428571424
sKC,2022-01-09,8288.639999999996
sKC,2022-01-10,9006.459285714282
sKC,2022-01-11,9422.389285714282
sKC,2022-01-12,9501.480714285712
sKC,2022-01-13,9863.912857142854
sKC,2022-01-14,10125.506428571427
sKC,2022-01-15,10432.059285714286
sKC,2022-01-16,10336.931428571426
sKC,2022-01-17,10000.635714285714
sKC,2022-01-18,9634.158571428572
sKC,2022-01-19,9234.252142857144
sKC,2022-01-20,8861.98
sKC,2022-01-21,8458.073571428571
sKC,2022-01-22,8192.606428571427
sKC,2022-01-23,8049.347857142855
sKC,2022-01-24,7548.776428571427
sKC,2022-01-25,7085.376428571426
sKC,2022-01-26,6624.674285714283
sKC,2022-01-27,6131.7428571428545
sKC,2022-01-28,5665.674999999997
sKC,2022-01-29,5351.624285714284
sKC,2022-01-30,5286.457142857141
sKC,2022-01-31,4974.909285714282
sKC,2022-02-01,4495.9985714285685
sKC,2022-02-02,4105.406428571426
sKC,2022-02-03,3696.555714285711
sKC,2022-02-04,3364.4392857142825
sKC,2022-02-05,3143.237857142854
sKC,2022-02-06,3082.4114285714263
sKC,2022-02-07,2768.056428571426
sKC,2022-02-08,2482.1614285714263
sKC,2022-02-09,2255.0428571428542
sKC,2022-02-10,2071.087857142855
sKC,2022-02-11,1901.5499999999975
sKC,2022-02-12,1809.081428571426
sKC,2022-02-13,1778.831428571426
sKC,2022-02-14,1591.939285714283
sKC,2022-02-15,1423.509285714283
sKC,2022-02-16,1314.014285714283
sKC,2022-02-17,1215.0985714285684
sKC,2022-02-18,1102.4607142857112
sKC,2022-02-19,1031.90714285714
sKC,2022-02-20,999.5885714285685
sKC,2022-02-21,874.1057142857113
sKC,2022-02-22,812.1835714285684
sKC,2022-02-23,756.1678571428541
sKC,2022-02-24,690.9807142857114
sKC,2022-02-25,646.2249999999971
sKC,2022-02-26,617.9249999999971
sKC,2022-02-27,605.5678571428542
sKC,2022-02-28,545.0678571428542
sKC,2022-03-01,507.9571428571399
sKC,2022-03-02,477.8299999999971
sKC,2022-03-03,441.3328571428542
sKC,2022-03-04,427.98928571428274
sKC,2022-03-05,404.36428571428274
sKC,2022-03-06,398.584999999997
